timeStamp,elapsed,label,responseCode,responseMessage,threadName,dataType,success,failureMessage,bytes,sentBytes,grpThreads,allThreads,URL,Latency,IdleTime,Connect
1789683499170,812,Login,200,OK,Thread Group 1-41,text,true,,770,325,211,211,https://restful-booker.herokuapp.com/auth,812,0,675
1789683499050,902,Login,200,OK,Thread Group 1-27,text,true,,770,325,205,205,https://restful-booker.herokuapp.com/auth,902,0,760
1789683498992,952,Login,200,OK,Thread Group 1-31,text,true,,770,325,204,204,https://restful-booker.herokuapp.com/auth,952,0,817
1789683499130,817,Login,200,OK,Thread Group 1-14,text,true,,770,325,205,205,https://restful-booker.herokuapp.com/auth,817,0,686
1789683499144,849,Login,200,OK,Thread Group 1-61,text,true,,770,325,213,213,https://restful-booker.herokuapp.com/auth,849,0,712
1789683498964,993,Login,200,OK,Thread Group 1-10,text,true,,770,325,207,207,https://restful-booker.herokuapp.com/auth,993,0,845
1789683498915,1026,Login,200,OK,Thread Group 1-49,text,true,,770,325,204,204,https://restful-booker.herokuapp.com/auth,1026,0,888
1789683499410,585,Login,200,OK,Thread Group 1-81,text,true,,770,325,213,213,https://restful-booker.herokuapp.com/auth,585,0,433
1789683498893,1064,Login,200,OK,Thread Group 1-21,text,true,,770,325,206,206,https://restful-booker.herokuapp.com/auth,1064,0,917
1789683499229,716,Login,200,OK,Thread Group 1-47,text,true,,770,325,204,204,https://restful-booker.herokuapp.com/auth,716,0,578
1789683499262,679,Login,200,OK,Thread Group 1-63,text,true,,770,325,204,204,https://restful-booker.herokuapp.com/auth,679,0,543
1789683499238,730,Login,200,OK,Thread Group 1-60,text,true,,771,327,208,208,https://restful-booker.herokuapp.com/auth,729,0,597
1789683499297,657,Login,200,OK,Thread Group 1-88,text,true,,770,325,206,206,https://restful-booker.herokuapp.com/auth,657,0,516
1789683499011,953,Login,200,OK,Thread Group 1-52,text,true,,770,325,208,208,https://restful-booker.herokuapp.com/auth,953,0,808
1789683499075,866,Login,200,OK,Thread Group 1-42,text,true,,770,325,204,204,https://restful-booker.herokuapp.com/auth,866,0,724
1789683499403,549,Login,200,OK,Thread Group 1-84,text,true,,770,325,205,205,https://restful-booker.herokuapp.com/auth,549,0,416
1789683499311,664,Login,200,OK,Thread Group 1-46,text,true,,770,325,210,210,https://restful-booker.herokuapp.com/auth,664,0,518
1789683499005,993,Login,200,OK,Thread Group 1-8,text,true,,770,325,214,214,https://restful-booker.herokuapp.com/auth,993,0,841
1789683499207,772,Login,200,OK,Thread Group 1-53,text,true,,770,325,210,210,https://restful-booker.herokuapp.com/auth,772,0,639
1789683498760,1210,Login,200,OK,Thread Group 1-1,text,true,,770,325,209,209,https://restful-booker.herokuapp.com/auth,1210,0,1060
1789683498823,1118,Login,200,OK,Thread Group 1-11,text,true,,770,325,204,204,https://restful-booker.herokuapp.com/auth,1118,0,976
1789683499118,857,Login,200,OK,Thread Group 1-48,text,true,,770,325,210,210,https://restful-booker.herokuapp.com/auth,857,0,720
1789683499406,557,Login,200,OK,Thread Group 1-78,text,true,,770,325,207,207,https://restful-booker.herokuapp.com/auth,557,0,420
1789683499067,925,Login,200,OK,Thread Group 1-26,text,true,,770,325,213,213,https://restful-booker.herokuapp.com/auth,925,0,794
1789683498952,996,Login,200,OK,Thread Group 1-25,text,true,,771,327,205,205,https://restful-booker.herokuapp.com/auth,996,0,855
1789683499246,708,Login,200,OK,Thread Group 1-92,text,true,,770,325,206,206,https://restful-booker.herokuapp.com/auth,708,0,566
1789683499072,910,Login,200,OK,Thread Group 1-29,text,true,,770,325,211,211,https://restful-booker.herokuapp.com/auth,910,0,775
1789683499070,874,Login,200,OK,Thread Group 1-7,text,true,,770,325,204,204,https://restful-booker.herokuapp.com/auth,874,0,736
1789683499018,980,Login,200,OK,Thread Group 1-9,text,true,,770,325,214,214,https://restful-booker.herokuapp.com/auth,980,0,829
1789683498761,1189,Login,200,OK,Thread Group 1-4,text,true,,770,325,205,205,https://restful-booker.herokuapp.com/auth,1189,0,1048
1789683499236,749,Login,200,OK,Thread Group 1-70,text,true,,771,327,212,212,https://restful-booker.herokuapp.com/auth,749,0,617
1789683499212,734,Login,200,OK,Thread Group 1-62,text,true,,770,325,205,205,https://restful-booker.herokuapp.com/auth,734,0,596
1789683499422,562,Login,200,OK,Thread Group 1-91,text,true,,770,325,212,212,https://restful-booker.herokuapp.com/auth,562,0,426
1789683498976,965,Login,200,OK,Thread Group 1-16,text,true,,770,325,204,204,https://restful-booker.herokuapp.com/auth,965,0,823
1789683498760,1180,Login,200,OK,Thread Group 1-15,text,true,,771,327,204,204,https://restful-booker.herokuapp.com/auth,1180,0,1044
1789683499424,578,Login,200,OK,Thread Group 1-104,text,true,,770,325,214,214,https://restful-booker.herokuapp.com/auth,578,0,424
1789683498760,1184,Login,200,OK,Thread Group 1-3,text,true,,770,325,204,204,https://restful-booker.herokuapp.com/auth,1183,0,1050
1789683499272,706,Login,200,OK,Thread Group 1-87,text,true,,770,325,210,210,https://restful-booker.herokuapp.com/auth,706,0,558
1789683499217,746,Login,200,OK,Thread Group 1-36,text,true,,770,325,207,207,https://restful-booker.herokuapp.com/auth,746,0,609
1789683498902,1046,Login,200,OK,Thread Group 1-20,text,true,,771,327,205,205,https://restful-booker.herokuapp.com/auth,1046,0,908
1789683498857,1128,Login,200,OK,Thread Group 1-24,text,true,,770,325,212,212,https://restful-booker.herokuapp.com/auth,1128,0,979
1789683499097,849,Login,200,OK,Thread Group 1-33,text,true,,770,325,205,205,https://restful-booker.herokuapp.com/auth,849,0,711
1789683498869,1078,Login,200,OK,Thread Group 1-19,text,true,,770,325,205,205,https://restful-booker.herokuapp.com/auth,1078,0,938
1789683499016,925,Login,200,OK,Thread Group 1-22,text,true,,770,325,204,204,https://restful-booker.herokuapp.com/auth,925,0,790
1789683499081,873,Login,200,OK,Thread Group 1-38,text,true,,770,325,206,206,https://restful-booker.herokuapp.com/auth,873,0,729
1789683499368,600,Login,200,OK,Thread Group 1-73,text,true,,770,325,209,209,https://restful-booker.herokuapp.com/auth,600,0,466
1789683499360,603,Login,200,OK,Thread Group 1-57,text,true,,770,325,207,207,https://restful-booker.herokuapp.com/auth,602,0,459
1789683499400,582,Login,200,OK,Thread Group 1-107,text,true,,770,325,211,211,https://restful-booker.herokuapp.com/auth,582,0,435
1789683499201,812,Login,200,OK,Thread Group 1-45,text,true,,771,327,203,203,https://restful-booker.herokuapp.com/auth,812,0,652
1789683499199,818,Login,200,OK,Thread Group 1-74,text,true,,770,325,202,202,https://restful-booker.herokuapp.com/auth,818,0,663
1789683499437,580,Login,200,OK,Thread Group 1-86,text,true,,770,325,202,202,https://restful-booker.herokuapp.com/auth,580,0,426
1789683499062,955,Login,200,OK,Thread Group 1-32,text,true,,770,325,202,202,https://restful-booker.herokuapp.com/auth,955,0,801
1789683499441,589,Login,200,OK,Thread Group 1-80,text,true,,771,327,203,203,https://restful-booker.herokuapp.com/auth,589,0,430
1789683499316,727,Login,200,OK,Thread Group 1-71,text,true,,770,325,206,206,https://restful-booker.herokuapp.com/auth,727,0,593
1789683499510,554,Login,200,OK,Thread Group 1-114,text,true,,770,325,209,209,https://restful-booker.herokuapp.com/auth,554,0,418
1789683499298,788,Login,200,OK,Thread Group 1-85,text,true,,771,327,214,214,https://restful-booker.herokuapp.com/auth,788,0,634
1789683499506,583,Login,200,OK,Thread Group 1-110,text,true,,771,327,213,213,https://restful-booker.herokuapp.com/auth,583,0,449
1789683499284,806,Login,200,OK,Thread Group 1-66,text,true,,770,325,213,213,https://restful-booker.herokuapp.com/auth,806,0,650
1789683499308,783,Login,200,OK,Thread Group 1-58,text,true,,770,325,214,214,https://restful-booker.herokuapp.com/auth,783,0,649
1789683499555,537,Login,200,OK,Thread Group 1-116,text,true,,770,325,214,214,https://restful-booker.herokuapp.com/auth,537,0,406
1789683499479,614,Login,200,OK,Thread Group 1-101,text,true,,770,325,214,214,https://restful-booker.herokuapp.com/auth,614,0,470
1789683499282,816,Login,200,OK,Thread Group 1-69,text,true,,770,325,215,215,https://restful-booker.herokuapp.com/auth,816,0,679
1789683499510,597,Login,200,OK,Thread Group 1-97,text,true,,770,325,215,215,https://restful-booker.herokuapp.com/auth,597,0,464
1789683499575,542,Login,200,OK,Thread Group 1-123,text,true,,770,325,217,217,https://restful-booker.herokuapp.com/auth,542,0,407
1789683499507,610,Login,200,OK,Thread Group 1-103,text,true,,770,325,217,217,https://restful-booker.herokuapp.com/auth,610,0,464
1789683499083,1034,Login,200,OK,Thread Group 1-59,text,true,,770,325,217,217,https://restful-booker.herokuapp.com/auth,1034,0,886
1789683499472,645,Login,200,OK,Thread Group 1-79,text,true,,770,325,217,217,https://restful-booker.herokuapp.com/auth,645,0,489
1789683499586,532,Login,200,OK,Thread Group 1-76,text,true,,770,325,217,217,https://restful-booker.herokuapp.com/auth,532,0,400
1789683499569,549,Login,200,OK,Thread Group 1-138,text,true,,770,325,217,217,https://restful-booker.herokuapp.com/auth,549,0,411
1789683499537,580,Login,200,OK,Thread Group 1-95,text,true,,771,327,217,217,https://restful-booker.herokuapp.com/auth,580,0,439
1789683499362,761,Login,200,OK,Thread Group 1-75,text,true,,771,327,215,215,https://restful-booker.herokuapp.com/auth,761,0,628
1789683499567,573,Login,200,OK,Thread Group 1-93,text,true,,770,325,217,217,https://restful-booker.herokuapp.com/auth,573,0,438
1789683499537,609,Login,200,OK,Thread Group 1-127,text,true,,770,325,218,218,https://restful-booker.herokuapp.com/auth,609,0,470
1789683499606,542,Login,200,OK,Thread Group 1-113,text,true,,770,325,219,219,https://restful-booker.herokuapp.com/auth,542,0,409
1789683499598,573,Login,200,OK,Thread Group 1-108,text,true,,770,325,222,222,https://restful-booker.herokuapp.com/auth,573,0,434
1789683499598,577,Login,200,OK,Thread Group 1-111,text,true,,770,325,223,223,https://restful-booker.herokuapp.com/auth,577,0,434
1789683499599,592,Login,200,OK,Thread Group 1-115,text,true,,771,327,226,226,https://restful-booker.herokuapp.com/auth,592,0,446
1789683499697,542,Login,200,OK,Thread Group 1-124,text,true,,770,325,234,234,https://restful-booker.herokuapp.com/auth,542,0,406
1789683499715,549,Login,200,OK,Thread Group 1-106,text,true,,770,325,238,238,https://restful-booker.herokuapp.com/auth,549,0,415
1789683500127,138,CreateBooking,200,OK,Thread Group 1-61,text,true,,943,520,238,238,https://restful-booker.herokuapp.com/booking,138,0,0
1789683499732,536,Login,200,OK,Thread Group 1-133,text,true,,770,325,239,239,https://restful-booker.herokuapp.com/auth,536,0,405
1789683500137,134,CreateBooking,200,OK,Thread Group 1-63,text,true,,944,521,239,239,https://restful-booker.herokuapp.com/booking,134,0,0
1789683499616,664,Login,200,OK,Thread Group 1-117,text,true,,770,325,241,241,https://restful-booker.herokuapp.com/auth,664,0,515
1789683499710,572,Login,200,OK,Thread Group 1-150,text,true,,771,327,241,241,https://restful-booker.herokuapp.com/auth,572,0,428
1789683499749,552,Login,200,OK,Thread Group 1-139,text,true,,770,325,244,244,https://restful-booker.herokuapp.com/auth,552,0,417
1789683499726,577,Login,200,OK,Thread Group 1-128,text,true,,770,325,245,245,https://restful-booker.herokuapp.com/auth,577,0,429
1789683499767,541,Login,200,OK,Thread Group 1-119,text,true,,770,325,245,245,https://restful-booker.herokuapp.com/auth,541,0,407
1789683500171,137,CreateBooking,200,OK,Thread Group 1-31,text,true,,941,518,245,245,https://restful-booker.herokuapp.com/booking,137,0,0
1789683500179,134,CreateBooking,200,OK,Thread Group 1-97,text,true,,944,521,246,246,https://restful-booker.herokuapp.com/booking,134,0,0
1789683499756,556,Login,200,OK,Thread Group 1-134,text,true,,770,325,246,246,https://restful-booker.herokuapp.com/auth,556,0,419
1789683499728,588,Login,200,OK,Thread Group 1-140,text,true,,771,327,246,246,https://restful-booker.herokuapp.com/auth,588,0,439
1789683499731,588,Login,200,OK,Thread Group 1-145,text,true,,771,327,247,247,https://restful-booker.herokuapp.com/auth,588,0,438
1789683500170,149,CreateBooking,200,OK,Thread Group 1-88,text,true,,943,520,247,247,https://restful-booker.herokuapp.com/booking,149,0,0
1789683500187,134,CreateBooking,200,OK,Thread Group 1-114,text,true,,941,518,246,246,https://restful-booker.herokuapp.com/booking,134,0,0
1789683499724,597,Login,200,OK,Thread Group 1-147,text,true,,770,325,246,246,https://restful-booker.herokuapp.com/auth,597,0,445
1789683499791,538,Login,200,OK,Thread Group 1-142,text,true,,770,325,248,248,https://restful-booker.herokuapp.com/auth,538,0,406
1789683499790,544,Login,200,OK,Thread Group 1-143,text,true,,770,325,248,248,https://restful-booker.herokuapp.com/auth,544,0,412
1789683499802,537,Login,200,OK,Thread Group 1-137,text,true,,770,325,249,249,https://restful-booker.herokuapp.com/auth,537,0,407
1789683500212,132,CreateBooking,200,OK,Thread Group 1-9,text,true,,944,521,249,249,https://restful-booker.herokuapp.com/booking,132,0,0
1789683499776,573,Login,200,OK,Thread Group 1-154,text,true,,770,325,250,250,https://restful-booker.herokuapp.com/auth,573,0,439
1789683499762,597,Login,200,OK,Thread Group 1-149,text,true,,770,325,252,252,https://restful-booker.herokuapp.com/auth,597,0,455
1789683499829,538,Login,200,OK,Thread Group 1-157,text,true,,770,325,252,252,https://restful-booker.herokuapp.com/auth,538,0,405
1789683500227,140,CreateBooking,200,OK,Thread Group 1-20,text,true,,945,522,252,252,https://restful-booker.herokuapp.com/booking,140,0,0
1789683500234,133,CreateBooking,200,OK,Thread Group 1-84,text,true,,944,521,252,252,https://restful-booker.herokuapp.com/booking,133,0,0
1789683500246,132,CreateBooking,200,OK,Thread Group 1-14,text,true,,941,518,254,254,https://restful-booker.herokuapp.com/booking,132,0,0
1789683499809,569,Login,200,OK,Thread Group 1-162,text,true,,770,325,254,254,https://restful-booker.herokuapp.com/auth,569,0,430
1789683499850,535,Login,200,OK,Thread Group 1-132,text,true,,770,325,255,255,https://restful-booker.herokuapp.com/auth,535,0,404
1789683500258,131,CreateBooking,200,OK,Thread Group 1-76,text,true,,944,521,254,254,https://restful-booker.herokuapp.com/booking,131,0,0
1789683500258,138,CreateBooking,200,OK,Thread Group 1-46,text,true,,943,520,255,255,https://restful-booker.herokuapp.com/booking,138,0,0
1789683499855,546,Login,200,OK,Thread Group 1-141,text,true,,770,325,256,256,https://restful-booker.herokuapp.com/auth,546,0,411
1789683499816,588,Login,200,OK,Thread Group 1-129,text,true,,770,325,257,257,https://restful-booker.herokuapp.com/auth,588,0,449
1789683500277,135,CreateBooking,200,OK,Thread Group 1-74,text,true,,944,521,257,257,https://restful-booker.herokuapp.com/booking,135,0,0
1789683500272,140,CreateBooking,200,OK,Thread Group 1-47,text,true,,944,521,257,257,https://restful-booker.herokuapp.com/booking,140,0,0
1789683500280,133,CreateBooking,200,OK,Thread Group 1-116,text,true,,944,521,257,257,https://restful-booker.herokuapp.com/booking,133,0,0
1789683500280,134,CreateBooking,200,OK,Thread Group 1-73,text,true,,944,521,257,257,https://restful-booker.herokuapp.com/booking,134,0,0
1789683500282,134,CreateBooking,200,OK,Thread Group 1-38,text,true,,945,522,258,258,https://restful-booker.herokuapp.com/booking,134,0,0
1789683499862,555,Login,200,OK,Thread Group 1-126,text,true,,770,325,258,258,https://restful-booker.herokuapp.com/auth,555,0,418
1789683500287,133,CreateBooking,200,OK,Thread Group 1-11,text,true,,944,521,259,259,https://restful-booker.herokuapp.com/booking,133,0,0
1789683500287,134,CreateBooking,200,OK,Thread Group 1-86,text,true,,943,520,259,259,https://restful-booker.herokuapp.com/booking,134,0,0
1789683500291,132,CreateBooking,200,OK,Thread Group 1-53,text,true,,944,521,259,259,https://restful-booker.herokuapp.com/booking,132,0,0
1789683500291,134,CreateBooking,200,OK,Thread Group 1-104,text,true,,944,521,260,260,https://restful-booker.herokuapp.com/booking,134,0,0
1789683500289,136,CreateBooking,200,OK,Thread Group 1-41,text,true,,943,520,260,260,https://restful-booker.herokuapp.com/booking,136,0,0
1789683500291,138,CreateBooking,200,OK,Thread Group 1-91,text,true,,945,522,260,260,https://restful-booker.herokuapp.com/booking,138,0,0
1789683500295,136,CreateBooking,200,OK,Thread Group 1-110,text,true,,944,521,261,261,https://restful-booker.herokuapp.com/booking,136,0,0
1789683499887,547,Login,200,OK,Thread Group 1-158,text,true,,770,325,261,261,https://restful-booker.herokuapp.com/auth,547,0,413
1789683500299,135,CreateBooking,200,OK,Thread Group 1-26,text,true,,944,521,261,261,https://restful-booker.herokuapp.com/booking,135,0,0
1789683500304,132,CreateBooking,200,OK,Thread Group 1-33,text,true,,941,518,261,261,https://restful-booker.herokuapp.com/booking,132,0,0
1789683500307,131,CreateBooking,200,OK,Thread Group 1-101,text,true,,941,518,262,262,https://restful-booker.herokuapp.com/booking,131,0,0
1789683500308,133,CreateBooking,200,OK,Thread Group 1-27,text,true,,945,522,262,262,https://restful-booker.herokuapp.com/booking,133,0,0
1789683500313,131,CreateBooking,200,OK,Thread Group 1-107,text,true,,944,521,263,263,https://restful-booker.herokuapp.com/booking,131,0,0
1789683500314,132,CreateBooking,200,OK,Thread Group 1-81,text,true,,945,522,263,263,https://restful-booker.herokuapp.com/booking,132,0,0
1789683499908,543,Login,200,OK,Thread Group 1-148,text,true,,770,325,264,264,https://restful-booker.herokuapp.com/auth,543,0,409
1789683499866,586,Login,200,OK,Thread Group 1-159,text,true,,770,325,264,264,https://restful-booker.herokuapp.com/auth,586,0,453
1789683500320,132,CreateBooking,200,OK,Thread Group 1-57,text,true,,941,518,264,264,https://restful-booker.herokuapp.com/booking,132,0,0
1789683500323,133,CreateBooking,200,OK,Thread Group 1-70,text,true,,941,518,264,264,https://restful-booker.herokuapp.com/booking,133,0,0
1789683500322,134,CreateBooking,200,OK,Thread Group 1-93,text,true,,944,521,264,264,https://restful-booker.herokuapp.com/booking,134,0,0
1789683499907,552,Login,200,OK,Thread Group 1-151,text,true,,770,325,264,264,https://restful-booker.herokuapp.com/auth,552,0,416
1789683500328,136,CreateBooking,200,OK,Thread Group 1-80,text,true,,945,522,265,265,https://restful-booker.herokuapp.com/booking,136,0,0
1789683500334,133,CreateBooking,200,OK,Thread Group 1-24,text,true,,943,520,266,266,https://restful-booker.herokuapp.com/booking,133,0,0
1789683500331,138,CreateBooking,200,OK,Thread Group 1-78,text,true,,941,518,266,266,https://restful-booker.herokuapp.com/booking,138,0,0
1789683499899,570,Login,200,OK,Thread Group 1-160,text,true,,771,327,266,266,https://restful-booker.herokuapp.com/auth,570,0,439
1789683500333,136,CreateBooking,200,OK,Thread Group 1-36,text,true,,944,521,266,266,https://restful-booker.herokuapp.com/booking,136,0,0
1789683500339,132,CreateBooking,200,OK,Thread Group 1-60,text,true,,945,522,266,266,https://restful-booker.herokuapp.com/booking,132,0,0
1789683500355,133,CreateBooking,200,OK,Thread Group 1-4,text,true,,941,518,270,270,https://restful-booker.herokuapp.com/booking,133,0,0
1789683500352,138,CreateBooking,200,OK,Thread Group 1-48,text,true,,943,520,270,270,https://restful-booker.herokuapp.com/booking,138,0,0
1789683500357,136,Get Booking,200,OK,Thread Group 1-61,text,true,,914,253,271,271,https://restful-booker.herokuapp.com/booking/4044,136,0,0
1789683499302,1198,Login,200,OK,Thread Group 1-99,text,true,,770,325,272,272,https://restful-booker.herokuapp.com/auth,1198,0,1065
1789683499956,546,Login,200,OK,Thread Group 1-146,text,true,,770,325,271,271,https://restful-booker.herokuapp.com/auth,546,0,412
1789683499931,575,Login,200,OK,Thread Group 1-161,text,true,,770,325,272,272,https://restful-booker.herokuapp.com/auth,575,0,443
1789683499915,592,Login,200,OK,Thread Group 1-144,text,true,,770,325,272,272,https://restful-booker.herokuapp.com/auth,592,0,460
1789683500375,132,CreateBooking,200,OK,Thread Group 1-16,text,true,,944,521,272,272,https://restful-booker.herokuapp.com/booking,132,0,0
1789683499915,593,Login,200,OK,Thread Group 1-135,text,true,,771,327,272,272,https://restful-booker.herokuapp.com/auth,593,0,460
1789683499941,571,Login,200,OK,Thread Group 1-156,text,true,,770,325,272,272,https://restful-booker.herokuapp.com/auth,571,0,437
1789683500377,134,CreateBooking,200,OK,Thread Group 1-8,text,true,,943,520,272,272,https://restful-booker.herokuapp.com/booking,134,0,0
1789683499962,552,Login,200,OK,Thread Group 1-152,text,true,,770,325,273,273,https://restful-booker.herokuapp.com/auth,552,0,416
1789683500387,135,CreateBooking,200,OK,Thread Group 1-87,text,true,,944,521,273,273,https://restful-booker.herokuapp.com/booking,135,0,0
1789683500385,137,CreateBooking,200,OK,Thread Group 1-21,text,true,,944,521,273,273,https://restful-booker.herokuapp.com/booking,137,0,0
1789683499971,560,Login,200,OK,Thread Group 1-175,text,true,,771,327,275,275,https://restful-booker.herokuapp.com/auth,560,0,429
1789683499973,568,Login,200,OK,Thread Group 1-170,text,true,,771,327,275,275,https://restful-booker.herokuapp.com/auth,568,0,427
1789683499270,1273,Login,200,OK,Thread Group 1-50,text,true,,771,327,276,276,https://restful-booker.herokuapp.com/auth,1272,0,1137
1789683500416,134,CreateBooking,200,OK,Thread Group 1-124,text,true,,944,521,277,277,https://restful-booker.herokuapp.com/booking,134,0,0
1789683499999,553,Login,200,OK,Thread Group 1-186,text,true,,770,325,278,278,https://restful-booker.herokuapp.com/auth,553,0,417
1789683500035,531,Login,200,OK,Thread Group 1-164,text,true,,770,325,280,280,https://restful-booker.herokuapp.com/auth,531,0,400
1789683500434,140,CreateBooking,200,OK,Thread Group 1-1,text,true,,945,522,282,282,https://restful-booker.herokuapp.com/booking,140,0,0
1789683500043,537,Login,200,OK,Thread Group 1-179,text,true,,770,325,283,283,https://restful-booker.herokuapp.com/auth,537,0,404
1789683500445,137,CreateBooking,200,OK,Thread Group 1-127,text,true,,943,520,282,282,https://restful-booker.herokuapp.com/booking,137,0,0
1789683500028,555,Login,200,OK,Thread Group 1-177,text,true,,770,325,282,282,https://restful-booker.herokuapp.com/auth,555,0,419
1789683500451,134,CreateBooking,200,OK,Thread Group 1-66,text,true,,943,520,283,283,https://restful-booker.herokuapp.com/booking,134,0,0
1789683500455,138,CreateBooking,200,OK,Thread Group 1-103,text,true,,945,522,284,284,https://restful-booker.herokuapp.com/booking,138,0,0
1789683500061,535,Login,200,OK,Thread Group 1-165,text,true,,770,325,285,285,https://restful-booker.herokuapp.com/auth,535,0,403
1789683500463,134,CreateBooking,200,OK,Thread Group 1-111,text,true,,941,518,285,285,https://restful-booker.herokuapp.com/booking,134,0,0
1789683500071,531,Login,200,OK,Thread Group 1-167,text,true,,770,325,286,286,https://restful-booker.herokuapp.com/auth,531,0,401
1789683500473,132,CreateBooking,200,OK,Thread Group 1-133,text,true,,945,522,287,287,https://restful-booker.herokuapp.com/booking,132,0,0
1789683500475,135,CreateBooking,200,OK,Thread Group 1-113,text,true,,945,522,288,288,https://restful-booker.herokuapp.com/booking,135,0,0
1789683500065,551,Login,200,OK,Thread Group 1-173,text,true,,770,325,289,289,https://restful-booker.herokuapp.com/auth,551,0,420
1789683500064,563,Login,200,OK,Thread Group 1-182,text,true,,770,325,291,291,https://restful-booker.herokuapp.com/auth,563,0,427
1789683500496,134,CreateBooking,200,OK,Thread Group 1-58,text,true,,945,522,291,291,https://restful-booker.herokuapp.com/booking,134,0,0
1789683500501,134,CreateBooking,200,OK,Thread Group 1-71,text,true,,944,521,291,291,https://restful-booker.herokuapp.com/booking,134,0,0
1789683500507,134,CreateBooking,200,OK,Thread Group 1-123,text,true,,943,520,293,293,https://restful-booker.herokuapp.com/booking,133,0,0
1789683500065,579,Login,200,OK,Thread Group 1-199,text,true,,770,325,293,293,https://restful-booker.herokuapp.com/auth,579,0,435
1789683500101,543,Login,200,OK,Thread Group 1-187,text,true,,770,325,293,293,https://restful-booker.herokuapp.com/auth,543,0,409
1789683500509,135,CreateBooking,200,OK,Thread Group 1-138,text,true,,941,518,293,293,https://restful-booker.herokuapp.com/booking,135,0,0
1789683500086,576,Login,200,OK,Thread Group 1-191,text,true,,770,325,295,295,https://restful-booker.herokuapp.com/auth,576,0,430
1789683500531,133,Get Booking,200,OK,Thread Group 1-63,text,true,,915,253,296,296,https://restful-booker.herokuapp.com/booking/4045,133,0,0
1789683500516,149,CreateBooking,200,OK,Thread Group 1-117,text,true,,944,521,296,296,https://restful-booker.herokuapp.com/booking,149,0,0
1789683500128,547,Login,200,OK,Thread Group 1-163,text,true,,771,327,298,298,https://restful-booker.herokuapp.com/auth,547,0,410
1789683500126,549,Login,200,OK,Thread Group 1-169,text,true,,770,325,298,298,https://restful-booker.herokuapp.com/auth,549,0,412
1789683500142,539,Login,200,OK,Thread Group 1-207,text,true,,770,325,297,297,https://restful-booker.herokuapp.com/auth,539,0,407
1789683500148,539,Login,200,OK,Thread Group 1-184,text,true,,770,325,298,298,https://restful-booker.herokuapp.com/auth,539,0,405
1789683500546,151,Get Booking,200,OK,Thread Group 1-88,text,true,,914,253,299,299,https://restful-booker.herokuapp.com/booking/4046,151,0,0
1789683500125,575,Login,200,OK,Thread Group 1-211,text,true,,770,325,300,300,https://restful-booker.herokuapp.com/auth,575,0,424
1789683500571,136,Get Booking,200,OK,Thread Group 1-73,text,true,,915,253,301,301,https://restful-booker.herokuapp.com/booking/4061,136,0,0
1789683500164,542,Login,200,OK,Thread Group 1-181,text,true,,770,325,301,301,https://restful-booker.herokuapp.com/auth,542,0,408
1789683500577,134,Get Booking,200,OK,Thread Group 1-31,text,true,,912,253,302,302,https://restful-booker.herokuapp.com/booking/4047,134,0,0
1789683500139,576,Login,200,OK,Thread Group 1-194,text,true,,770,325,303,303,https://restful-booker.herokuapp.com/auth,576,0,421
1789683500175,540,Login,200,OK,Thread Group 1-200,text,true,,771,327,303,303,https://restful-booker.herokuapp.com/auth,540,0,403
1789683500138,578,Login,200,OK,Thread Group 1-225,text,true,,771,327,303,303,https://restful-booker.herokuapp.com/auth,578,0,434
1789683500152,566,Login,200,OK,Thread Group 1-209,text,true,,770,325,302,302,https://restful-booker.herokuapp.com/auth,566,0,424
1789683500142,577,Login,200,OK,Thread Group 1-183,text,true,,770,325,302,302,https://restful-booker.herokuapp.com/auth,577,0,434
1789683500587,133,Get Booking,200,OK,Thread Group 1-16,text,true,,915,253,302,302,https://restful-booker.herokuapp.com/booking/4088,133,0,0
1789683500586,135,CreateBooking,200,OK,Thread Group 1-106,text,true,,943,520,302,302,https://restful-booker.herokuapp.com/booking,134,0,0
1789683500169,557,Login,200,OK,Thread Group 1-178,text,true,,770,325,303,303,https://restful-booker.herokuapp.com/auth,557,0,422
1789683500594,133,Get Booking,200,OK,Thread Group 1-27,text,true,,916,253,303,303,https://restful-booker.herokuapp.com/booking/4074,133,0,0
1789683500600,132,CreateBooking,200,OK,Thread Group 1-108,text,true,,944,521,304,304,https://restful-booker.herokuapp.com/booking,132,0,0
1789683500602,134,CreateBooking,200,OK,Thread Group 1-140,text,true,,944,521,305,305,https://restful-booker.herokuapp.com/booking,134,0,0
1789683500607,133,Get Booking,200,OK,Thread Group 1-107,text,true,,915,253,306,306,https://restful-booker.herokuapp.com/booking/4076,133,0,0
1789683500608,134,Get Booking,200,OK,Thread Group 1-9,text,true,,915,253,306,306,https://restful-booker.herokuapp.com/booking/4052,134,0,0
1789683500606,136,CreateBooking,200,OK,Thread Group 1-157,text,true,,944,521,306,306,https://restful-booker.herokuapp.com/booking,136,0,0
1789683500611,136,CreateBooking,200,OK,Thread Group 1-126,text,true,,944,521,307,307,https://restful-booker.herokuapp.com/booking,136,0,0
1789683500625,133,CreateBooking,200,OK,Thread Group 1-119,text,true,,943,520,309,309,https://restful-booker.herokuapp.com/booking,133,0,0
1789683500222,542,Login,200,OK,Thread Group 1-229,text,true,,770,325,310,310,https://restful-booker.herokuapp.com/auth,542,0,406
1789683500634,132,Get Booking,200,OK,Thread Group 1-84,text,true,,915,253,310,310,https://restful-booker.herokuapp.com/booking/4055,132,0,0
1789683500235,542,Login,200,OK,Thread Group 1-188,text,true,,770,325,311,311,https://restful-booker.herokuapp.com/auth,541,0,407
1789683500225,552,Login,200,OK,Thread Group 1-204,text,true,,770,325,312,312,https://restful-booker.herokuapp.com/auth,552,0,415
1789683500651,131,Get Booking,200,OK,Thread Group 1-20,text,true,,916,253,313,313,https://restful-booker.herokuapp.com/booking/4053,131,0,0
1789683500652,131,Get Booking,200,OK,Thread Group 1-70,text,true,,912,253,313,313,https://restful-booker.herokuapp.com/booking/4080,131,0,0
1789683500647,136,CreateBooking,200,OK,Thread Group 1-147,text,true,,941,518,313,313,https://restful-booker.herokuapp.com/booking,136,0,0
1789683500244,551,Login,200,OK,Thread Group 1-195,text,true,,771,327,314,314,https://restful-booker.herokuapp.com/auth,551,0,418
1789683500247,548,Login,200,OK,Thread Group 1-189,text,true,,770,325,314,314,https://restful-booker.herokuapp.com/auth,548,0,414
1789683500244,557,Login,200,OK,Thread Group 1-216,text,true,,770,325,312,312,https://restful-booker.herokuapp.com/auth,557,0,424
1789683500250,553,Login,200,OK,Thread Group 1-212,text,true,,770,325,313,313,https://restful-booker.herokuapp.com/auth,553,0,417
1789683500675,133,Get Booking,200,OK,Thread Group 1-114,text,true,,912,253,313,313,https://restful-booker.herokuapp.com/booking/4049,133,0,0
1789683500681,131,CreateBooking,200,OK,Thread Group 1-150,text,true,,941,518,313,313,https://restful-booker.herokuapp.com/booking,131,0,0
1789683500266,547,Login,200,OK,Thread Group 1-193,text,true,,770,325,314,314,https://restful-booker.herokuapp.com/auth,547,0,410
1789683500270,544,Login,200,OK,Thread Group 1-218,text,true,,770,325,314,314,https://restful-booker.herokuapp.com/auth,544,0,409
1789683500277,541,Login,200,OK,Thread Group 1-224,text,true,,770,325,315,315,https://restful-booker.herokuapp.com/auth,541,0,410
1789683500685,135,CreateBooking,200,OK,Thread Group 1-134,text,true,,945,522,315,315,https://restful-booker.herokuapp.com/booking,135,0,0
1789683500689,133,Get Booking,200,OK,Thread Group 1-53,text,true,,915,253,315,315,https://restful-booker.herokuapp.com/booking/4067,133,0,0
1789683500689,136,Get Booking,200,OK,Thread Group 1-97,text,true,,915,253,316,316,https://restful-booker.herokuapp.com/booking/4048,136,0,0
1789683500702,135,Get Booking,200,OK,Thread Group 1-101,text,true,,912,253,318,318,https://restful-booker.herokuapp.com/booking/4073,135,0,0
1789683500700,138,Get Booking,200,OK,Thread Group 1-33,text,true,,912,253,318,318,https://restful-booker.herokuapp.com/booking/4072,138,0,0
1789683500712,131,Get Booking,200,OK,Thread Group 1-116,text,true,,915,253,319,319,https://restful-booker.herokuapp.com/booking/4062,131,0,0
1789683500315,537,Login,200,OK,Thread Group 1-231,text,true,,770,325,320,320,https://restful-booker.herokuapp.com/auth,537,0,404
1789683500318,535,Login,200,OK,Thread Group 1-217,text,true,,770,325,321,321,https://restful-booker.herokuapp.com/auth,535,0,403
1789683500716,151,CreateBooking,200,OK,Thread Group 1-128,text,true,,944,521,323,323,https://restful-booker.herokuapp.com/booking,151,0,0
1789683500296,577,Login,200,OK,Thread Group 1-250,text,true,,771,327,324,324,https://restful-booker.herokuapp.com/auth,577,0,420
1789683500717,156,CreateBooking,200,OK,Thread Group 1-144,text,true,,945,522,324,324,https://restful-booker.herokuapp.com/booking,156,0,0
1789683500725,156,Get Booking,200,OK,Thread Group 1-8,text,true,,914,253,326,326,https://restful-booker.herokuapp.com/booking/4089,156,0,0
1789683500320,561,Login,200,OK,Thread Group 1-206,text,true,,778,325,326,326,https://restful-booker.herokuapp.com/auth,561,0,415
1789683500747,135,CreateBooking,200,OK,Thread Group 1-164,text,true,,953,522,326,326,https://restful-booker.herokuapp.com/booking,135,0,0
1789683500737,144,Get Booking,200,OK,Thread Group 1-24,text,true,,922,253,326,326,https://restful-booker.herokuapp.com/booking/4084,144,0,0
1789683500753,135,Get Booking,200,OK,Thread Group 1-76,text,true,,923,253,327,327,https://restful-booker.herokuapp.com/booking/4057,135,0,0
1789683500750,138,Get Booking,200,OK,Thread Group 1-74,text,true,,923,253,327,327,https://restful-booker.herokuapp.com/booking/4060,138,0,0
1789683500752,136,Get Booking,200,OK,Thread Group 1-46,text,true,,922,253,327,327,https://restful-booker.herokuapp.com/booking/4058,136,0,0
1789683500345,543,Login,200,OK,Thread Group 1-198,text,true,,778,325,327,327,https://restful-booker.herokuapp.com/auth,543,0,407
1789683500754,134,Get Booking,200,OK,Thread Group 1-57,text,true,,920,253,327,327,https://restful-booker.herokuapp.com/booking/4078,134,0,0
1789683500747,142,Get Booking,200,OK,Thread Group 1-47,text,true,,923,253,327,327,https://restful-booker.herokuapp.com/booking/4059,142,0,0
1789683500756,134,Get Booking,200,OK,Thread Group 1-110,text,true,,923,253,327,327,https://restful-booker.herokuapp.com/booking/4070,134,0,0
1789683500758,134,Get Booking,200,OK,Thread Group 1-104,text,true,,923,253,328,328,https://restful-booker.herokuapp.com/booking/4068,134,0,0
1789683500755,138,Get Booking,200,OK,Thread Group 1-91,text,true,,924,253,328,328,https://restful-booker.herokuapp.com/booking/4069,138,0,0
1789683500767,134,Get Booking,200,OK,Thread Group 1-86,text,true,,922,253,329,329,https://restful-booker.herokuapp.com/booking/4065,134,0,0
1789683500771,135,Get Booking,200,OK,Thread Group 1-87,text,true,,923,253,330,330,https://restful-booker.herokuapp.com/booking/4091,134,0,0
1789683500366,540,Login,200,OK,Thread Group 1-220,text,true,,779,327,330,330,https://restful-booker.herokuapp.com/auth,539,0,406
1789683500774,135,Get Booking,200,OK,Thread Group 1-4,text,true,,920,253,331,331,https://restful-booker.herokuapp.com/booking/4087,135,0,0
1789683500774,136,CreateBooking,200,OK,Thread Group 1-143,text,true,,952,521,331,331,https://restful-booker.herokuapp.com/booking,136,0,0
1789683500779,134,CreateBooking,200,OK,Thread Group 1-158,text,true,,951,520,332,332,https://restful-booker.herokuapp.com/booking,134,0,0
1789683500778,135,CreateBooking,200,OK,Thread Group 1-154,text,true,,953,522,332,332,https://restful-booker.herokuapp.com/booking,135,0,0
1789683500371,542,Login,200,OK,Thread Group 1-235,text,true,,779,327,332,332,https://restful-booker.herokuapp.com/auth,542,0,411
1789683500373,542,Login,200,OK,Thread Group 1-205,text,true,,779,327,331,331,https://restful-booker.herokuapp.com/auth,542,0,408
1789683500365,550,Login,200,OK,Thread Group 1-215,text,true,,779,327,331,331,https://restful-booker.herokuapp.com/auth,550,0,414
1789683500793,133,Get Booking,200,OK,Thread Group 1-38,text,true,,924,253,331,331,https://restful-booker.herokuapp.com/booking/4063,132,0,0
1789683500390,537,Login,200,OK,Thread Group 1-228,text,true,,778,325,331,331,https://restful-booker.herokuapp.com/auth,537,0,404
1789683500796,133,CreateBooking,200,OK,Thread Group 1-148,text,true,,953,522,331,331,https://restful-booker.herokuapp.com/booking,133,0,0
1789683500802,132,Get Booking,200,OK,Thread Group 1-60,text,true,,924,253,332,332,https://restful-booker.herokuapp.com/booking/4085,132,0,0
1789683500803,133,Get Booking,200,OK,Thread Group 1-93,text,true,,923,253,333,333,https://restful-booker.herokuapp.com/booking/4079,133,0,0
1789683500803,137,Get Booking,200,OK,Thread Group 1-36,text,true,,923,253,334,334,https://restful-booker.herokuapp.com/booking/4083,137,0,0
1789683500808,134,Get Booking,200,OK,Thread Group 1-58,text,true,,924,253,334,334,https://restful-booker.herokuapp.com/booking/4100,134,0,0
1789683500805,137,Get Booking,200,OK,Thread Group 1-41,text,true,,922,253,334,334,https://restful-booker.herokuapp.com/booking/4066,137,0,0
1789683500395,552,Login,200,OK,Thread Group 1-234,text,true,,778,325,335,335,https://restful-booker.herokuapp.com/auth,552,0,420
1789683500397,553,Login,200,OK,Thread Group 1-239,text,true,,778,325,335,335,https://restful-booker.herokuapp.com/auth,553,0,417
1789683500820,132,Get Booking,200,OK,Thread Group 1-14,text,true,,920,253,335,335,https://restful-booker.herokuapp.com/booking/4056,132,0,0
1789683500820,138,Get Booking,200,OK,Thread Group 1-80,text,true,,924,253,336,336,https://restful-booker.herokuapp.com/booking/4081,138,0,0
1789683500827,132,Get Booking,200,OK,Thread Group 1-81,text,true,,924,253,336,336,https://restful-booker.herokuapp.com/booking/4077,132,0,0
1789683500415,545,Login,200,OK,Thread Group 1-196,text,true,,778,325,336,336,https://restful-booker.herokuapp.com/auth,545,0,408
1789683500827,134,Get Booking,200,OK,Thread Group 1-11,text,true,,923,253,337,337,https://restful-booker.herokuapp.com/booking/4064,134,0,0
1789683500831,133,CreateBooking,200,OK,Thread Group 1-137,text,true,,951,520,337,337,https://restful-booker.herokuapp.com/booking,133,0,0
1789683500831,137,CreateBooking,200,OK,Thread Group 1-187,text,true,,953,522,338,338,https://restful-booker.herokuapp.com/booking,137,0,0
1789683500832,137,Get Booking,200,OK,Thread Group 1-48,text,true,,922,253,338,338,https://restful-booker.herokuapp.com/booking/4086,137,0,0
1789683500832,138,CreateBooking,200,OK,Thread Group 1-191,text,true,,952,521,338,338,https://restful-booker.herokuapp.com/booking,138,0,0
1789683500439,535,Login,200,OK,Thread Group 1-232,text,true,,778,325,339,339,https://restful-booker.herokuapp.com/auth,535,0,401
1789683500439,537,Login,200,OK,Thread Group 1-253,text,true,,778,325,338,338,https://restful-booker.herokuapp.com/auth,537,0,405
1789683500414,562,Login,200,OK,Thread Group 1-260,text,true,,779,327,338,338,https://restful-booker.herokuapp.com/auth,562,0,426
1789683500847,135,CreateBooking,200,OK,Thread Group 1-141,text,true,,949,518,340,340,https://restful-booker.herokuapp.com/booking,135,0,0
1789683500842,141,Get Booking,200,OK,Thread Group 1-1,text,true,,924,253,340,340,https://restful-booker.herokuapp.com/booking/4093,141,0,0
1789683500856,130,CreateBooking,200,OK,Thread Group 1-167,text,true,,952,521,340,340,https://restful-booker.herokuapp.com/booking,130,0,0
1789683500843,145,Get Booking,200,OK,Thread Group 1-117,text,true,,923,253,341,341,https://restful-booker.herokuapp.com/booking/4104,145,0,0
1789683500853,136,Get Booking,200,OK,Thread Group 1-78,text,true,,920,253,341,341,https://restful-booker.herokuapp.com/booking/4082,136,0,0
1789683500855,137,CreateBooking,200,OK,Thread Group 1-177,text,true,,952,521,341,341,https://restful-booker.herokuapp.com/booking,137,0,0
1789683500861,131,Get Booking,200,OK,Thread Group 1-119,text,true,,922,253,341,341,https://restful-booker.herokuapp.com/booking/4112,131,0,0
1789683500857,137,Get Booking,200,OK,Thread Group 1-21,text,true,,923,253,342,342,https://restful-booker.herokuapp.com/booking/4090,137,0,0
1789683500452,543,Login,200,OK,Thread Group 1-244,text,true,,778,325,342,342,https://restful-booker.herokuapp.com/auth,543,0,410
1789683500859,136,CreateBooking,200,OK,Thread Group 1-146,text,true,,952,521,342,342,https://restful-booker.herokuapp.com/booking,136,0,0
1789683500866,132,CreateBooking,200,OK,Thread Group 1-200,text,true,,949,518,342,342,https://restful-booker.herokuapp.com/booking,132,0,0
1789683500870,133,Get Booking,200,OK,Thread Group 1-111,text,true,,920,253,344,344,https://restful-booker.herokuapp.com/booking/4097,133,0,0
1789683500870,133,Get Booking,200,OK,Thread Group 1-133,text,true,,924,253,344,344,https://restful-booker.herokuapp.com/booking/4098,133,0,0
1789683500872,133,Get Booking,200,OK,Thread Group 1-66,text,true,,922,253,344,344,https://restful-booker.herokuapp.com/booking/4095,133,0,0
1789683500875,134,CreateBooking,200,OK,Thread Group 1-211,text,true,,951,520,345,345,https://restful-booker.herokuapp.com/booking,134,0,0
1789683500471,540,Login,200,OK,Thread Group 1-242,text,true,,778,325,345,345,https://restful-booker.herokuapp.com/auth,540,0,405
1789683500453,559,Login,200,OK,Thread Group 1-201,text,true,,778,325,345,345,https://restful-booker.herokuapp.com/auth,559,0,428
1789683500474,542,Login,200,OK,Thread Group 1-266,text,true,,778,325,345,345,https://restful-booker.herokuapp.com/auth,541,0,408
1789683500483,539,Login,200,OK,Thread Group 1-247,text,true,,778,325,346,346,https://restful-booker.herokuapp.com/auth,539,0,406
1789683500479,544,Login,200,OK,Thread Group 1-241,text,true,,778,325,346,346,https://restful-booker.herokuapp.com/auth,544,0,409
1789683500886,140,CreateBooking,200,OK,Thread Group 1-170,text,true,,949,518,347,347,https://restful-booker.herokuapp.com/booking,140,0,0
1789683500476,554,Login,200,OK,Thread Group 1-238,text,true,,778,325,348,348,https://restful-booker.herokuapp.com/auth,554,0,417
1789683500897,133,CreateBooking,200,OK,Thread Group 1-160,text,true,,949,518,348,348,https://restful-booker.herokuapp.com/booking,133,0,0
1789683500490,545,Login,200,OK,Thread Group 1-243,text,true,,778,325,349,349,https://restful-booker.herokuapp.com/auth,545,0,410
1789683500908,133,CreateBooking,200,OK,Thread Group 1-161,text,true,,951,520,349,349,https://restful-booker.herokuapp.com/booking,132,0,0
1789683500487,555,Login,200,OK,Thread Group 1-285,text,true,,779,327,350,350,https://restful-booker.herokuapp.com/auth,554,0,418
1789683500910,132,CreateBooking,200,OK,Thread Group 1-165,text,true,,949,518,350,350,https://restful-booker.herokuapp.com/booking,132,0,0
1789683500928,143,CreateBooking,200,OK,Thread Group 1-183,text,true,,952,521,354,354,https://restful-booker.herokuapp.com/booking,143,0,0
1789683500940,141,Get Booking,200,OK,Thread Group 1-103,text,true,,924,253,356,356,https://restful-booker.herokuapp.com/booking/4096,140,0,0
1789683500540,541,Login,200,OK,Thread Group 1-245,text,true,,779,327,356,356,https://restful-booker.herokuapp.com/auth,541,0,408
1789683500543,538,Login,200,OK,Thread Group 1-256,text,true,,778,325,356,356,https://restful-booker.herokuapp.com/auth,538,0,407
1789683500941,145,CreateBooking,200,OK,Thread Group 1-156,text,true,,952,521,356,356,https://restful-booker.herokuapp.com/booking,145,0,0
1789683500950,149,CreateBooking,200,OK,Thread Group 1-186,text,true,,951,520,358,358,https://restful-booker.herokuapp.com/booking,149,0,0
1789683500533,567,Login,200,OK,Thread Group 1-221,text,true,,778,325,358,358,https://restful-booker.herokuapp.com/auth,567,0,420
1789683500958,142,CreateBooking,200,OK,Thread Group 1-181,text,true,,953,522,358,358,https://restful-booker.herokuapp.com/booking,142,0,0
1789683500964,138,Get Booking,200,OK,Thread Group 1-26,text,true,,923,253,359,359,https://restful-booker.herokuapp.com/booking/4071,138,0,0
1789683500967,137,Get Booking,200,OK,Thread Group 1-123,text,true,,922,253,359,359,https://restful-booker.herokuapp.com/booking/4102,137,0,0
1789683500969,135,Get Booking,200,OK,Thread Group 1-138,text,true,,920,253,359,359,https://restful-booker.herokuapp.com/booking/4103,135,0,0
1789683500555,552,Login,200,OK,Thread Group 1-264,text,true,,778,325,360,360,https://restful-booker.herokuapp.com/auth,552,0,416
1789683500980,136,Get Booking,200,OK,Thread Group 1-113,text,true,,924,253,361,361,https://restful-booker.herokuapp.com/booking/4099,136,0,0
1789683500962,159,Get Booking,200,OK,Thread Group 1-127,text,true,,922,253,362,362,https://restful-booker.herokuapp.com/booking/4094,159,0,0
1789683500581,540,Login,200,OK,Thread Group 1-268,text,true,,778,325,362,362,https://restful-booker.herokuapp.com/auth,540,0,406
1789683500586,535,Login,200,OK,Thread Group 1-258,text,true,,778,325,362,362,https://restful-booker.herokuapp.com/auth,535,0,403
1789683500986,136,CreateBooking,200,OK,Thread Group 1-50,text,true,,952,521,362,362,https://restful-booker.herokuapp.com/booking,136,0,0
1789683500598,528,Login,200,OK,Thread Group 1-304,text,true,,778,325,363,363,https://restful-booker.herokuapp.com/auth,528,0,397
1789683500558,573,Login,200,OK,Thread Group 1-236,text,true,,778,325,364,364,https://restful-booker.herokuapp.com/auth,573,0,434
1789683500555,576,Login,200,OK,Thread Group 1-257,text,true,,778,325,364,364,https://restful-booker.herokuapp.com/auth,576,0,435
1789683501006,139,Get Booking,200,OK,Thread Group 1-157,text,true,,923,253,366,366,https://restful-booker.herokuapp.com/booking/4110,139,0,0
1789683500608,544,Login,200,OK,Thread Group 1-270,text,true,,779,327,368,368,https://restful-booker.herokuapp.com/auth,544,0,406
1789683501015,137,Get Booking,200,OK,Thread Group 1-71,text,true,,923,253,368,368,https://restful-booker.herokuapp.com/booking/4101,137,0,0
1789683500606,548,Login,200,OK,Thread Group 1-265,text,true,,779,327,368,368,https://restful-booker.herokuapp.com/auth,548,0,414
1789683500607,547,Login,200,OK,Thread Group 1-261,text,true,,778,325,368,368,https://restful-booker.herokuapp.com/auth,547,0,412
1789683500606,554,Login,200,OK,Thread Group 1-246,text,true,,778,325,368,368,https://restful-booker.herokuapp.com/auth,554,0,420
1789683501027,136,CreateBooking,200,OK,Thread Group 1-207,text,true,,949,518,369,369,https://restful-booker.herokuapp.com/booking,136,0,0
1789683500600,563,Login,200,OK,Thread Group 1-296,text,true,,778,325,369,369,https://restful-booker.herokuapp.com/auth,563,0,420
1789683501036,138,Get Booking,200,OK,Thread Group 1-126,text,true,,923,253,370,370,https://restful-booker.herokuapp.com/booking/4111,138,0,0
1789683501041,136,CreateBooking,200,OK,Thread Group 1-184,text,true,,952,521,371,371,https://restful-booker.herokuapp.com/booking,136,0,0
1789683501041,138,Get Booking,200,OK,Thread Group 1-144,text,true,,924,253,372,372,https://restful-booker.herokuapp.com/booking/4117,138,0,0
1789683500619,560,Login,200,OK,Thread Group 1-274,text,true,,778,325,372,372,https://restful-booker.herokuapp.com/auth,560,0,419
1789683500631,548,Login,200,OK,Thread Group 1-283,text,true,,778,325,372,372,https://restful-booker.herokuapp.com/auth,548,0,409
1789683500631,550,Login,200,OK,Thread Group 1-263,text,true,,778,325,372,372,https://restful-booker.herokuapp.com/auth,550,0,415
1789683501048,136,CreateBooking,200,OK,Thread Group 1-194,text,true,,952,521,373,373,https://restful-booker.herokuapp.com/booking,136,0,0
1789683500658,532,Login,200,OK,Thread Group 1-271,text,true,,778,325,373,373,https://restful-booker.herokuapp.com/auth,531,0,399
1789683500641,550,Login,200,OK,Thread Group 1-280,text,true,,779,327,374,374,https://restful-booker.herokuapp.com/auth,550,0,413
1789683500656,539,Login,200,OK,Thread Group 1-287,text,true,,778,325,375,375,https://restful-booker.herokuapp.com/auth,539,0,404
1789683500645,552,Login,200,OK,Thread Group 1-273,text,true,,778,325,375,375,https://restful-booker.herokuapp.com/auth,551,0,414
1789683500656,562,Login,200,OK,Thread Group 1-293,text,true,,778,325,379,379,https://restful-booker.herokuapp.com/auth,562,0,424
1789683501082,138,CreateBooking,200,OK,Thread Group 1-206,text,true,,951,520,379,379,https://restful-booker.herokuapp.com/booking,138,0,0
1789683501091,136,Get Booking,200,OK,Thread Group 1-191,text,true,,923,253,380,380,https://restful-booker.herokuapp.com/booking/4125,135,0,0
1789683501078,153,CreateBooking,200,OK,Thread Group 1-151,text,true,,952,521,381,381,https://restful-booker.herokuapp.com/booking,153,0,0
1789683501099,133,Get Booking,200,OK,Thread Group 1-150,text,true,,920,253,381,381,https://restful-booker.herokuapp.com/booking/4114,133,0,0
1789683501096,137,CreateBooking,200,OK,Thread Group 1-178,text,true,,951,520,381,381,https://restful-booker.herokuapp.com/booking,136,0,0
1789683500823,414,Get Booking IDs,200,OK,Thread Group 1-70,text,true,,54673,248,382,382,https://restful-booker.herokuapp.com/booking,133,0,0
1789683501100,138,Get Booking,200,OK,Thread Group 1-147,text,true,,920,253,382,382,https://restful-booker.herokuapp.com/booking/4113,138,0,0
1789683500694,546,Login,200,OK,Thread Group 1-295,text,true,,779,327,382,382,https://restful-booker.herokuapp.com/auth,546,0,405
1789683500697,547,Login,200,OK,Thread Group 1-320,text,true,,779,327,381,381,https://restful-booker.herokuapp.com/auth,547,0,407
1789683501106,139,Get Booking,200,OK,Thread Group 1-134,text,true,,924,253,381,381,https://restful-booker.herokuapp.com/booking/4115,139,0,0
1789683501114,132,Get Booking,200,OK,Thread Group 1-128,text,true,,923,253,382,382,https://restful-booker.herokuapp.com/booking/4116,132,0,0
1789683501118,135,Get Booking,200,OK,Thread Group 1-106,text,true,,922,253,383,383,https://restful-booker.herokuapp.com/booking/4106,135,0,0
1789683500701,563,Login,200,OK,Thread Group 1-284,text,true,,778,325,385,385,https://restful-booker.herokuapp.com/auth,563,0,430
1789683500697,569,Login,200,OK,Thread Group 1-289,text,true,,778,325,386,386,https://restful-booker.herokuapp.com/auth,569,0,433
1789683501129,137,CreateBooking,200,OK,Thread Group 1-188,text,true,,953,522,386,386,https://restful-booker.herokuapp.com/booking,137,0,0
1789683501134,143,Get Booking,200,OK,Thread Group 1-124,text,true,,923,253,387,387,https://restful-booker.herokuapp.com/booking/4092,143,0,0
1789683501145,135,Get Booking,200,OK,Thread Group 1-140,text,true,,923,253,387,387,https://restful-booker.herokuapp.com/booking/4109,135,0,0
1789683501145,135,CreateBooking,200,OK,Thread Group 1-173,text,true,,951,520,387,387,https://restful-booker.herokuapp.com/booking,135,0,0
1789683500740,555,Login,200,OK,Thread Group 1-302,text,true,,778,325,390,390,https://restful-booker.herokuapp.com/auth,555,0,408
1789683500735,560,Login,200,OK,Thread Group 1-299,text,true,,778,325,390,390,https://restful-booker.herokuapp.com/auth,560,0,422
1789683501161,135,Get Booking,200,OK,Thread Group 1-108,text,true,,923,253,388,388,https://restful-booker.herokuapp.com/booking/4108,135,0,0
1789683500749,549,Login,200,OK,Thread Group 1-303,text,true,,778,325,389,389,https://restful-booker.herokuapp.com/auth,549,0,415
1789683500902,401,Get Booking IDs,200,OK,Thread Group 1-27,text,true,,54901,248,390,390,https://restful-booker.herokuapp.com/booking,135,0,0
1789683501166,148,CreateBooking,200,OK,Thread Group 1-231,text,true,,952,521,391,391,https://restful-booker.herokuapp.com/booking,148,0,0
1789683501176,139,CreateBooking,200,OK,Thread Group 1-250,text,true,,952,521,391,391,https://restful-booker.herokuapp.com/booking,139,0,0
1789683500776,543,Login,200,OK,Thread Group 1-276,text,true,,778,325,391,391,https://restful-booker.herokuapp.com/auth,543,0,404
1789683500754,568,Login,200,OK,Thread Group 1-279,text,true,,778,325,392,392,https://restful-booker.herokuapp.com/auth,568,0,416
1789683500756,566,Login,200,OK,Thread Group 1-313,text,true,,778,325,392,392,https://restful-booker.herokuapp.com/auth,566,0,423
1789683501183,140,Get Booking,200,OK,Thread Group 1-148,text,true,,924,253,392,392,https://restful-booker.herokuapp.com/booking/4122,140,0,0
1789683501182,141,Get Booking,200,OK,Thread Group 1-143,text,true,,923,253,392,392,https://restful-booker.herokuapp.com/booking/4119,141,0,0
1789683500760,563,Login,200,OK,Thread Group 1-278,text,true,,778,325,392,392,https://restful-booker.herokuapp.com/auth,563,0,420
1789683500918,406,Get Booking IDs,200,OK,Thread Group 1-88,text,true,,54939,248,391,391,https://restful-booker.herokuapp.com/booking,136,0,0
1789683501198,136,Get Booking,200,OK,Thread Group 1-187,text,true,,924,253,392,392,https://restful-booker.herokuapp.com/booking/4127,136,0,0
1789683500778,562,Login,200,OK,Thread Group 1-281,text,true,,778,325,393,393,https://restful-booker.herokuapp.com/auth,562,0,419
1789683500802,538,Login,200,OK,Thread Group 1-297,text,true,,778,325,393,393,https://restful-booker.herokuapp.com/auth,538,0,405
1789683501211,133,CreateBooking,200,OK,Thread Group 1-260,text,true,,952,521,394,394,https://restful-booker.herokuapp.com/booking,133,0,0
1789683500796,558,Login,200,OK,Thread Group 1-307,text,true,,778,325,396,396,https://restful-booker.herokuapp.com/auth,558,0,422
1789683500938,430,Get Booking IDs,200,OK,Thread Group 1-73,text,true,,54958,248,398,398,https://restful-booker.herokuapp.com/booking,137,0,0
1789683501219,153,CreateBooking,200,OK,Thread Group 1-198,text,true,,953,522,398,398,https://restful-booker.herokuapp.com/booking,153,0,0
1789683501215,157,CreateBooking,200,OK,Thread Group 1-204,text,true,,952,521,398,398,https://restful-booker.herokuapp.com/booking,157,0,0
1789683500819,556,Login,200,OK,Thread Group 1-286,text,true,,778,325,399,399,https://restful-booker.herokuapp.com/auth,556,0,421
1789683501229,146,CreateBooking,200,OK,Thread Group 1-247,text,true,,953,522,399,399,https://restful-booker.herokuapp.com/booking,146,0,0
1789683501246,133,Get Booking,200,OK,Thread Group 1-154,text,true,,924,253,399,399,https://restful-booker.herokuapp.com/booking/4120,133,0,0
1789683500819,566,Login,200,OK,Thread Group 1-312,text,true,,778,325,400,400,https://restful-booker.herokuapp.com/auth,566,0,429
1789683501226,162,CreateBooking,200,OK,Thread Group 1-253,text,true,,953,522,400,400,https://restful-booker.herokuapp.com/booking,162,0,0
1789683501229,159,CreateBooking,200,OK,Thread Group 1-220,text,true,,952,521,400,400,https://restful-booker.herokuapp.com/booking,159,0,0
1789683501232,157,Get Booking,200,OK,Thread Group 1-158,text,true,,922,253,400,400,https://restful-booker.herokuapp.com/booking/4121,157,0,0
1789683501251,138,CreateBooking,200,OK,Thread Group 1-238,text,true,,949,518,400,400,https://restful-booker.herokuapp.com/booking,138,0,0
1789683500821,579,Login,200,OK,Thread Group 1-294,text,true,,778,325,402,402,https://restful-booker.herokuapp.com/auth,579,0,419
1789683500842,560,Login,200,OK,Thread Group 1-275,text,true,,779,327,403,403,https://restful-booker.herokuapp.com/auth,560,0,406
1789683500830,572,Login,200,OK,Thread Group 1-262,text,true,,778,325,403,403,https://restful-booker.herokuapp.com/auth,572,0,414
1789683500842,562,Login,200,OK,Thread Group 1-288,text,true,,778,325,401,401,https://restful-booker.herokuapp.com/auth,562,0,409
1789683500847,557,Login,200,OK,Thread Group 1-327,text,true,,778,325,401,401,https://restful-booker.herokuapp.com/auth,557,0,406
1789683501254,151,Get Booking,200,OK,Thread Group 1-167,text,true,,923,253,401,401,https://restful-booker.herokuapp.com/booking/4129,151,0,0
1789683500821,584,Login,200,OK,Thread Group 1-314,text,true,,778,325,401,401,https://restful-booker.herokuapp.com/auth,584,0,438
1789683501269,143,Get Booking,200,OK,Thread Group 1-161,text,true,,922,253,402,402,https://restful-booker.herokuapp.com/booking/4136,143,0,0
1789683501010,407,Get Booking IDs,200,OK,Thread Group 1-20,text,true,,55034,248,403,403,https://restful-booker.herokuapp.com/booking,135,0,0
1789683501281,140,CreateBooking,200,OK,Thread Group 1-216,text,true,,949,518,403,403,https://restful-booker.herokuapp.com/booking,140,0,0
1789683500849,574,Login,200,OK,Thread Group 1-291,text,true,,778,325,403,403,https://restful-booker.herokuapp.com/auth,574,0,412
1789683501016,412,Get Booking IDs,200,OK,Thread Group 1-1,text,true,,55034,248,404,404,https://restful-booker.herokuapp.com/booking,269,0,0
1789683500880,548,Login,200,OK,Thread Group 1-334,text,true,,778,325,404,404,https://restful-booker.herokuapp.com/auth,548,0,415
1789683501294,135,Get Booking,200,OK,Thread Group 1-211,text,true,,922,253,404,404,https://restful-booker.herokuapp.com/booking/4133,135,0,0
1789683500886,548,Login,200,OK,Thread Group 1-311,text,true,,778,325,405,405,https://restful-booker.herokuapp.com/auth,548,0,415
1789683501037,402,Get Booking IDs,200,OK,Thread Group 1-101,text,true,,55091,248,406,406,https://restful-booker.herokuapp.com/booking,137,0,0
1789683501269,170,CreateBooking,200,OK,Thread Group 1-193,text,true,,952,521,406,406,https://restful-booker.herokuapp.com/booking,170,0,0
1789683501279,162,Get Booking,200,OK,Thread Group 1-164,text,true,,924,253,405,405,https://restful-booker.herokuapp.com/booking/4118,162,0,0
1789683500893,567,Login,200,OK,Thread Group 1-292,text,true,,778,325,408,408,https://restful-booker.herokuapp.com/auth,567,0,426
1789683501324,139,Get Booking,200,OK,Thread Group 1-194,text,true,,923,253,408,408,https://restful-booker.herokuapp.com/booking/4147,139,0,0
1789683501283,185,CreateBooking,200,OK,Thread Group 1-228,text,true,,949,518,408,408,https://restful-booker.herokuapp.com/booking,185,0,0
1789683501289,180,Get Booking,200,OK,Thread Group 1-200,text,true,,920,253,409,409,https://restful-booker.herokuapp.com/booking/4132,180,0,0
1789683500882,587,Login,200,OK,Thread Group 1-306,text,true,,778,325,409,409,https://restful-booker.herokuapp.com/auth,587,0,413
1789683500881,588,Login,200,OK,Thread Group 1-322,text,true,,778,325,409,409,https://restful-booker.herokuapp.com/auth,588,0,414
1789683501058,414,Get Booking IDs,200,OK,Thread Group 1-47,text,true,,55129,248,408,408,https://restful-booker.herokuapp.com/booking,270,0,0
1789683501305,177,CreateBooking,200,OK,Thread Group 1-224,text,true,,953,522,409,409,https://restful-booker.herokuapp.com/booking,177,0,0
1789683501306,179,CreateBooking,200,OK,Thread Group 1-258,text,true,,952,521,410,410,https://restful-booker.herokuapp.com/booking,179,0,0
1789683500923,571,Login,200,OK,Thread Group 1-330,text,true,,779,327,412,412,https://restful-booker.herokuapp.com/auth,571,0,421
1789683500924,570,Login,200,OK,Thread Group 1-324,text,true,,778,325,411,411,https://restful-booker.herokuapp.com/auth,570,0,418
1789683500927,567,Login,200,OK,Thread Group 1-344,text,true,,778,325,411,411,https://restful-booker.herokuapp.com/auth,567,0,423
1789683501311,183,CreateBooking,200,OK,Thread Group 1-244,text,true,,949,518,411,411,https://restful-booker.herokuapp.com/booking,183,0,0
1789683500935,559,Login,200,OK,Thread Group 1-329,text,true,,778,325,412,412,https://restful-booker.herokuapp.com/auth,559,0,415
1789683501318,189,CreateBooking,200,OK,Thread Group 1-266,text,true,,951,520,413,413,https://restful-booker.herokuapp.com/booking,189,0,0
1789683501321,191,Get Booking,200,OK,Thread Group 1-146,text,true,,923,253,414,414,https://restful-booker.herokuapp.com/booking/4131,191,0,0
1789683500896,616,Login,200,OK,Thread Group 1-336,text,true,,778,325,414,414,https://restful-booker.herokuapp.com/auth,616,0,426
1789683501319,193,CreateBooking,200,OK,Thread Group 1-243,text,true,,952,521,414,414,https://restful-booker.herokuapp.com/booking,193,0,0
1789683501324,190,CreateBooking,200,OK,Thread Group 1-218,text,true,,951,520,414,414,https://restful-booker.herokuapp.com/booking,190,0,0
1789683500893,621,Login,200,OK,Thread Group 1-318,text,true,,778,325,414,414,https://restful-booker.herokuapp.com/auth,621,0,430
1789683500918,599,Login,200,OK,Thread Group 1-323,text,true,,778,325,415,415,https://restful-booker.herokuapp.com/auth,599,0,410
1789683501366,153,CreateBooking,200,OK,Thread Group 1-246,text,true,,951,520,415,415,https://restful-booker.herokuapp.com/booking,153,0,0
1789683501333,194,CreateBooking,200,OK,Thread Group 1-217,text,true,,949,518,417,417,https://restful-booker.herokuapp.com/booking,194,0,0
1789683501092,437,Get Booking IDs,200,OK,Thread Group 1-74,text,true,,55167,248,417,417,https://restful-booker.herokuapp.com/booking,137,0,0
1789683500915,615,Login,200,OK,Thread Group 1-309,text,true,,778,325,416,416,https://restful-booker.herokuapp.com/auth,615,0,421
1789683501342,195,Get Booking,200,OK,Thread Group 1-141,text,true,,920,253,416,416,https://restful-booker.herokuapp.com/booking/4128,195,0,0
1789683500948,592,Login,200,OK,Thread Group 1-315,text,true,,779,327,417,417,https://restful-booker.herokuapp.com/auth,592,0,435
1789683501389,153,CreateBooking,200,OK,Thread Group 1-201,text,true,,952,521,416,416,https://restful-booker.herokuapp.com/booking,153,0,0
1789683501126,420,Get Booking IDs,200,OK,Thread Group 1-107,text,true,,55186,248,417,417,https://restful-booker.herokuapp.com/booking,268,0,0
1789683501352,198,CreateBooking,200,OK,Thread Group 1-264,text,true,,952,521,417,417,https://restful-booker.herokuapp.com/booking,198,0,0
1789683501118,435,Get Booking IDs,200,OK,Thread Group 1-117,text,true,,55186,248,418,418,https://restful-booker.herokuapp.com/booking,138,0,0
1789683501411,143,Get Booking,200,OK,Thread Group 1-160,text,true,,920,253,418,418,https://restful-booker.herokuapp.com/booking/4135,143,0,0
1789683500971,583,Login,200,OK,Thread Group 1-319,text,true,,778,325,418,418,https://restful-booker.herokuapp.com/auth,583,0,441
1789683501410,149,CreateBooking,200,OK,Thread Group 1-274,text,true,,952,521,418,418,https://restful-booker.herokuapp.com/booking,149,0,0
1789683501359,200,CreateBooking,200,OK,Thread Group 1-196,text,true,,951,520,418,418,https://restful-booker.herokuapp.com/booking,200,0,0
1789683500988,575,Login,200,OK,Thread Group 1-358,text,true,,778,325,418,418,https://restful-booker.herokuapp.com/auth,575,0,429
1789683501078,492,Get Booking IDs,200,OK,Thread Group 1-63,text,true,,55129,248,420,420,https://restful-booker.herokuapp.com/booking,142,0,0
1789683501011,563,Login,200,OK,Thread Group 1-347,text,true,,778,325,419,419,https://restful-booker.herokuapp.com/auth,563,0,417
1789683501432,172,CreateBooking,200,OK,Thread Group 1-280,text,true,,953,522,420,420,https://restful-booker.herokuapp.com/booking,172,0,0
1789683501431,173,CreateBooking,200,OK,Thread Group 1-234,text,true,,952,521,420,420,https://restful-booker.herokuapp.com/booking,173,0,0
1789683501173,431,Get Booking IDs,200,OK,Thread Group 1-38,text,true,,55224,248,420,420,https://restful-booker.herokuapp.com/booking,272,0,0
1789683501185,419,Get Booking IDs,200,OK,Thread Group 1-93,text,true,,55243,248,420,420,https://restful-booker.herokuapp.com/booking,275,0,0
1789683501374,230,CreateBooking,200,OK,Thread Group 1-296,text,true,,953,522,420,420,https://restful-booker.herokuapp.com/booking,230,0,0
1789683501437,167,Get Booking,200,OK,Thread Group 1-156,text,true,,923,253,420,420,https://restful-booker.herokuapp.com/booking/4139,167,0,0
1789683501173,432,Get Booking IDs,200,OK,Thread Group 1-21,text,true,,55224,248,420,420,https://restful-booker.herokuapp.com/booking,143,0,0
1789683501456,149,CreateBooking,200,OK,Thread Group 1-257,text,true,,952,521,420,420,https://restful-booker.herokuapp.com/booking,149,0,0
1789683501020,584,Login,200,OK,Thread Group 1-335,text,true,,779,327,420,420,https://restful-booker.herokuapp.com/auth,584,0,411
1789683501381,224,Get Booking,200,OK,Thread Group 1-50,text,true,,923,253,420,420,https://restful-booker.herokuapp.com/booking/4142,224,0,0
1789683501049,556,Login,200,OK,Thread Group 1-360,text,true,,779,327,420,420,https://restful-booker.herokuapp.com/auth,556,0,411
1789683501443,161,CreateBooking,200,OK,Thread Group 1-236,text,true,,953,522,420,420,https://restful-booker.herokuapp.com/booking,161,0,0
1789683501469,147,Get Booking,200,OK,Thread Group 1-183,text,true,,923,253,418,418,https://restful-booker.herokuapp.com/booking/4138,147,0,0
1789683500953,663,Login,200,OK,Thread Group 1-332,text,true,,778,325,418,418,https://restful-booker.herokuapp.com/auth,663,0,449
1789683501398,218,CreateBooking,200,OK,Thread Group 1-241,text,true,,952,521,418,418,https://restful-booker.herokuapp.com/booking,218,0,0
1789683500963,653,Login,200,OK,Thread Group 1-333,text,true,,778,325,418,418,https://restful-booker.herokuapp.com/auth,653,0,439
1789683500946,670,Login,200,OK,Thread Group 1-308,text,true,,778,325,418,418,https://restful-booker.herokuapp.com/auth,670,0,451
1789683501474,142,CreateBooking,200,OK,Thread Group 1-283,text,true,,949,518,418,418,https://restful-booker.herokuapp.com/booking,142,0,0
1789683501190,427,Get Booking IDs,200,OK,Thread Group 1-24,text,true,,55243,248,418,418,https://restful-booker.herokuapp.com/booking,143,0,0
1789683500965,653,Login,200,OK,Thread Group 1-326,text,true,,778,325,417,417,https://restful-booker.herokuapp.com/auth,653,0,437
1789683500979,639,Login,200,OK,Thread Group 1-328,text,true,,778,325,417,417,https://restful-booker.herokuapp.com/auth,639,0,425
1789683501407,214,CreateBooking,200,OK,Thread Group 1-221,text,true,,953,522,418,418,https://restful-booker.herokuapp.com/booking,214,0,0
1789683501199,424,Get Booking IDs,200,OK,Thread Group 1-87,text,true,,55243,248,418,418,https://restful-booker.herokuapp.com/booking,282,0,0
1789683501484,143,Get Booking,200,OK,Thread Group 1-186,text,true,,922,253,418,418,https://restful-booker.herokuapp.com/booking/4140,143,0,0
1789683501487,142,Get Booking,200,OK,Thread Group 1-173,text,true,,922,253,419,419,https://restful-booker.herokuapp.com/booking/4152,142,0,0
1789683501420,211,Get Booking,200,OK,Thread Group 1-181,text,true,,924,253,419,419,https://restful-booker.herokuapp.com/booking/4141,211,0,0
1789683500975,658,Login,200,OK,Thread Group 1-331,text,true,,778,325,419,419,https://restful-booker.herokuapp.com/auth,658,0,445
1789683501439,213,CreateBooking,200,OK,Thread Group 1-320,text,true,,951,520,423,423,https://restful-booker.herokuapp.com/booking,213,0,0
1789683501504,148,CreateBooking,200,OK,Thread Group 1-276,text,true,,949,518,423,423,https://restful-booker.herokuapp.com/booking,148,0,0
1789683500998,653,Get Booking IDs,200,OK,Thread Group 1-31,text,true,,55034,248,423,423,https://restful-booker.herokuapp.com/booking,136,0,0
1789683501434,217,CreateBooking,200,OK,Thread Group 1-270,text,true,,949,518,423,423,https://restful-booker.herokuapp.com/booking,217,0,0
1789683501217,434,Get Booking IDs,200,OK,Thread Group 1-104,text,true,,55281,248,423,423,https://restful-booker.herokuapp.com/booking,282,0,0
1789683501223,431,Get Booking IDs,200,OK,Thread Group 1-46,text,true,,55319,248,423,423,https://restful-booker.herokuapp.com/booking,137,0,0
1789683500997,659,Login,200,OK,Thread Group 1-340,text,true,,779,327,423,423,https://restful-booker.herokuapp.com/auth,659,0,444
1789683501225,441,Get Booking IDs,200,OK,Thread Group 1-9,text,true,,55319,248,425,425,https://restful-booker.herokuapp.com/booking,143,0,0
1789683501006,665,Get Booking IDs,200,OK,Thread Group 1-53,text,true,,55034,248,425,425,https://restful-booker.herokuapp.com/booking,139,0,0
1789683500996,681,Login,200,OK,Thread Group 1-338,text,true,,778,325,425,425,https://restful-booker.herokuapp.com/auth,681,0,458
1789683501461,216,CreateBooking,200,OK,Thread Group 1-271,text,true,,951,520,425,425,https://restful-booker.herokuapp.com/booking,216,0,0
1789683501251,433,Get Booking IDs,200,OK,Thread Group 1-33,text,true,,55376,248,426,426,https://restful-booker.herokuapp.com/booking,136,0,0
1789683501538,146,Get Booking,200,OK,Thread Group 1-178,text,true,,922,253,426,426,https://restful-booker.herokuapp.com/booking/4150,146,0,0
1789683501462,224,Get Booking,200,OK,Thread Group 1-165,text,true,,920,253,425,425,https://restful-booker.herokuapp.com/booking/4137,224,0,0
1789683501121,570,Login,200,OK,Thread Group 1-351,text,true,,778,325,426,426,https://restful-booker.herokuapp.com/auth,570,0,429
1789683501466,226,Get Booking,200,OK,Thread Group 1-177,text,true,,923,253,426,426,https://restful-booker.herokuapp.com/booking/4130,226,0,0
1789683501471,222,Get Booking,200,OK,Thread Group 1-207,text,true,,920,253,426,426,https://restful-booker.herokuapp.com/booking/4144,222,0,0
1789683501133,560,Login,200,OK,Thread Group 1-348,text,true,,778,325,426,426,https://restful-booker.herokuapp.com/auth,560,0,423
1789683501553,145,CreateBooking,200,OK,Thread Group 1-313,text,true,,952,521,427,427,https://restful-booker.herokuapp.com/booking,145,0,0
1789683501278,421,Get Booking IDs,200,OK,Thread Group 1-57,text,true,,55414,248,427,427,https://restful-booker.herokuapp.com/booking,280,0,0
1789683501118,581,Login,200,OK,Thread Group 1-361,text,true,,778,325,427,427,https://restful-booker.herokuapp.com/auth,581,0,436
1789683501124,577,Login,200,OK,Thread Group 1-370,text,true,,779,327,428,428,https://restful-booker.herokuapp.com/auth,577,0,434
1789683501129,572,Login,200,OK,Thread Group 1-386,text,true,,778,325,428,428,https://restful-booker.herokuapp.com/auth,572,0,429
1789683501481,224,CreateBooking,200,OK,Thread Group 1-263,text,true,,952,521,428,428,https://restful-booker.herokuapp.com/booking,224,0,0
1789683501281,426,Get Booking IDs,200,OK,Thread Group 1-86,text,true,,55433,248,429,429,https://restful-booker.herokuapp.com/booking,142,0,0
1789683501483,224,Get Booking,200,OK,Thread Group 1-170,text,true,,920,253,429,429,https://restful-booker.herokuapp.com/booking/4134,224,0,0
1789683501492,218,CreateBooking,200,OK,Thread Group 1-268,text,true,,949,518,428,428,https://restful-booker.herokuapp.com/booking,218,0,0
1789683501497,218,CreateBooking,200,OK,Thread Group 1-304,text,true,,951,520,429,429,https://restful-booker.herokuapp.com/booking,218,0,0
1789683501496,222,CreateBooking,200,OK,Thread Group 1-256,text,true,,951,520,430,430,https://restful-booker.herokuapp.com/booking,222,0,0
1789683501496,224,Get Booking,200,OK,Thread Group 1-253,text,true,,924,253,430,430,https://restful-booker.herokuapp.com/booking/4159,223,0,0
1789683501169,570,Login,200,OK,Thread Group 1-356,text,true,,778,325,434,434,https://restful-booker.herokuapp.com/auth,570,0,435
1789683501162,577,Login,200,OK,Thread Group 1-391,text,true,,778,325,434,434,https://restful-booker.herokuapp.com/auth,577,0,442
1789683501606,143,Get Booking,200,OK,Thread Group 1-250,text,true,,923,253,436,436,https://restful-booker.herokuapp.com/booking/4154,143,0,0
1789683501609,140,CreateBooking,200,OK,Thread Group 1-284,text,true,,953,522,436,436,https://restful-booker.herokuapp.com/booking,140,0,0
1789683501607,145,CreateBooking,200,OK,Thread Group 1-314,text,true,,949,518,436,436,https://restful-booker.herokuapp.com/booking,145,0,0
1789683501606,147,CreateBooking,200,OK,Thread Group 1-281,text,true,,953,522,436,436,https://restful-booker.herokuapp.com/booking,147,0,0
1789683501606,148,Get Booking,200,OK,Thread Group 1-206,text,true,,922,253,436,436,https://restful-booker.herokuapp.com/booking/4149,148,0,0
1789683501606,148,CreateBooking,200,OK,Thread Group 1-293,text,true,,952,521,436,436,https://restful-booker.herokuapp.com/booking,148,0,0
1789683501330,430,Get Booking IDs,200,OK,Thread Group 1-127,text,true,,55566,248,438,438,https://restful-booker.herokuapp.com/booking,288,0,0
1789683501028,735,Login,200,OK,Thread Group 1-310,text,true,,779,327,437,437,https://restful-booker.herokuapp.com/auth,735,0,496
1789683501632,136,Get Booking,200,OK,Thread Group 1-216,text,true,,920,253,438,438,https://restful-booker.herokuapp.com/booking/4164,136,0,0
1789683501338,430,Get Booking IDs,200,OK,Thread Group 1-8,text,true,,55585,248,438,438,https://restful-booker.herokuapp.com/booking,150,0,0
1789683501527,241,CreateBooking,200,OK,Thread Group 1-273,text,true,,949,518,438,438,https://restful-booker.herokuapp.com/booking,241,0,0
1789683501536,234,Get Booking,200,OK,Thread Group 1-184,text,true,,923,253,438,438,https://restful-booker.herokuapp.com/booking/4146,234,0,0
1789683501353,425,Get Booking IDs,200,OK,Thread Group 1-4,text,true,,55566,248,439,439,https://restful-booker.herokuapp.com/booking,145,0,0
1789683501218,571,Login,200,OK,Thread Group 1-375,text,true,,779,327,440,440,https://restful-booker.herokuapp.com/auth,571,0,434
1789683501202,589,Login,200,OK,Thread Group 1-384,text,true,,778,325,440,440,https://restful-booker.herokuapp.com/auth,589,0,447
1789683501365,428,Get Booking IDs,200,OK,Thread Group 1-150,text,true,,55604,248,440,440,https://restful-booker.herokuapp.com/booking,289,0,0
1789683501575,223,CreateBooking,200,OK,Thread Group 1-323,text,true,,949,518,440,440,https://restful-booker.herokuapp.com/booking,223,0,0
1789683501217,596,Get Booking IDs,200,OK,Thread Group 1-78,text,true,,55281,248,443,443,https://restful-booker.herokuapp.com/booking,158,0,0
1789683501379,434,Get Booking IDs,200,OK,Thread Group 1-81,text,true,,55642,248,443,443,https://restful-booker.herokuapp.com/booking,153,0,0
1789683501223,591,Login,200,OK,Thread Group 1-413,text,true,,778,325,443,443,https://restful-booker.herokuapp.com/auth,591,0,448
1789683501606,218,Get Booking,200,OK,Thread Group 1-188,text,true,,924,253,443,443,https://restful-booker.herokuapp.com/booking/4151,218,0,0
1789683501237,587,Login,200,OK,Thread Group 1-366,text,true,,778,325,443,443,https://restful-booker.herokuapp.com/auth,587,0,447
1789683501692,135,CreateBooking,200,OK,Thread Group 1-286,text,true,,952,521,443,443,https://restful-booker.herokuapp.com/booking,135,0,0
1789683501388,441,Get Booking IDs,200,OK,Thread Group 1-80,text,true,,55661,248,444,444,https://restful-booker.herokuapp.com/booking,159,0,0
1789683501228,601,Login,200,OK,Thread Group 1-376,text,true,,778,325,444,444,https://restful-booker.herokuapp.com/auth,601,0,458
1789683501614,220,Get Booking,200,OK,Thread Group 1-151,text,true,,923,253,444,444,https://restful-booker.herokuapp.com/booking/4148,220,0,0
1789683501099,735,Login,200,OK,Thread Group 1-369,text,true,,778,325,444,444,https://restful-booker.herokuapp.com/auth,735,0,518
1789683501083,753,Login,200,OK,Thread Group 1-368,text,true,,778,325,443,443,https://restful-booker.herokuapp.com/auth,753,0,533
1789683501267,573,Login,200,OK,Thread Group 1-367,text,true,,778,325,443,443,https://restful-booker.herokuapp.com/auth,573,0,431
1789683501428,423,Get Booking IDs,200,OK,Thread Group 1-144,text,true,,55737,248,446,446,https://restful-booker.herokuapp.com/booking,279,0,0
1789683501713,138,CreateBooking,200,OK,Thread Group 1-324,text,true,,952,521,446,446,https://restful-booker.herokuapp.com/booking,138,0,0
1789683501726,133,CreateBooking,200,OK,Thread Group 1-360,text,true,,953,522,447,447,https://restful-booker.herokuapp.com/booking,133,0,0
1789683501648,212,Get Booking,200,OK,Thread Group 1-193,text,true,,923,253,447,447,https://restful-booker.herokuapp.com/booking/4163,212,0,0
1789683501734,141,Get Booking,200,OK,Thread Group 1-238,text,true,,912,253,450,450,https://restful-booker.herokuapp.com/booking/4162,141,0,0
1789683501286,589,Login,200,OK,Thread Group 1-387,text,true,,770,325,450,450,https://restful-booker.herokuapp.com/auth,589,0,453
1789683501459,417,Get Booking IDs,200,OK,Thread Group 1-147,text,true,,55851,248,450,450,https://restful-booker.herokuapp.com/booking,147,0,0
1789683501298,582,Get Booking,200,OK,Thread Group 1-137,text,true,,922,253,450,450,https://restful-booker.herokuapp.com/booking/4126,582,0,0
1789683501748,134,Get Booking,200,OK,Thread Group 1-260,text,true,,915,253,450,450,https://restful-booker.herokuapp.com/booking/4155,134,0,0
1789683501277,611,Login,200,OK,Thread Group 1-405,text,true,,771,327,451,451,https://restful-booker.herokuapp.com/auth,611,0,472
1789683501756,135,Get Booking,200,OK,Thread Group 1-246,text,true,,914,253,451,451,https://restful-booker.herokuapp.com/booking/4175,135,0,0
1789683501300,593,Login,200,OK,Thread Group 1-397,text,true,,770,325,451,451,https://restful-booker.herokuapp.com/auth,593,0,454
1789683501689,206,Get Booking,200,OK,Thread Group 1-258,text,true,,923,253,452,452,https://restful-booker.herokuapp.com/booking/4167,206,0,0
1789683501688,208,Get Booking,200,OK,Thread Group 1-220,text,true,,923,253,452,452,https://restful-booker.herokuapp.com/booking/4161,208,0,0
1789683501694,205,CreateBooking,200,OK,Thread Group 1-336,text,true,,953,522,452,452,https://restful-booker.herokuapp.com/booking,205,0,0
1789683501693,206,CreateBooking,200,OK,Thread Group 1-297,text,true,,952,521,452,452,https://restful-booker.herokuapp.com/booking,206,0,0
1789683501489,416,Get Booking IDs,200,OK,Thread Group 1-128,text,true,,55908,248,454,454,https://restful-booker.herokuapp.com/booking,147,0,0
1789683501698,208,CreateBooking,200,OK,Thread Group 1-288,text,true,,953,522,453,453,https://restful-booker.herokuapp.com/booking,208,0,0
1789683501782,134,Get Booking,200,OK,Thread Group 1-247,text,true,,916,253,455,455,https://restful-booker.herokuapp.com/booking/4160,134,0,0
1789683501717,199,CreateBooking,200,OK,Thread Group 1-333,text,true,,952,521,455,455,https://restful-booker.herokuapp.com/booking,199,0,0
1789683501157,763,Get Booking IDs,200,OK,Thread Group 1-48,text,true,,55205,248,456,456,https://restful-booker.herokuapp.com/booking,140,0,0
1789683501720,202,Get Booking,200,OK,Thread Group 1-196,text,true,,922,253,455,455,https://restful-booker.herokuapp.com/booking/4174,202,0,0
1789683501721,202,Get Booking,200,OK,Thread Group 1-218,text,true,,922,253,455,455,https://restful-booker.herokuapp.com/booking/4171,202,0,0
1789683501721,202,CreateBooking,200,OK,Thread Group 1-327,text,true,,952,521,455,455,https://restful-booker.herokuapp.com/booking,202,0,0
1789683501166,758,Get Booking IDs,200,OK,Thread Group 1-97,text,true,,55224,248,455,455,https://restful-booker.herokuapp.com/booking,150,0,0
1789683501790,139,Get Booking,200,OK,Thread Group 1-274,text,true,,915,253,456,456,https://restful-booker.herokuapp.com/booking/4181,139,0,0
1789683501527,411,Get Booking IDs,200,OK,Thread Group 1-111,text,true,,56003,248,458,458,https://restful-booker.herokuapp.com/booking,276,0,0
1789683501730,208,CreateBooking,200,OK,Thread Group 1-294,text,true,,951,520,458,458,https://restful-booker.herokuapp.com/booking,208,0,0
1789683501808,139,CreateBooking,200,OK,Thread Group 1-307,text,true,,941,518,460,460,https://restful-booker.herokuapp.com/booking,139,0,0
1789683501531,421,Get Booking IDs,200,OK,Thread Group 1-140,text,true,,56003,248,461,461,https://restful-booker.herokuapp.com/booking,284,0,0
1789683501741,215,Get Booking,200,OK,Thread Group 1-198,text,true,,916,253,461,461,https://restful-booker.herokuapp.com/booking/4157,215,0,0
1789683501819,137,CreateBooking,200,OK,Thread Group 1-303,text,true,,944,521,461,461,https://restful-booker.herokuapp.com/booking,137,0,0
1789683501819,137,CreateBooking,200,OK,Thread Group 1-334,text,true,,943,520,461,461,https://restful-booker.herokuapp.com/booking,137,0,0
1789683501825,134,Get Booking,200,OK,Thread Group 1-234,text,true,,915,253,461,461,https://restful-booker.herokuapp.com/booking/4182,134,0,0
1789683501377,582,Login,200,OK,Thread Group 1-382,text,true,,770,325,461,461,https://restful-booker.herokuapp.com/auth,582,0,447
1789683501823,139,CreateBooking,200,OK,Thread Group 1-278,text,true,,943,520,461,461,https://restful-booker.herokuapp.com/booking,139,0,0
1789683501407,561,Login,200,OK,Thread Group 1-422,text,true,,770,325,462,462,https://restful-booker.herokuapp.com/auth,561,0,425
1789683501751,222,Get Booking,200,OK,Thread Group 1-244,text,true,,912,253,462,462,https://restful-booker.herokuapp.com/booking/4168,222,0,0
1789683501561,415,Get Booking IDs,200,OK,Thread Group 1-108,text,true,,56060,248,463,463,https://restful-booker.herokuapp.com/booking,140,0,0
1789683501842,139,Get Booking,200,OK,Thread Group 1-257,text,true,,915,253,462,462,https://restful-booker.herokuapp.com/booking/4187,139,0,0
1789683501416,565,Login,200,OK,Thread Group 1-418,text,true,,770,325,462,462,https://restful-booker.herokuapp.com/auth,565,0,426
1789683501844,138,CreateBooking,200,OK,Thread Group 1-348,text,true,,943,520,462,462,https://restful-booker.herokuapp.com/booking,138,0,0
1789683501844,139,CreateBooking,200,OK,Thread Group 1-344,text,true,,943,520,463,463,https://restful-booker.herokuapp.com/booking,139,0,0
1789683501850,134,CreateBooking,200,OK,Thread Group 1-351,text,true,,944,521,463,463,https://restful-booker.herokuapp.com/booking,134,0,0
1789683501855,134,CreateBooking,200,OK,Thread Group 1-347,text,true,,943,520,464,464,https://restful-booker.herokuapp.com/booking,134,0,0
1789683501193,801,Get Booking IDs,200,OK,Thread Group 1-114,text,true,,55243,248,466,466,https://restful-booker.herokuapp.com/booking,137,0,0
1789683501859,136,CreateBooking,200,OK,Thread Group 1-311,text,true,,945,522,465,465,https://restful-booker.herokuapp.com/booking,136,0,0
1789683501200,795,Login,200,OK,Thread Group 1-364,text,true,,770,325,465,465,https://restful-booker.herokuapp.com/auth,795,0,570
1789683501209,792,Get Booking IDs,200,OK,Thread Group 1-110,text,true,,55262,248,466,466,https://restful-booker.herokuapp.com/booking,139,0,0
1789683501212,793,Login,200,OK,Thread Group 1-419,text,true,,770,325,466,466,https://restful-booker.herokuapp.com/auth,793,0,574
1789683501451,569,Login,200,OK,Thread Group 1-403,text,true,,770,325,469,469,https://restful-booker.herokuapp.com/auth,569,0,435
1789683501442,582,Login,200,OK,Thread Group 1-408,text,true,,770,325,470,470,https://restful-booker.herokuapp.com/auth,582,0,446
1789683501465,559,Login,200,OK,Thread Group 1-429,text,true,,770,325,470,470,https://restful-booker.herokuapp.com/auth,559,0,423
1789683501467,561,Login,200,OK,Thread Group 1-427,text,true,,770,325,470,470,https://restful-booker.herokuapp.com/auth,561,0,424
1789683501440,591,Login,200,OK,Thread Group 1-412,text,true,,770,325,471,471,https://restful-booker.herokuapp.com/auth,591,0,453
1789683501895,137,UpdateBooking - PUT,200,OK,Thread Group 1-24,text,true,,914,524,470,470,https://restful-booker.herokuapp.com/booking/4084,137,0,0
1789683501825,207,Get Booking,200,OK,Thread Group 1-268,text,true,,912,253,470,470,https://restful-booker.herokuapp.com/booking/4191,207,0,0
1789683501825,207,Get Booking,200,OK,Thread Group 1-243,text,true,,915,253,470,470,https://restful-booker.herokuapp.com/booking/4170,207,0,0
1789683501231,801,Login,200,OK,Thread Group 1-363,text,true,,770,325,470,470,https://restful-booker.herokuapp.com/auth,801,0,593
1789683500939,1094,Login,200,OK,Thread Group 1-362,text,true,,778,325,470,470,https://restful-booker.herokuapp.com/auth,1094,0,463
1789683501829,209,Get Booking,200,OK,Thread Group 1-204,text,true,,915,253,470,470,https://restful-booker.herokuapp.com/booking/4156,209,0,0
1789683501835,203,CreateBooking,200,OK,Thread Group 1-306,text,true,,944,521,470,470,https://restful-booker.herokuapp.com/booking,203,0,0
1789683501899,139,CreateBooking,200,OK,Thread Group 1-330,text,true,,941,518,470,470,https://restful-booker.herokuapp.com/booking,139,0,0
1789683501841,206,Get Booking,200,OK,Thread Group 1-320,text,true,,914,253,473,473,https://restful-booker.herokuapp.com/booking/4185,206,0,0
1789683501911,137,Get Booking,200,OK,Thread Group 1-280,text,true,,916,253,473,473,https://restful-booker.herokuapp.com/booking/4183,137,0,0
1789683501914,136,CreateBooking,200,OK,Thread Group 1-356,text,true,,944,521,473,473,https://restful-booker.herokuapp.com/booking,136,0,0
1789683501121,929,Get Booking IDs,200,OK,Thread Group 1-16,text,true,,55186,248,473,473,https://restful-booker.herokuapp.com/booking,289,0,0
1789683501916,139,UpdateBooking - PUT,200,OK,Thread Group 1-117,text,true,,914,524,473,473,https://restful-booker.herokuapp.com/booking/4104,139,0,0
1789683501914,141,UpdateBooking - PUT,200,OK,Thread Group 1-104,text,true,,914,524,473,473,https://restful-booker.herokuapp.com/booking/4068,141,0,0
1789683501844,211,CreateBooking,200,OK,Thread Group 1-291,text,true,,944,521,473,473,https://restful-booker.herokuapp.com/booking,211,0,0
1789683501266,792,Get Booking IDs,200,OK,Thread Group 1-133,text,true,,55395,248,474,474,https://restful-booker.herokuapp.com/booking,167,0,0
1789683501923,135,Get Booking,200,OK,Thread Group 1-201,text,true,,915,253,474,474,https://restful-booker.herokuapp.com/booking/4178,135,0,0
1789683501272,786,Login,200,OK,Thread Group 1-402,text,true,,770,325,474,474,https://restful-booker.herokuapp.com/auth,786,0,590
1789683501921,139,Get Booking,200,OK,Thread Group 1-281,text,true,,916,253,472,472,https://restful-booker.herokuapp.com/booking/4202,139,0,0
1789683501497,563,Login,200,OK,Thread Group 1-424,text,true,,770,325,472,472,https://restful-booker.herokuapp.com/auth,563,0,428
1789683501929,136,Get Booking,200,OK,Thread Group 1-283,text,true,,912,253,473,473,https://restful-booker.herokuapp.com/booking/4189,136,0,0
1789683501505,560,Login,200,OK,Thread Group 1-436,text,true,,770,325,473,473,https://restful-booker.herokuapp.com/auth,560,0,424
1789683501862,203,CreateBooking,200,OK,Thread Group 1-318,text,true,,944,521,473,473,https://restful-booker.herokuapp.com/booking,203,0,0
1789683501502,563,Login,200,OK,Thread Group 1-426,text,true,,770,325,473,473,https://restful-booker.herokuapp.com/auth,563,0,427
1789683501927,139,Get Booking,200,OK,Thread Group 1-313,text,true,,915,253,474,474,https://restful-booker.herokuapp.com/booking/4198,139,0,0
1789683501665,410,Get Booking IDs,200,OK,Thread Group 1-211,text,true,,56193,248,476,476,https://restful-booker.herokuapp.com/booking,140,0,0
1789683501869,207,Get Booking,200,OK,Thread Group 1-217,text,true,,912,253,476,476,https://restful-booker.herokuapp.com/booking/4172,207,0,0
1789683501873,204,CreateBooking,200,OK,Thread Group 1-308,text,true,,941,518,476,476,https://restful-booker.herokuapp.com/booking,204,0,0
1789683501283,798,Get Booking IDs,200,OK,Thread Group 1-84,text,true,,55433,248,477,477,https://restful-booker.herokuapp.com/booking,180,0,0
1789683501876,205,Get Booking,200,OK,Thread Group 1-264,text,true,,915,253,477,477,https://restful-booker.herokuapp.com/booking/4173,205,0,0
1789683501884,200,Get Booking,200,OK,Thread Group 1-270,text,true,,912,253,478,478,https://restful-booker.herokuapp.com/booking/4184,200,0,0
1789683501695,399,Get Booking IDs,200,OK,Thread Group 1-161,text,true,,56231,248,480,480,https://restful-booker.herokuapp.com/booking,134,0,0
1789683501898,202,Get Booking,200,OK,Thread Group 1-221,text,true,,916,253,481,481,https://restful-booker.herokuapp.com/booking/4180,202,0,0
1789683501303,806,Login,200,OK,Thread Group 1-416,text,true,,770,325,483,483,https://restful-booker.herokuapp.com/auth,806,0,610
1789683501693,421,Get Booking IDs,200,OK,Thread Group 1-191,text,true,,56212,248,484,484,https://restful-booker.herokuapp.com/booking,275,0,0
1789683501973,143,CreateBooking,200,OK,Thread Group 1-358,text,true,,944,521,485,485,https://restful-booker.herokuapp.com/booking,143,0,0
1789683501917,202,Get Booking,200,OK,Thread Group 1-256,text,true,,914,253,485,485,https://restful-booker.herokuapp.com/booking/4192,202,0,0
1789683501540,589,CreateBooking,200,OK,Thread Group 1-287,text,true,,952,521,488,488,https://restful-booker.herokuapp.com/booking,589,0,0
1789683501940,191,Get Booking,200,OK,Thread Group 1-304,text,true,,914,253,488,488,https://restful-booker.herokuapp.com/booking/4193,191,0,0
1789683501937,194,CreateBooking,200,OK,Thread Group 1-326,text,true,,944,521,488,488,https://restful-booker.herokuapp.com/booking,194,0,0
1789683501541,590,CreateBooking,200,OK,Thread Group 1-261,text,true,,952,521,488,488,https://restful-booker.herokuapp.com/booking,590,0,0
1789683501943,190,CreateBooking,200,OK,Thread Group 1-328,text,true,,943,520,488,488,https://restful-booker.herokuapp.com/booking,190,0,0
1789683501943,194,CreateBooking,200,OK,Thread Group 1-331,text,true,,945,522,489,489,https://restful-booker.herokuapp.com/booking,194,0,0
1789683501572,575,Get Booking,200,OK,Thread Group 1-231,text,true,,923,253,492,492,https://restful-booker.herokuapp.com/booking/4153,575,0,0
1789683502014,133,UpdateBooking - PUT,200,OK,Thread Group 1-57,text,true,,914,524,492,492,https://restful-booker.herokuapp.com/booking/4078,133,0,0
1789683502020,136,Get Booking,200,OK,Thread Group 1-276,text,true,,912,253,493,493,https://restful-booker.herokuapp.com/booking/4194,136,0,0
1789683502023,133,Get Booking,200,OK,Thread Group 1-286,text,true,,915,253,494,494,https://restful-booker.herokuapp.com/booking/4206,133,0,0
1789683501965,196,CreateBooking,200,OK,Thread Group 1-340,text,true,,944,521,495,495,https://restful-booker.herokuapp.com/booking,196,0,0
1789683501607,555,Login,200,OK,Thread Group 1-444,text,true,,770,325,495,495,https://restful-booker.herokuapp.com/auth,555,0,421
1789683501620,547,Login,200,OK,Thread Group 1-455,text,true,,771,327,496,496,https://restful-booker.herokuapp.com/auth,547,0,411
1789683501614,553,Login,200,OK,Thread Group 1-438,text,true,,770,325,496,496,https://restful-booker.herokuapp.com/auth,553,0,417
1789683501968,203,CreateBooking,200,OK,Thread Group 1-338,text,true,,941,518,496,496,https://restful-booker.herokuapp.com/booking,203,0,0
1789683501186,989,Login,200,OK,Thread Group 1-380,text,true,,771,327,497,497,https://restful-booker.herokuapp.com/auth,989,0,790
1789683501982,198,Get Booking,200,OK,Thread Group 1-271,text,true,,914,253,498,498,https://restful-booker.herokuapp.com/booking/4188,198,0,0
1789683502043,141,CreateBooking,200,OK,Thread Group 1-391,text,true,,943,520,499,499,https://restful-booker.herokuapp.com/booking,141,0,0
1789683502040,144,CreateBooking,200,OK,Thread Group 1-397,text,true,,944,521,499,499,https://restful-booker.herokuapp.com/booking,144,0,0
1789683501774,411,Get Booking IDs,200,OK,Thread Group 1-154,text,true,,56375,248,499,499,https://restful-booker.herokuapp.com/booking,269,0,0
1789683502058,135,CreateBooking,200,OK,Thread Group 1-413,text,true,,941,518,500,500,https://restful-booker.herokuapp.com/booking,135,0,0
1789683502056,145,Get Booking,200,OK,Thread Group 1-293,text,true,,915,253,502,502,https://restful-booker.herokuapp.com/booking/4203,145,0,0
1789683501659,543,Login,200,OK,Thread Group 1-477,text,true,,770,325,503,503,https://restful-booker.herokuapp.com/auth,543,0,410
1789683501644,557,Login,200,OK,Thread Group 1-447,text,true,,770,325,503,503,https://restful-booker.herokuapp.com/auth,557,0,416
1789683502064,138,CreateBooking,200,OK,Thread Group 1-366,text,true,,944,521,503,503,https://restful-booker.herokuapp.com/booking,138,0,0
1789683502073,134,CreateBooking,200,OK,Thread Group 1-370,text,true,,941,518,504,504,https://restful-booker.herokuapp.com/booking,134,0,0
1789683501483,728,Get Booking IDs,200,OK,Thread Group 1-66,text,true,,55889,248,505,505,https://restful-booker.herokuapp.com/booking,142,0,0
1789683502077,136,CreateBooking,200,OK,Thread Group 1-361,text,true,,945,522,504,504,https://restful-booker.herokuapp.com/booking,136,0,0
1789683502004,216,Get Booking,200,OK,Thread Group 1-224,text,true,,916,253,506,506,https://restful-booker.herokuapp.com/booking/4166,216,0,0
1789683501188,1032,Login,200,OK,Thread Group 1-379,text,true,,770,325,506,506,https://restful-booker.herokuapp.com/auth,1032,0,814
1789683502085,140,Get Booking,200,OK,Thread Group 1-344,text,true,,914,253,506,506,https://restful-booker.herokuapp.com/booking/4222,140,0,0
1789683502088,137,Get Booking,200,OK,Thread Group 1-303,text,true,,915,253,506,506,https://restful-booker.herokuapp.com/booking/4217,137,0,0
1789683501678,547,Login,200,OK,Thread Group 1-479,text,true,,770,325,506,506,https://restful-booker.herokuapp.com/auth,547,0,412
1789683502010,225,Get Booking,200,OK,Thread Group 1-263,text,true,,915,253,507,507,https://restful-booker.herokuapp.com/booking/4190,225,0,0
1789683501226,1012,Get Booking IDs,200,OK,Thread Group 1-116,text,true,,55319,248,508,508,https://restful-booker.herokuapp.com/booking,157,0,0
1789683501214,1028,Login,200,OK,Thread Group 1-365,text,true,,771,327,508,508,https://restful-booker.herokuapp.com/auth,1028,0,809
1789683501253,1008,Get Booking IDs,200,OK,Thread Group 1-119,text,true,,55395,248,511,511,https://restful-booker.herokuapp.com/booking,364,0,0
1789683501701,560,Login,200,OK,Thread Group 1-474,text,true,,770,325,511,511,https://restful-booker.herokuapp.com/auth,560,0,421
1789683501699,566,Login,200,OK,Thread Group 1-465,text,true,,771,327,511,511,https://restful-booker.herokuapp.com/auth,566,0,423
1789683502125,141,Get Booking,200,OK,Thread Group 1-236,text,true,,916,253,511,511,https://restful-booker.herokuapp.com/booking/4186,141,0,0
1789683501851,415,Get Booking IDs,200,OK,Thread Group 1-194,text,true,,56546,248,511,511,https://restful-booker.herokuapp.com/booking,272,0,0
1789683501214,1061,Login,200,OK,Thread Group 1-407,text,true,,770,325,512,512,https://restful-booker.herokuapp.com/auth,1061,0,832
1789683502140,137,Get Booking,200,OK,Thread Group 1-284,text,true,,916,253,512,512,https://restful-booker.herokuapp.com/booking/4204,137,0,0
1789683501704,573,Login,200,OK,Thread Group 1-458,text,true,,770,325,512,512,https://restful-booker.herokuapp.com/auth,573,0,427
1789683502134,143,CreateBooking,200,OK,Thread Group 1-386,text,true,,944,521,512,512,https://restful-booker.herokuapp.com/booking,143,0,0
1789683502142,137,Get Booking,200,OK,Thread Group 1-311,text,true,,916,253,512,512,https://restful-booker.herokuapp.com/booking/4227,137,0,0
1789683501738,549,Login,200,OK,Thread Group 1-472,text,true,,770,325,514,514,https://restful-booker.herokuapp.com/auth,549,0,412
1789683502155,138,CreateBooking,200,OK,Thread Group 1-387,text,true,,941,518,515,515,https://restful-booker.herokuapp.com/booking,138,0,0
1789683502064,231,UpdateBooking - PUT,200,OK,Thread Group 1-31,text,true,,914,524,515,515,https://restful-booker.herokuapp.com/booking/4047,231,0,0
1789683502158,141,UpdateBooking - PUT,200,OK,Thread Group 1-144,text,true,,914,524,516,516,https://restful-booker.herokuapp.com/booking/4117,141,0,0
1789683502162,141,Get Booking,200,OK,Thread Group 1-334,text,true,,914,253,517,517,https://restful-booker.herokuapp.com/booking/4218,141,0,0
1789683501756,547,Login,200,OK,Thread Group 1-464,text,true,,770,325,517,517,https://restful-booker.herokuapp.com/auth,547,0,408
1789683502077,228,Get Booking,200,OK,Thread Group 1-288,text,true,,916,253,518,518,https://restful-booker.herokuapp.com/booking/4209,228,0,0
1789683502074,232,Get Booking,200,OK,Thread Group 1-273,text,true,,912,253,518,518,https://restful-booker.herokuapp.com/booking/4195,232,0,0
1789683501262,1044,Get Booking IDs,200,OK,Thread Group 1-123,text,true,,55395,248,518,518,https://restful-booker.herokuapp.com/booking,163,0,0
1789683501679,628,Get Booking,200,OK,Thread Group 1-228,text,true,,920,253,518,518,https://restful-booker.herokuapp.com/booking/4165,628,0,0
1789683501895,420,Get Booking IDs,200,OK,Thread Group 1-206,text,true,,56641,248,519,519,https://restful-booker.herokuapp.com/booking,142,0,0
1789683501911,414,Get Booking IDs,200,OK,Thread Group 1-183,text,true,,56660,248,520,520,https://restful-booker.herokuapp.com/booking,139,0,0
1789683501474,858,Get Booking IDs,200,OK,Thread Group 1-138,text,true,,55889,248,521,521,https://restful-booker.herokuapp.com/booking,474,0,0
1789683502190,145,UpdateBooking - PATCH,200,OK,Thread Group 1-117,text,true,,914,333,521,521,https://restful-booker.herokuapp.com/booking/4104,145,0,0
1789683501926,409,Get Booking IDs,200,OK,Thread Group 1-160,text,true,,56679,248,521,521,https://restful-booker.herokuapp.com/booking,137,0,0
1789683501770,565,Login,200,OK,Thread Group 1-469,text,true,,770,325,521,521,https://restful-booker.herokuapp.com/auth,565,0,422
1789683501793,543,Login,200,OK,Thread Group 1-473,text,true,,770,325,519,519,https://restful-booker.herokuapp.com/auth,543,0,409
1789683502202,139,Get Booking,200,OK,Thread Group 1-314,text,true,,912,253,520,520,https://restful-booker.herokuapp.com/booking/4201,139,0,0
1789683502118,224,Get Booking,200,OK,Thread Group 1-333,text,true,,915,253,520,520,https://restful-booker.herokuapp.com/booking/4211,224,0,0
1789683502205,137,CreateBooking,200,OK,Thread Group 1-384,text,true,,944,521,520,520,https://restful-booker.herokuapp.com/booking,137,0,0
1789683502212,134,Get Booking,200,OK,Thread Group 1-351,text,true,,915,253,521,521,https://restful-booker.herokuapp.com/booking/4224,133,0,0
1789683502124,227,Get Booking,200,OK,Thread Group 1-323,text,true,,912,253,523,523,https://restful-booker.herokuapp.com/booking/4199,227,0,0
1789683502123,230,Get Booking,200,OK,Thread Group 1-291,text,true,,915,253,523,523,https://restful-booker.herokuapp.com/booking/4223,229,0,0
1789683502218,135,UpdateBooking - PUT,200,OK,Thread Group 1-111,text,true,,914,524,523,523,https://restful-booker.herokuapp.com/booking/4097,135,0,0
1789683502229,132,Get Booking,200,OK,Thread Group 1-360,text,true,,916,253,525,525,https://restful-booker.herokuapp.com/booking/4213,132,0,0
1789683502228,133,CreateBooking,200,OK,Thread Group 1-367,text,true,,944,521,525,525,https://restful-booker.herokuapp.com/booking,133,0,0
1789683502233,134,CreateBooking,200,OK,Thread Group 1-418,text,true,,943,520,526,526,https://restful-booker.herokuapp.com/booking,134,0,0
1789683502235,135,Get Booking,200,OK,Thread Group 1-324,text,true,,915,253,527,527,https://restful-booker.herokuapp.com/booking/4210,135,0,0
1789683501826,544,Login,200,OK,Thread Group 1-476,text,true,,770,325,527,527,https://restful-booker.herokuapp.com/auth,544,0,411
1789683502239,138,UpdateBooking - PATCH,200,OK,Thread Group 1-104,text,true,,914,333,529,529,https://restful-booker.herokuapp.com/booking/4068,138,0,0
1789683501968,410,Get Booking IDs,200,OK,Thread Group 1-186,text,true,,56793,248,529,529,https://restful-booker.herokuapp.com/booking,141,0,0
1789683501513,872,Get Booking IDs,200,OK,Thread Group 1-134,text,true,,55984,248,529,529,https://restful-booker.herokuapp.com/booking,225,0,0
1789683501968,417,Get Booking IDs,200,OK,Thread Group 1-250,text,true,,56793,248,529,529,https://restful-booker.herokuapp.com/booking,143,0,0
1789683502245,140,CreateBooking,200,OK,Thread Group 1-376,text,true,,943,520,529,529,https://restful-booker.herokuapp.com/booking,140,0,0
1789683501509,876,Login,200,OK,Thread Group 1-440,text,true,,771,327,529,529,https://restful-booker.herokuapp.com/auth,876,0,630
1789683502152,250,UpdateBooking - PUT,200,OK,Thread Group 1-97,text,true,,914,524,531,531,https://restful-booker.herokuapp.com/booking/4048,250,0,0
1789683501836,567,Login,200,OK,Thread Group 1-478,text,true,,770,325,531,531,https://restful-booker.herokuapp.com/auth,567,0,422
1789683502262,142,Get Booking,200,OK,Thread Group 1-278,text,true,,914,253,532,532,https://restful-booker.herokuapp.com/booking/4219,142,0,0
1789683501843,561,Login,200,OK,Thread Group 1-499,text,true,,770,325,532,532,https://restful-booker.herokuapp.com/auth,561,0,422
1789683501826,578,Login,200,OK,Thread Group 1-490,text,true,,771,327,532,532,https://restful-booker.herokuapp.com/auth,578,0,433
1789683502266,142,UpdateBooking - PUT,200,OK,Thread Group 1-211,text,true,,914,524,532,532,https://restful-booker.herokuapp.com/booking/4133,142,0,0
1789683501843,566,Login,200,OK,Thread Group 1-491,text,true,,770,325,532,532,https://restful-booker.herokuapp.com/auth,566,0,423
1789683501843,568,Login,200,OK,Thread Group 1-475,text,true,,771,327,532,532,https://restful-booker.herokuapp.com/auth,568,0,423
1789683501020,1392,Get Booking IDs,200,OK,Thread Group 1-61,text,true,,55034,248,532,532,https://restful-booker.herokuapp.com/booking,140,0,0
1789683502168,248,Get Booking,200,OK,Thread Group 1-327,text,true,,915,253,532,532,https://restful-booker.herokuapp.com/booking/4212,248,0,0
1789683502002,416,Get Booking IDs,200,OK,Thread Group 1-173,text,true,,56793,248,532,532,https://restful-booker.herokuapp.com/booking,134,0,0
1789683501795,624,Get Booking,200,OK,Thread Group 1-266,text,true,,914,253,531,531,https://restful-booker.herokuapp.com/booking/4169,624,0,0
1789683501863,556,Login,200,OK,Thread Group 1-496,text,true,,770,325,531,531,https://restful-booker.herokuapp.com/auth,556,0,416
1789683502277,142,CreateBooking,200,OK,Thread Group 1-427,text,true,,944,521,531,531,https://restful-booker.herokuapp.com/booking,142,0,0
1789683501865,554,Login,200,OK,Thread Group 1-488,text,true,,770,325,531,531,https://restful-booker.herokuapp.com/auth,554,0,412
1789683502285,140,Get Booking,200,OK,Thread Group 1-347,text,true,,914,253,533,533,https://restful-booker.herokuapp.com/booking/4226,140,0,0
1789683501868,557,Login,200,OK,Thread Group 1-504,text,true,,770,325,533,533,https://restful-booker.herokuapp.com/auth,557,0,416
1789683502016,410,Get Booking IDs,200,OK,Thread Group 1-178,text,true,,56793,248,533,533,https://restful-booker.herokuapp.com/booking,137,0,0
1789683501865,567,Login,200,OK,Thread Group 1-519,text,true,,770,325,533,533,https://restful-booker.herokuapp.com/auth,567,0,426
1789683502299,133,Get Booking,200,OK,Thread Group 1-348,text,true,,914,253,533,533,https://restful-booker.herokuapp.com/booking/4221,133,0,0
1789683502021,411,Get Booking IDs,200,OK,Thread Group 1-156,text,true,,56793,248,533,533,https://restful-booker.herokuapp.com/booking,137,0,0
1789683501897,539,Login,200,OK,Thread Group 1-502,text,true,,770,325,532,532,https://restful-booker.herokuapp.com/auth,539,0,406
1789683502305,133,Get Booking,200,OK,Thread Group 1-356,text,true,,915,253,531,531,https://restful-booker.herokuapp.com/booking/4231,133,0,0
1789683501209,1251,Get Booking IDs,200,OK,Thread Group 1-41,text,true,,55243,248,536,536,https://restful-booker.herokuapp.com/booking,148,0,0
1789683502327,135,CreateBooking,200,OK,Thread Group 1-436,text,true,,944,521,536,536,https://restful-booker.herokuapp.com/booking,135,0,0
1789683502334,135,Get Booking,200,OK,Thread Group 1-358,text,true,,915,253,537,537,https://restful-booker.herokuapp.com/booking/4238,135,0,0
1789683502335,136,UpdateBooking - PATCH,200,OK,Thread Group 1-57,text,true,,914,333,538,538,https://restful-booker.herokuapp.com/booking/4078,136,0,0
1789683502339,133,CreateBooking,200,OK,Thread Group 1-408,text,true,,941,518,538,538,https://restful-booker.herokuapp.com/booking,133,0,0
1789683501338,1137,Get Booking IDs,200,OK,Thread Group 1-60,text,true,,55566,248,539,539,https://restful-booker.herokuapp.com/booking,194,0,0
1789683501195,1285,Login,200,OK,Thread Group 1-374,text,true,,770,325,539,539,https://restful-booker.herokuapp.com/auth,1285,0,1049
1789683502348,134,CreateBooking,200,OK,Thread Group 1-403,text,true,,944,521,539,539,https://restful-booker.herokuapp.com/booking,134,0,0
1789683502348,138,CreateBooking,200,OK,Thread Group 1-477,text,true,,941,518,540,540,https://restful-booker.herokuapp.com/booking,138,0,0
1789683502348,141,CreateBooking,200,OK,Thread Group 1-426,text,true,,941,518,541,541,https://restful-booker.herokuapp.com/booking,141,0,0
1789683501944,549,Login,200,OK,Thread Group 1-508,text,true,,770,325,542,542,https://restful-booker.herokuapp.com/auth,549,0,411
1789683501943,550,Login,200,OK,Thread Group 1-494,text,true,,770,325,542,542,https://restful-booker.herokuapp.com/auth,550,0,412
1789683501229,1265,Get Booking IDs,200,OK,Thread Group 1-91,text,true,,55376,248,542,542,https://restful-booker.herokuapp.com/booking,165,0,0
1789683501858,636,Get Booking,200,OK,Thread Group 1-296,text,true,,916,253,542,542,https://restful-booker.herokuapp.com/booking/4176,636,0,0
1789683502258,238,Get Booking,200,OK,Thread Group 1-294,text,true,,914,253,543,543,https://restful-booker.herokuapp.com/booking/4214,238,0,0
1789683501622,879,Get Booking IDs,200,OK,Thread Group 1-158,text,true,,56193,248,544,544,https://restful-booker.herokuapp.com/booking,222,0,0
1789683501857,644,Get Booking,200,OK,Thread Group 1-241,text,true,,915,253,544,544,https://restful-booker.herokuapp.com/booking/4179,644,0,0
1789683501609,892,Login,200,OK,Thread Group 1-467,text,true,,770,325,544,544,https://restful-booker.herokuapp.com/auth,892,0,656
1789683502368,138,Get Booking,200,OK,Thread Group 1-307,text,true,,912,253,544,544,https://restful-booker.herokuapp.com/booking/4216,138,0,0
1789683502368,139,Get Booking,200,OK,Thread Group 1-330,text,true,,912,253,544,544,https://restful-booker.herokuapp.com/booking/4230,139,0,0
1789683502271,236,CreateBooking,200,OK,Thread Group 1-364,text,true,,945,522,544,544,https://restful-booker.herokuapp.com/booking,236,0,0
1789683501957,550,Login,200,OK,Thread Group 1-487,text,true,,770,325,544,544,https://restful-booker.herokuapp.com/auth,550,0,412
1789683502382,133,CreateBooking,200,OK,Thread Group 1-438,text,true,,945,522,546,546,https://restful-booker.herokuapp.com/booking,133,0,0
1789683501069,1453,Login,200,OK,Thread Group 1-339,text,true,,770,325,548,548,https://restful-booker.herokuapp.com/auth,1453,0,1206
1789683502113,415,Get Booking IDs,200,OK,Thread Group 1-216,text,true,,56888,248,548,548,https://restful-booker.herokuapp.com/booking,143,0,0
1789683502399,147,Get Booking,200,OK,Thread Group 1-386,text,true,,915,253,551,551,https://restful-booker.herokuapp.com/booking/4245,147,0,0
1789683501676,878,Login,200,OK,Thread Group 1-431,text,true,,770,325,552,552,https://restful-booker.herokuapp.com/auth,878,0,632
1789683501983,572,Login,200,OK,Thread Group 1-520,text,true,,771,327,552,552,https://restful-booker.herokuapp.com/auth,572,0,428
1789683502308,249,Get Booking,200,OK,Thread Group 1-318,text,true,,915,253,553,553,https://restful-booker.herokuapp.com/booking/4228,249,0,0
1789683502415,145,CreateBooking,200,OK,Thread Group 1-447,text,true,,944,521,554,554,https://restful-booker.herokuapp.com/booking,145,0,0
1789683501455,1105,Login,200,OK,Thread Group 1-423,text,true,,770,325,554,554,https://restful-booker.herokuapp.com/auth,1105,0,859
1789683501976,590,Login,200,OK,Thread Group 1-505,text,true,,771,327,555,555,https://restful-booker.herokuapp.com/auth,590,0,442
1789683502435,136,UpdateBooking - PATCH,200,OK,Thread Group 1-24,text,true,,914,333,555,555,https://restful-booker.herokuapp.com/booking/4084,136,0,0
1789683502019,552,Login,200,OK,Thread Group 1-535,text,true,,771,327,555,555,https://restful-booker.herokuapp.com/auth,552,0,413
1789683502011,560,Login,200,OK,Thread Group 1-507,text,true,,770,325,555,555,https://restful-booker.herokuapp.com/auth,560,0,414
1789683502328,247,CreateBooking,200,OK,Thread Group 1-368,text,true,,945,522,555,555,https://restful-booker.herokuapp.com/booking,247,0,0
1789683502328,249,Get Booking,200,OK,Thread Group 1-308,text,true,,912,253,555,555,https://restful-booker.herokuapp.com/booking/4229,249,0,0
1789683501454,1123,Login,200,OK,Thread Group 1-404,text,true,,770,325,555,555,https://restful-booker.herokuapp.com/auth,1123,0,873
1789683502456,134,CreateBooking,200,OK,Thread Group 1-474,text,true,,943,520,558,558,https://restful-booker.herokuapp.com/booking,134,0,0
1789683502454,139,Get Booking,200,OK,Thread Group 1-397,text,true,,915,253,559,559,https://restful-booker.herokuapp.com/booking/4239,139,0,0
1789683501321,1276,Get Booking IDs,200,OK,Thread Group 1-76,text,true,,55547,248,560,560,https://restful-booker.herokuapp.com/booking,405,0,0
1789683501274,1325,Get Booking IDs,200,OK,Thread Group 1-36,text,true,,55414,248,559,559,https://restful-booker.herokuapp.com/booking,176,0,0
1789683501708,895,Login,200,OK,Thread Group 1-468,text,true,,770,325,559,559,https://restful-booker.herokuapp.com/auth,895,0,643
1789683502192,416,Get Booking IDs,200,OK,Thread Group 1-260,text,true,,56945,248,560,560,https://restful-booker.herokuapp.com/booking,138,0,0
1789683502059,549,Login,200,OK,Thread Group 1-527,text,true,,770,325,560,560,https://restful-booker.herokuapp.com/auth,549,0,410
1789683502475,138,Get Booking,200,OK,Thread Group 1-413,text,true,,912,253,560,560,https://restful-booker.herokuapp.com/booking/4241,138,0,0
1789683502473,140,Get Booking,200,OK,Thread Group 1-361,text,true,,916,253,560,560,https://restful-booker.herokuapp.com/booking/4244,140,0,0
1789683501508,1115,Login,200,OK,Thread Group 1-428,text,true,,770,325,563,563,https://restful-booker.herokuapp.com/auth,1115,0,859
1789683502485,138,CreateBooking,200,OK,Thread Group 1-424,text,true,,945,522,563,563,https://restful-booker.herokuapp.com/booking,138,0,0
1789683501433,1190,Login,200,OK,Thread Group 1-441,text,true,,770,325,563,563,https://restful-booker.herokuapp.com/auth,1190,0,934
1789683502216,411,Get Booking IDs,200,OK,Thread Group 1-234,text,true,,56983,248,564,564,https://restful-booker.herokuapp.com/booking,135,0,0
1789683502492,137,Get Booking,200,OK,Thread Group 1-366,text,true,,915,253,563,563,https://restful-booker.herokuapp.com/booking/4242,137,0,0
1789683501507,1122,Login,200,OK,Thread Group 1-406,text,true,,770,325,563,563,https://restful-booker.herokuapp.com/auth,1122,0,868
1789683502382,250,Get Booking,200,OK,Thread Group 1-336,text,true,,916,253,564,564,https://restful-booker.herokuapp.com/booking/4208,250,0,0
1789683502380,252,CreateBooking,200,OK,Thread Group 1-416,text,true,,944,521,564,564,https://restful-booker.herokuapp.com/booking,252,0,0
1789683502078,561,Login,200,OK,Thread Group 1-523,text,true,,770,325,565,565,https://restful-booker.herokuapp.com/auth,561,0,417
1789683502390,249,Get Booking,200,OK,Thread Group 1-328,text,true,,914,253,566,566,https://restful-booker.herokuapp.com/booking/4235,249,0,0
1789683502089,550,Login,200,OK,Thread Group 1-532,text,true,,770,325,566,566,https://restful-booker.herokuapp.com/auth,550,0,412
1789683502096,545,Login,200,OK,Thread Group 1-517,text,true,,770,325,565,565,https://restful-booker.herokuapp.com/auth,545,0,407
1789683502390,252,Get Booking,200,OK,Thread Group 1-326,text,true,,915,253,565,565,https://restful-booker.herokuapp.com/booking/4233,252,0,0
1789683501469,1174,Login,200,OK,Thread Group 1-460,text,true,,771,327,565,565,https://restful-booker.herokuapp.com/auth,1174,0,925
1789683501517,1128,Get Booking IDs,200,OK,Thread Group 1-187,text,true,,55984,248,566,566,https://restful-booker.herokuapp.com/booking,1106,0,0
1789683501751,903,Get Booking IDs,200,OK,Thread Group 1-124,text,true,,56375,248,567,567,https://restful-booker.herokuapp.com/booking,216,0,0
1789683502108,546,Login,200,OK,Thread Group 1-536,text,true,,770,325,567,567,https://restful-booker.herokuapp.com/auth,546,0,407
1789683501756,910,Login,200,OK,Thread Group 1-456,text,true,,770,325,569,569,https://restful-booker.herokuapp.com/auth,910,0,660
1789683501522,1154,Login,200,OK,Thread Group 1-430,text,true,,771,327,572,572,https://restful-booker.herokuapp.com/auth,1154,0,894
1789683502252,427,Get Booking IDs,200,OK,Thread Group 1-238,text,true,,57040,248,573,573,https://restful-booker.herokuapp.com/booking,142,0,0
1789683502423,256,CreateBooking,200,OK,Thread Group 1-363,text,true,,943,520,573,573,https://restful-booker.herokuapp.com/booking,256,0,0
1789683502259,422,Get Booking IDs,200,OK,Thread Group 1-246,text,true,,57059,248,572,572,https://restful-booker.herokuapp.com/booking,281,0,0
1789683502428,254,Get Booking,200,OK,Thread Group 1-331,text,true,,916,253,572,572,https://restful-booker.herokuapp.com/booking/4234,253,0,0
1789683502547,138,CreateBooking,200,OK,Thread Group 1-488,text,true,,945,522,572,572,https://restful-booker.herokuapp.com/booking,138,0,0
1789683502124,567,Login,200,OK,Thread Group 1-574,text,true,,770,325,573,573,https://restful-booker.herokuapp.com/auth,567,0,428
1789683502267,431,Get Booking IDs,200,OK,Thread Group 1-247,text,true,,57059,248,575,575,https://restful-booker.herokuapp.com/booking,287,0,0
1789683502118,582,Login,200,OK,Thread Group 1-543,text,true,,770,325,574,574,https://restful-booker.herokuapp.com/auth,582,0,436
1789683502124,577,Login,200,OK,Thread Group 1-564,text,true,,770,325,575,575,https://restful-booker.herokuapp.com/auth,577,0,436
1789683502282,422,Get Booking IDs,200,OK,Thread Group 1-280,text,true,,57097,248,575,575,https://restful-booker.herokuapp.com/booking,139,0,0
1789683502308,405,Get Booking IDs,200,OK,Thread Group 1-257,text,true,,57097,248,577,577,https://restful-booker.herokuapp.com/booking,135,0,0
1789683502579,135,CreateBooking,200,OK,Thread Group 1-464,text,true,,941,518,577,577,https://restful-booker.herokuapp.com/booking,135,0,0
1789683502456,260,Get Booking,200,OK,Thread Group 1-338,text,true,,912,253,577,577,https://restful-booker.herokuapp.com/booking/4237,260,0,0
1789683502586,142,UpdateBooking - PATCH,200,OK,Thread Group 1-211,text,true,,914,333,580,580,https://restful-booker.herokuapp.com/booking/4133,142,0,0
1789683502583,147,UpdateBooking - PUT,200,OK,Thread Group 1-191,text,true,,914,524,581,581,https://restful-booker.herokuapp.com/booking/4125,147,0,0
1789683502590,140,Get Booking,200,OK,Thread Group 1-370,text,true,,912,253,581,581,https://restful-booker.herokuapp.com/booking/4243,140,0,0
1789683502162,568,Login,200,OK,Thread Group 1-556,text,true,,770,325,581,581,https://restful-booker.herokuapp.com/auth,568,0,425
1789683502465,267,Get Booking,200,OK,Thread Group 1-287,text,true,,915,253,581,581,https://restful-booker.herokuapp.com/booking/4197,267,0,0
1789683502466,266,Get Booking,200,OK,Thread Group 1-261,text,true,,915,253,581,581,https://restful-booker.herokuapp.com/booking/4196,266,0,0
1789683501539,1193,Login,200,OK,Thread Group 1-439,text,true,,770,325,581,581,https://restful-booker.herokuapp.com/auth,1193,0,930
1789683502318,417,Get Booking IDs,200,OK,Thread Group 1-281,text,true,,57097,248,581,581,https://restful-booker.herokuapp.com/booking,139,0,0
1789683502597,138,CreateBooking,200,OK,Thread Group 1-491,text,true,,944,521,581,581,https://restful-booker.herokuapp.com/booking,138,0,0
1789683502478,258,Get Booking,200,OK,Thread Group 1-306,text,true,,915,253,580,580,https://restful-booker.herokuapp.com/booking/4220,258,0,0
1789683502601,135,CreateBooking,200,OK,Thread Group 1-444,text,true,,943,520,580,580,https://restful-booker.herokuapp.com/booking,135,0,0
1789683502489,253,UpdateBooking - PATCH,200,OK,Thread Group 1-31,text,true,,914,333,582,582,https://restful-booker.herokuapp.com/booking/4047,253,0,0
1789683502497,252,CreateBooking,200,OK,Thread Group 1-380,text,true,,944,521,583,583,https://restful-booker.herokuapp.com/booking,252,0,0
1789683501819,931,Login,200,OK,Thread Group 1-466,text,true,,770,325,584,584,https://restful-booker.herokuapp.com/auth,931,0,678
1789683502609,143,DeleteBooking,200,OK,Thread Group 1-117,text,true,,914,253,584,584,https://restful-booker.herokuapp.com/booking/4104,143,0,0
1789683502610,144,CreateBooking,200,OK,Thread Group 1-458,text,true,,944,521,583,583,https://restful-booker.herokuapp.com/booking,144,0,0
1789683502194,572,Login,200,OK,Thread Group 1-575,text,true,,771,327,586,586,https://restful-booker.herokuapp.com/auth,572,0,421
1789683502363,414,Get Booking IDs,200,OK,Thread Group 1-236,text,true,,57211,248,587,587,https://restful-booker.herokuapp.com/booking,135,0,0
1789683502209,572,Login,200,OK,Thread Group 1-553,text,true,,770,325,587,587,https://restful-booker.herokuapp.com/auth,572,0,430
1789683502644,138,Get Booking,200,OK,Thread Group 1-387,text,true,,912,253,587,587,https://restful-booker.herokuapp.com/booking/4246,138,0,0
1789683502644,140,UpdateBooking - PATCH,200,OK,Thread Group 1-111,text,true,,914,333,588,588,https://restful-booker.herokuapp.com/booking/4097,140,0,0
1789683502656,152,Get Booking,200,OK,Thread Group 1-477,text,true,,912,253,593,593,https://restful-booker.herokuapp.com/booking/4260,152,0,0
1789683502661,147,CreateBooking,200,OK,Thread Group 1-473,text,true,,944,521,593,593,https://restful-booker.herokuapp.com/booking,147,0,0
1789683502239,569,Login,200,OK,Thread Group 1-550,text,true,,771,327,593,593,https://restful-booker.herokuapp.com/auth,569,0,415
1789683502388,422,Get Booking IDs,200,OK,Thread Group 1-201,text,true,,57249,248,594,594,https://restful-booker.herokuapp.com/booking,135,0,0
1789683502669,142,DeleteBooking,200,OK,Thread Group 1-104,text,true,,914,253,594,594,https://restful-booker.herokuapp.com/booking/4068,142,0,0
1789683502667,144,Get Booking,200,OK,Thread Group 1-403,text,true,,915,253,594,594,https://restful-booker.herokuapp.com/booking/4259,144,0,0
1789683502393,421,Get Booking IDs,200,OK,Thread Group 1-284,text,true,,57249,248,593,593,https://restful-booker.herokuapp.com/booking,274,0,0
1789683502679,138,Get Booking,200,OK,Thread Group 1-391,text,true,,914,253,594,594,https://restful-booker.herokuapp.com/booking/4240,138,0,0
1789683502251,568,Login,200,OK,Thread Group 1-576,text,true,,770,325,594,594,https://restful-booker.herokuapp.com/auth,568,0,427
1789683501860,961,Login,200,OK,Thread Group 1-500,text,true,,771,327,594,594,https://restful-booker.herokuapp.com/auth,961,0,686
1789683501354,1467,Login,200,OK,Thread Group 1-417,text,true,,770,325,594,594,https://restful-booker.herokuapp.com/auth,1467,0,1201
1789683501895,928,Get Booking IDs,200,OK,Thread Group 1-253,text,true,,56641,248,595,595,https://restful-booker.herokuapp.com/booking,195,0,0
1789683502691,136,Get Booking,200,OK,Thread Group 1-418,text,true,,914,253,595,595,https://restful-booker.herokuapp.com/booking/4251,136,0,0
1789683502398,436,Get Booking IDs,200,OK,Thread Group 1-313,text,true,,57249,248,596,596,https://restful-booker.herokuapp.com/booking,150,0,0
1789683502274,569,Login,200,OK,Thread Group 1-545,text,true,,771,327,597,597,https://restful-booker.herokuapp.com/auth,569,0,432
1789683502707,137,DeleteBooking,200,OK,Thread Group 1-24,text,true,,914,253,596,596,https://restful-booker.herokuapp.com/booking/4084,137,0,0
1789683502274,570,Login,200,OK,Thread Group 1-596,text,true,,770,325,596,596,https://restful-booker.herokuapp.com/auth,570,0,434
1789683502710,136,CreateBooking,200,OK,Thread Group 1-520,text,true,,944,521,596,596,https://restful-booker.herokuapp.com/booking,136,0,0
1789683501686,1162,Login,200,OK,Thread Group 1-463,text,true,,770,325,596,596,https://restful-booker.herokuapp.com/auth,1162,0,882
1789683502452,402,Get Booking IDs,200,OK,Thread Group 1-286,text,true,,57306,248,598,598,https://restful-booker.herokuapp.com/booking,137,0,0
1789683502266,588,Login,200,OK,Thread Group 1-587,text,true,,770,325,598,598,https://restful-booker.herokuapp.com/auth,588,0,447
1789683502195,665,Get Booking,200,OK,Thread Group 1-297,text,true,,915,253,598,598,https://restful-booker.herokuapp.com/booking/4207,665,0,0
1789683502729,141,CreateBooking,200,OK,Thread Group 1-564,text,true,,945,522,600,600,https://restful-booker.herokuapp.com/booking,141,0,0
1789683502732,138,CreateBooking,200,OK,Thread Group 1-478,text,true,,944,521,600,600,https://restful-booker.herokuapp.com/booking,138,0,0
1789683502737,139,CreateBooking,200,OK,Thread Group 1-490,text,true,,941,518,601,601,https://restful-booker.herokuapp.com/booking,139,0,0
1789683502737,141,Get Booking,200,OK,Thread Group 1-376,text,true,,914,253,602,602,https://restful-booker.herokuapp.com/booking/4252,141,0,0
1789683502744,136,UpdateBooking - PATCH,200,OK,Thread Group 1-144,text,true,,914,333,602,602,https://restful-booker.herokuapp.com/booking/4117,136,0,0
1789683502748,139,Get Booking,200,OK,Thread Group 1-384,text,true,,915,253,604,604,https://restful-booker.herokuapp.com/booking/4248,139,0,0
1789683502321,566,Login,200,OK,Thread Group 1-621,text,true,,770,325,604,604,https://restful-booker.herokuapp.com/auth,566,0,426
1789683502465,428,Get Booking IDs,200,OK,Thread Group 1-274,text,true,,57325,248,605,605,https://restful-booker.herokuapp.com/booking,145,0,0
1789683502481,415,Get Booking IDs,200,OK,Thread Group 1-276,text,true,,57344,248,605,605,https://restful-booker.herokuapp.com/booking,267,0,0
1789683502753,143,CreateBooking,200,OK,Thread Group 1-504,text,true,,944,521,605,605,https://restful-booker.herokuapp.com/booking,143,0,0
1789683501676,1222,Login,200,OK,Thread Group 1-420,text,true,,771,327,605,605,https://restful-booker.herokuapp.com/auth,1222,0,948
1789683502165,734,CreateBooking,200,OK,Thread Group 1-310,text,true,,945,522,605,605,https://restful-booker.herokuapp.com/booking,734,0,0
1789683501948,956,Get Booking IDs,200,OK,Thread Group 1-184,text,true,,56755,248,606,606,https://restful-booker.herokuapp.com/booking,194,0,0
1789683502480,425,Get Booking IDs,200,OK,Thread Group 1-283,text,true,,57344,248,606,606,https://restful-booker.herokuapp.com/booking,140,0,0
1789683502327,578,Login,200,OK,Thread Group 1-630,text,true,,771,327,606,606,https://restful-booker.herokuapp.com/auth,578,0,435
1789683502767,141,Get Booking,200,OK,Thread Group 1-367,text,true,,915,253,606,606,https://restful-booker.herokuapp.com/booking/4250,141,0,0
1789683501933,975,Login,200,OK,Thread Group 1-530,text,true,,771,327,606,606,https://restful-booker.herokuapp.com/auth,975,0,699
1789683502350,566,Login,200,OK,Thread Group 1-629,text,true,,770,325,608,608,https://restful-booker.herokuapp.com/auth,566,0,425
1789683501276,1648,Get Booking IDs,200,OK,Thread Group 1-58,text,true,,55414,248,609,609,https://restful-booker.herokuapp.com/booking,169,0,0
1789683502358,570,Login,200,OK,Thread Group 1-600,text,true,,771,327,609,609,https://restful-booker.herokuapp.com/auth,570,0,419
1789683502364,564,Login,200,OK,Thread Group 1-617,text,true,,770,325,609,609,https://restful-booker.herokuapp.com/auth,564,0,418
1789683502369,559,Login,200,OK,Thread Group 1-589,text,true,,770,325,609,609,https://restful-booker.herokuapp.com/auth,559,0,413
1789683502501,431,Get Booking IDs,200,OK,Thread Group 1-344,text,true,,57382,248,609,609,https://restful-booker.herokuapp.com/booking,141,0,0
1789683502787,145,Get Booking,200,OK,Thread Group 1-474,text,true,,914,253,609,609,https://restful-booker.herokuapp.com/booking/4267,145,0,0
1789683502786,146,CreateBooking,200,OK,Thread Group 1-476,text,true,,943,520,609,609,https://restful-booker.herokuapp.com/booking,146,0,0
1789683502783,151,CreateBooking,200,OK,Thread Group 1-496,text,true,,943,520,609,609,https://restful-booker.herokuapp.com/booking,151,0,0
1789683502512,428,Get Booking IDs,200,OK,Thread Group 1-303,text,true,,57382,248,610,610,https://restful-booker.herokuapp.com/booking,137,0,0
1789683502653,287,CreateBooking,200,OK,Thread Group 1-440,text,true,,945,522,610,610,https://restful-booker.herokuapp.com/booking,287,0,0
1789683501522,1423,Get Booking IDs,200,OK,Thread Group 1-11,text,true,,55984,248,611,611,https://restful-booker.herokuapp.com/booking,639,0,0
1789683501755,1204,Get Booking IDs,200,OK,Thread Group 1-148,text,true,,56375,248,614,614,https://restful-booker.herokuapp.com/booking,426,0,0
1789683502367,595,Login,200,OK,Thread Group 1-562,text,true,,770,325,614,614,https://restful-booker.herokuapp.com/auth,595,0,429
1789683502810,158,CreateBooking,200,OK,Thread Group 1-507,text,true,,945,522,614,614,https://restful-booker.herokuapp.com/booking,158,0,0
1789683502815,156,DeleteBooking,200,OK,Thread Group 1-57,text,true,,914,253,615,615,https://restful-booker.herokuapp.com/booking/4078,156,0,0
1789683502696,276,CreateBooking,200,OK,Thread Group 1-374,text,true,,941,518,615,615,https://restful-booker.herokuapp.com/booking,276,0,0
1789683502814,158,Get Booking,200,OK,Thread Group 1-488,text,true,,916,253,615,615,https://restful-booker.herokuapp.com/booking/4271,158,0,0
1789683502828,146,Get Booking,200,OK,Thread Group 1-408,text,true,,912,253,614,614,https://restful-booker.herokuapp.com/booking/4258,146,0,0
1789683502834,148,CreateBooking,200,OK,Thread Group 1-494,text,true,,943,520,617,617,https://restful-booker.herokuapp.com/booking,148,0,0
1789683502415,567,Login,200,OK,Thread Group 1-603,text,true,,770,325,617,617,https://restful-booker.herokuapp.com/auth,567,0,422
1789683502397,591,Login,200,OK,Thread Group 1-588,text,true,,770,325,618,618,https://restful-booker.herokuapp.com/auth,591,0,437
1789683501761,1228,Login,200,OK,Thread Group 1-470,text,true,,771,327,618,618,https://restful-booker.herokuapp.com/auth,1228,0,948
1789683502854,138,Get Booking,200,OK,Thread Group 1-436,text,true,,915,253,619,619,https://restful-booker.herokuapp.com/booking/4256,138,0,0
1789683502415,577,Login,200,OK,Thread Group 1-590,text,true,,771,327,619,619,https://restful-booker.herokuapp.com/auth,577,0,433
1789683502858,138,Get Booking,200,OK,Thread Group 1-427,text,true,,915,253,620,620,https://restful-booker.herokuapp.com/booking/4255,138,0,0
1789683502720,278,CreateBooking,200,OK,Thread Group 1-407,text,true,,945,522,620,620,https://restful-booker.herokuapp.com/booking,278,0,0
1789683502579,424,Get Booking IDs,200,OK,Thread Group 1-293,text,true,,57420,248,622,622,https://restful-booker.herokuapp.com/booking,146,0,0
1789683502868,137,DeleteBooking,200,OK,Thread Group 1-211,text,true,,914,253,622,622,https://restful-booker.herokuapp.com/booking/4133,137,0,0
1789683502874,136,CreateBooking,200,OK,Thread Group 1-508,text,true,,944,521,622,622,https://restful-booker.herokuapp.com/booking,136,0,0
1789683501786,1226,Login,200,OK,Thread Group 1-486,text,true,,770,325,623,623,https://restful-booker.herokuapp.com/auth,1226,0,946
1789683502736,285,CreateBooking,200,OK,Thread Group 1-468,text,true,,941,518,626,626,https://restful-booker.herokuapp.com/booking,285,0,0
1789683501378,1649,Login,200,OK,Thread Group 1-385,text,true,,771,327,628,628,https://restful-booker.herokuapp.com/auth,1649,0,1367
1789683502888,140,CreateBooking,200,OK,Thread Group 1-487,text,true,,944,521,628,628,https://restful-booker.herokuapp.com/booking,140,0,0
1789683502893,136,CreateBooking,200,OK,Thread Group 1-517,text,true,,944,521,628,628,https://restful-booker.herokuapp.com/booking,136,0,0
1789683501833,1200,Login,200,OK,Thread Group 1-489,text,true,,770,325,629,629,https://restful-booker.herokuapp.com/auth,1200,0,921
1789683502758,278,UpdateBooking - PATCH,200,OK,Thread Group 1-97,text,true,,914,333,629,629,https://restful-booker.herokuapp.com/booking/4048,278,0,0
1789683502626,421,Get Booking IDs,200,OK,Thread Group 1-360,text,true,,57477,248,632,632,https://restful-booker.herokuapp.com/booking,279,0,0
1789683502899,148,CreateBooking,200,OK,Thread Group 1-523,text,true,,941,518,632,632,https://restful-booker.herokuapp.com/booking,148,0,0
1789683502479,569,Login,200,OK,Thread Group 1-582,text,true,,770,325,632,632,https://restful-booker.herokuapp.com/auth,569,0,429
1789683501410,1659,Get Booking IDs,200,OK,Thread Group 1-113,text,true,,55718,248,636,636,https://restful-booker.herokuapp.com/booking,648,0,0
1789683502638,449,Get Booking IDs,200,OK,Thread Group 1-311,text,true,,57515,248,641,641,https://restful-booker.herokuapp.com/booking,140,0,0
1789683502065,1022,Login,200,OK,Thread Group 1-566,text,true,,770,325,641,641,https://restful-booker.herokuapp.com/auth,1022,0,746
1789683502927,164,Get Booking,200,OK,Thread Group 1-424,text,true,,916,253,642,642,https://restful-booker.herokuapp.com/booking/4269,164,0,0
1789683502815,276,CreateBooking,200,OK,Thread Group 1-404,text,true,,944,521,642,642,https://restful-booker.herokuapp.com/booking,276,0,0
1789683502928,167,Get Booking,200,OK,Thread Group 1-444,text,true,,914,253,643,643,https://restful-booker.herokuapp.com/booking/4274,167,0,0
1789683502932,167,Get Booking,200,OK,Thread Group 1-426,text,true,,912,253,644,644,https://restful-booker.herokuapp.com/booking/4261,167,0,0
1789683502841,269,CreateBooking,200,OK,Thread Group 1-428,text,true,,943,520,647,647,https://restful-booker.herokuapp.com/booking,269,0,0
1789683502840,271,Get Booking,200,OK,Thread Group 1-364,text,true,,916,253,647,647,https://restful-booker.herokuapp.com/booking/4254,271,0,0
1789683502407,719,Get Booking,200,OK,Thread Group 1-340,text,true,,915,253,652,652,https://restful-booker.herokuapp.com/booking/4236,719,0,0
1789683502102,1034,Login,200,OK,Thread Group 1-544,text,true,,770,325,655,655,https://restful-booker.herokuapp.com/auth,1034,0,758
1789683501441,1697,Get Booking IDs,200,OK,Thread Group 1-26,text,true,,55813,248,655,655,https://restful-booker.herokuapp.com/booking,425,0,0
1789683502869,272,CreateBooking,200,OK,Thread Group 1-417,text,true,,941,518,655,655,https://restful-booker.herokuapp.com/booking,272,0,0
1789683501726,1419,Get Booking IDs,200,OK,Thread Group 1-164,text,true,,56326,248,657,657,https://restful-booker.herokuapp.com/booking,203,0,0
1789683501649,1501,Login,200,OK,Thread Group 1-453,text,true,,770,325,658,658,https://restful-booker.herokuapp.com/auth,1501,0,1229
1789683502886,276,CreateBooking,200,OK,Thread Group 1-430,text,true,,941,518,662,662,https://restful-booker.herokuapp.com/booking,276,0,0
1789683502892,273,CreateBooking,200,OK,Thread Group 1-466,text,true,,941,518,662,662,https://restful-booker.herokuapp.com/booking,273,0,0
1789683502970,196,CreateBooking,200,OK,Thread Group 1-536,text,true,,945,522,663,663,https://restful-booker.herokuapp.com/booking,196,0,0
1789683502532,635,Login,200,OK,Thread Group 1-637,text,true,,770,325,663,663,https://restful-booker.herokuapp.com/auth,635,0,440
1789683502895,276,CreateBooking,200,OK,Thread Group 1-467,text,true,,945,522,664,664,https://restful-booker.herokuapp.com/booking,276,0,0
1789683502910,265,Get Booking,200,OK,Thread Group 1-416,text,true,,915,253,666,666,https://restful-booker.herokuapp.com/booking/4262,265,0,0
1789683502690,488,Get Booking IDs,200,OK,Thread Group 1-351,text,true,,57572,248,666,666,https://restful-booker.herokuapp.com/booking,139,0,0
1789683502546,632,Login,200,OK,Thread Group 1-631,text,true,,770,325,666,666,https://restful-booker.herokuapp.com/auth,632,0,429
1789683502913,265,DeleteBooking,200,OK,Thread Group 1-31,text,true,,914,253,666,666,https://restful-booker.herokuapp.com/booking/4047,265,0,0
1789683502549,629,Login,200,OK,Thread Group 1-614,text,true,,770,325,666,666,https://restful-booker.herokuapp.com/auth,629,0,426
1789683502915,265,Get Booking,200,OK,Thread Group 1-368,text,true,,916,253,666,666,https://restful-booker.herokuapp.com/booking/4257,265,0,0
1789683502524,656,Login,200,OK,Thread Group 1-653,text,true,,770,325,666,666,https://restful-booker.herokuapp.com/auth,656,0,450
1789683502913,267,CreateBooking,200,OK,Thread Group 1-441,text,true,,945,522,666,666,https://restful-booker.herokuapp.com/booking,267,0,0
1789683502921,269,UpdateBooking - PUT,200,OK,Thread Group 1-91,text,true,,914,524,669,669,https://restful-booker.herokuapp.com/booking/4069,269,0,0
1789683502924,268,CreateBooking,200,OK,Thread Group 1-423,text,true,,943,520,669,669,https://restful-booker.herokuapp.com/booking,268,0,0
1789683502555,641,Login,200,OK,Thread Group 1-592,text,true,,770,325,671,671,https://restful-booker.herokuapp.com/auth,641,0,437
1789683502559,639,Login,200,OK,Thread Group 1-659,text,true,,770,325,671,671,https://restful-booker.herokuapp.com/auth,639,0,433
1789683503001,200,Get Booking,200,OK,Thread Group 1-438,text,true,,916,253,670,670,https://restful-booker.herokuapp.com/booking/4263,200,0,0
1789683502936,270,CreateBooking,200,OK,Thread Group 1-460,text,true,,943,520,672,672,https://restful-booker.herokuapp.com/booking,270,0,0
1789683502742,469,Get Booking IDs,200,OK,Thread Group 1-324,text,true,,57686,248,674,674,https://restful-booker.herokuapp.com/booking,270,0,0
1789683502595,617,Login,200,OK,Thread Group 1-622,text,true,,770,325,674,674,https://restful-booker.herokuapp.com/auth,617,0,420
1789683503012,200,CreateBooking,200,OK,Thread Group 1-550,text,true,,943,520,674,674,https://restful-booker.herokuapp.com/booking,200,0,0
1789683503020,197,Get Booking,200,OK,Thread Group 1-464,text,true,,912,253,675,675,https://restful-booker.herokuapp.com/booking/4272,197,0,0
1789683503027,191,Get Booking,200,OK,Thread Group 1-458,text,true,,915,253,675,675,https://restful-booker.herokuapp.com/booking/4275,191,0,0
1789683502946,272,CreateBooking,200,OK,Thread Group 1-431,text,true,,941,518,675,675,https://restful-booker.herokuapp.com/booking,272,0,0
1789683503026,193,UpdateBooking - PUT,200,OK,Thread Group 1-257,text,true,,914,524,675,675,https://restful-booker.herokuapp.com/booking/4187,193,0,0
1789683501682,1539,Login,200,OK,Thread Group 1-433,text,true,,770,325,676,676,https://restful-booker.herokuapp.com/auth,1539,0,648
1789683503035,196,Get Booking,200,OK,Thread Group 1-447,text,true,,915,253,678,678,https://restful-booker.herokuapp.com/booking/4264,195,0,0
1789683503044,191,UpdateBooking - PUT,200,OK,Thread Group 1-344,text,true,,914,524,680,680,https://restful-booker.herokuapp.com/booking/4222,191,0,0
1789683501935,1300,Login,200,OK,Thread Group 1-485,text,true,,771,327,680,680,https://restful-booker.herokuapp.com/auth,1300,0,1027
1789683501396,1842,Login,200,OK,Thread Group 1-394,text,true,,770,325,679,679,https://restful-booker.herokuapp.com/auth,1842,0,1571
1789683502195,1043,Login,200,OK,Thread Group 1-572,text,true,,770,325,679,679,https://restful-booker.herokuapp.com/auth,1043,0,773
1789683502971,272,UpdateBooking - PUT,200,OK,Thread Group 1-124,text,true,,914,524,680,680,https://restful-booker.herokuapp.com/booking/4092,272,0,0
1789683503067,177,DeleteBooking,200,OK,Thread Group 1-111,text,true,,914,253,680,680,https://restful-booker.herokuapp.com/booking/4097,177,0,0
1789683502617,630,Login,200,OK,Thread Group 1-633,text,true,,770,325,680,680,https://restful-booker.herokuapp.com/auth,630,0,460
1789683503078,169,CreateBooking,200,OK,Thread Group 1-543,text,true,,943,520,680,680,https://restful-booker.herokuapp.com/booking,169,0,0
1789683503093,161,Get Booking,200,OK,Thread Group 1-476,text,true,,914,253,682,682,https://restful-booker.herokuapp.com/booking/4290,161,0,0
1789683503097,160,Get Booking,200,OK,Thread Group 1-478,text,true,,915,253,683,683,https://restful-booker.herokuapp.com/booking/4285,160,0,0
1789683503113,148,UpdateBooking - PATCH,200,OK,Thread Group 1-191,text,true,,914,333,684,684,https://restful-booker.herokuapp.com/booking/4125,148,0,0
1789683503121,142,Get Booking,200,OK,Thread Group 1-520,text,true,,915,253,684,684,https://restful-booker.herokuapp.com/booking/4282,142,0,0
1789683502213,1050,Login,200,OK,Thread Group 1-547,text,true,,770,325,684,684,https://restful-booker.herokuapp.com/auth,1050,0,773
1789683503118,145,CreateBooking,200,OK,Thread Group 1-556,text,true,,944,521,684,684,https://restful-booker.herokuapp.com/booking,145,0,0
1789683502652,614,Get Booking IDs,200,OK,Thread Group 1-356,text,true,,57515,248,685,685,https://restful-booker.herokuapp.com/booking,144,0,0
1789683502646,623,Get Booking IDs,200,OK,Thread Group 1-314,text,true,,57515,248,685,685,https://restful-booker.herokuapp.com/booking,294,0,0
1789683503122,149,CreateBooking,200,OK,Thread Group 1-576,text,true,,945,522,685,685,https://restful-booker.herokuapp.com/booking,149,0,0
1789683503125,150,Get Booking,200,OK,Thread Group 1-504,text,true,,915,253,686,686,https://restful-booker.herokuapp.com/booking/4288,150,0,0
1789683502638,643,Login,200,OK,Thread Group 1-615,text,true,,771,327,688,688,https://restful-booker.herokuapp.com/auth,643,0,490
1789683503135,152,Get Booking,200,OK,Thread Group 1-564,text,true,,916,253,689,689,https://restful-booker.herokuapp.com/booking/4284,152,0,0
1789683502795,495,Get Booking IDs,200,OK,Thread Group 1-334,text,true,,57724,248,690,690,https://restful-booker.herokuapp.com/booking,155,0,0
1789683502260,1041,Login,200,OK,Thread Group 1-561,text,true,,770,325,692,692,https://restful-booker.herokuapp.com/auth,1041,0,776
1789683503144,160,UpdateBooking - PUT,200,OK,Thread Group 1-284,text,true,,914,524,693,693,https://restful-booker.herokuapp.com/booking/4204,160,0,0
1789683502652,654,Login,200,OK,Thread Group 1-634,text,true,,770,325,694,694,https://restful-booker.herokuapp.com/auth,654,0,498
1789683503157,151,CreateBooking,200,OK,Thread Group 1-574,text,true,,944,521,695,695,https://restful-booker.herokuapp.com/booking,151,0,0
1789683502268,1046,Login,200,OK,Thread Group 1-538,text,true,,770,325,697,697,https://restful-booker.herokuapp.com/auth,1046,0,777
1789683502803,525,Get Booking IDs,200,OK,Thread Group 1-330,text,true,,57724,248,701,701,https://restful-booker.herokuapp.com/booking,159,0,0
1789683502668,660,Login,200,OK,Thread Group 1-643,text,true,,770,325,701,701,https://restful-booker.herokuapp.com/auth,660,0,499
1789683502657,673,Login,200,OK,Thread Group 1-693,text,true,,770,325,700,700,https://restful-booker.herokuapp.com/auth,673,0,510
1789683503057,275,Get Booking,200,OK,Thread Group 1-363,text,true,,914,253,701,701,https://restful-booker.herokuapp.com/booking/4266,275,0,0
1789683503169,164,Get Booking,200,OK,Thread Group 1-494,text,true,,914,253,701,701,https://restful-booker.herokuapp.com/booking/4294,164,0,0
1789683502680,658,Login,200,OK,Thread Group 1-716,text,true,,770,325,703,703,https://restful-booker.herokuapp.com/auth,658,0,495
1789683503175,164,CreateBooking,200,OK,Thread Group 1-553,text,true,,944,521,703,703,https://restful-booker.herokuapp.com/booking,164,0,0
1789683502674,665,Login,200,OK,Thread Group 1-646,text,true,,770,325,703,703,https://restful-booker.herokuapp.com/auth,665,0,504
1789683502669,670,Login,200,OK,Thread Group 1-649,text,true,,770,325,703,703,https://restful-booker.herokuapp.com/auth,670,0,509
1789683502011,1342,Login,200,OK,Thread Group 1-534,text,true,,770,325,707,707,https://restful-booker.herokuapp.com/auth,1342,0,1080
1789683503094,261,CreateBooking,200,OK,Thread Group 1-456,text,true,,944,521,707,707,https://restful-booker.herokuapp.com/booking,261,0,0
1789683503108,260,CreateBooking,200,OK,Thread Group 1-463,text,true,,943,520,713,713,https://restful-booker.herokuapp.com/booking,260,0,0
1789683501305,2073,Get Booking IDs,200,OK,Thread Group 1-71,text,false,"The operation lasted too long: It took 2,073 milliseconds, but should not have lasted longer than 2,000 milliseconds.",55490,248,718,718,https://restful-booker.herokuapp.com/booking,607,0,0
1789683503130,253,Get Booking,200,OK,Thread Group 1-380,text,true,,915,253,720,720,https://restful-booker.herokuapp.com/booking/4270,253,0,0
1789683502682,704,Login,200,OK,Thread Group 1-672,text,true,,770,325,721,721,https://restful-booker.herokuapp.com/auth,704,0,506
1789683502726,666,Login,200,OK,Thread Group 1-678,text,true,,770,325,723,723,https://restful-booker.herokuapp.com/auth,666,0,471
1789683503192,202,CreateBooking,200,OK,Thread Group 1-621,text,true,,944,521,724,724,https://restful-booker.herokuapp.com/booking,202,0,0
1789683502716,680,Login,200,OK,Thread Group 1-687,text,true,,770,325,725,725,https://restful-booker.herokuapp.com/auth,680,0,482
1789683502125,1275,Get Booking IDs,200,OK,Thread Group 1-193,text,true,,56888,248,726,726,https://restful-booker.herokuapp.com/booking,1021,0,0
1789683502716,688,Login,200,OK,Thread Group 1-684,text,true,,770,325,727,727,https://restful-booker.herokuapp.com/auth,688,0,482
1789683503170,243,CreateBooking,200,OK,Thread Group 1-420,text,true,,941,518,731,731,https://restful-booker.herokuapp.com/booking,243,0,0
1789683503213,215,Get Booking,200,OK,Thread Group 1-507,text,true,,916,253,738,738,https://restful-booker.herokuapp.com/booking/4291,215,0,0
1789683502747,683,Get Booking IDs,200,OK,Thread Group 1-386,text,true,,57686,248,739,739,https://restful-booker.herokuapp.com/booking,272,0,0
1789683502757,684,Get Booking IDs,200,OK,Thread Group 1-361,text,true,,57705,248,743,743,https://restful-booker.herokuapp.com/booking,139,0,0
1789683502893,550,Get Booking IDs,200,OK,Thread Group 1-397,text,true,,57933,248,743,743,https://restful-booker.herokuapp.com/booking,139,0,0
1789683503229,214,Get Booking,200,OK,Thread Group 1-491,text,true,,915,253,743,743,https://restful-booker.herokuapp.com/booking/4273,214,0,0
1789683503233,210,Get Booking,200,OK,Thread Group 1-487,text,true,,915,253,743,743,https://restful-booker.herokuapp.com/booking/4300,210,0,0
1789683503232,211,CreateBooking,200,OK,Thread Group 1-587,text,true,,945,522,743,743,https://restful-booker.herokuapp.com/booking,211,0,0
1789683502774,673,Get Booking IDs,200,OK,Thread Group 1-307,text,true,,57686,248,745,745,https://restful-booker.herokuapp.com/booking,287,0,0
1789683503234,213,CreateBooking,200,OK,Thread Group 1-630,text,true,,944,521,745,745,https://restful-booker.herokuapp.com/booking,213,0,0
1789683501278,2169,Get Booking IDs,200,OK,Thread Group 1-103,text,false,"The operation lasted too long: It took 2,169 milliseconds, but should not have lasted longer than 2,000 milliseconds.",55414,248,745,745,https://restful-booker.herokuapp.com/booking,413,0,0
1789683503244,205,Get Booking,200,OK,Thread Group 1-473,text,true,,915,253,743,743,https://restful-booker.herokuapp.com/booking/4279,204,0,0
1789683501788,1661,Get Booking IDs,200,OK,Thread Group 1-146,text,true,,56375,248,744,744,https://restful-booker.herokuapp.com/booking,218,0,0
1789683501554,1895,Login,200,OK,Thread Group 1-415,text,true,,771,327,744,744,https://restful-booker.herokuapp.com/auth,1895,0,981
1789683502774,683,Login,200,OK,Thread Group 1-685,text,true,,771,327,744,744,https://restful-booker.herokuapp.com/auth,682,0,474
1789683503267,197,CreateBooking,200,OK,Thread Group 1-600,text,true,,945,522,747,747,https://restful-booker.herokuapp.com/booking,197,0,0
1789683501407,2057,Login,200,OK,Thread Group 1-410,text,false,"The operation lasted too long: It took 2,057 milliseconds, but should not have lasted longer than 2,000 milliseconds.",771,327,747,747,https://restful-booker.herokuapp.com/auth,2057,0,1808
1789683501401,2063,Login,200,OK,Thread Group 1-435,text,false,"The operation lasted too long: It took 2,063 milliseconds, but should not have lasted longer than 2,000 milliseconds.",771,327,747,747,https://restful-booker.herokuapp.com/auth,2063,0,1812
1789683503273,196,DeleteBooking,200,OK,Thread Group 1-144,text,true,,914,253,751,751,https://restful-booker.herokuapp.com/booking/4117,196,0,0
1789683503269,202,Get Booking,200,OK,Thread Group 1-490,text,true,,912,253,753,753,https://restful-booker.herokuapp.com/booking/4287,202,0,0
1789683503270,201,Get Booking,200,OK,Thread Group 1-496,text,true,,914,253,753,753,https://restful-booker.herokuapp.com/booking/4289,201,0,0
1789683501558,1913,Login,200,OK,Thread Group 1-483,text,true,,770,325,753,753,https://restful-booker.herokuapp.com/auth,1913,0,1660
1789683503284,194,CreateBooking,200,OK,Thread Group 1-617,text,true,,944,521,766,766,https://restful-booker.herokuapp.com/booking,194,0,0
1789683503292,190,Get Booking,200,OK,Thread Group 1-523,text,true,,912,253,773,773,https://restful-booker.herokuapp.com/booking/4304,190,0,0
1789683503298,184,CreateBooking,200,OK,Thread Group 1-603,text,true,,941,518,773,773,https://restful-booker.herokuapp.com/booking,184,0,0
1789683503294,188,CreateBooking,200,OK,Thread Group 1-596,text,true,,944,521,773,773,https://restful-booker.herokuapp.com/booking,188,0,0
1789683503313,195,Get Booking,200,OK,Thread Group 1-517,text,true,,915,253,784,784,https://restful-booker.herokuapp.com/booking/4302,195,0,0
1789683503245,275,Get Booking,200,OK,Thread Group 1-374,text,true,,912,253,784,784,https://restful-booker.herokuapp.com/booking/4281,275,0,0
1789683502825,695,Login,200,OK,Thread Group 1-707,text,true,,770,325,784,784,https://restful-booker.herokuapp.com/auth,695,0,513
1789683503338,187,CreateBooking,200,OK,Thread Group 1-588,text,true,,944,521,784,784,https://restful-booker.herokuapp.com/booking,187,0,0
1789683503258,269,Get Booking,200,OK,Thread Group 1-468,text,true,,912,253,784,784,https://restful-booker.herokuapp.com/booking/4286,269,0,0
1789683503349,184,CreateBooking,200,OK,Thread Group 1-643,text,true,,944,521,784,784,https://restful-booker.herokuapp.com/booking,184,0,0
1789683501383,2150,Login,200,OK,Thread Group 1-393,text,false,"The operation lasted too long: It took 2,150 milliseconds, but should not have lasted longer than 2,000 milliseconds.",770,325,784,784,https://restful-booker.herokuapp.com/auth,2150,0,1878
1789683502456,1081,Login,200,OK,Thread Group 1-619,text,true,,770,325,784,784,https://restful-booker.herokuapp.com/auth,1081,0,813
1789683501985,1558,Login,200,OK,Thread Group 1-493,text,true,,770,325,783,783,https://restful-booker.herokuapp.com/auth,1558,0,1285
1789683501977,1569,Get Booking IDs,200,OK,Thread Group 1-170,text,true,,56812,248,783,783,https://restful-booker.herokuapp.com/booking,702,0,0
1789683503358,188,Get Booking,200,OK,Thread Group 1-508,text,true,,915,253,783,783,https://restful-booker.herokuapp.com/booking/4297,188,0,0
1789683501316,2243,Get Booking IDs,200,OK,Thread Group 1-157,text,false,"The operation lasted too long: It took 2,243 milliseconds, but should not have lasted longer than 2,000 milliseconds.",55509,248,782,782,https://restful-booker.herokuapp.com/booking,407,0,0
1789683502465,1097,Login,200,OK,Thread Group 1-612,text,true,,770,325,782,782,https://restful-booker.herokuapp.com/auth,1097,0,828
1789683502219,1343,Login,200,OK,Thread Group 1-584,text,true,,770,325,782,782,https://restful-booker.herokuapp.com/auth,1343,0,1072
1789683502449,1116,UpdateBooking - PUT,200,OK,Thread Group 1-84,text,true,,914,524,781,781,https://restful-booker.herokuapp.com/booking/4055,1116,0,0
1789683503397,175,CreateBooking,200,OK,Thread Group 1-633,text,true,,944,521,781,781,https://restful-booker.herokuapp.com/booking,175,0,0
1789683502854,727,Login,200,OK,Thread Group 1-711,text,true,,770,325,781,781,https://restful-booker.herokuapp.com/auth,727,0,552
1789683502868,715,Get Booking IDs,200,OK,Thread Group 1-278,text,true,,57819,248,781,781,https://restful-booker.herokuapp.com/booking,139,0,0
1789683503428,162,CreateBooking,200,OK,Thread Group 1-646,text,true,,943,520,780,780,https://restful-booker.herokuapp.com/booking,162,0,0
1789683503423,167,CreateBooking,200,OK,Thread Group 1-590,text,true,,945,522,780,780,https://restful-booker.herokuapp.com/booking,167,0,0
1789683502917,681,Get Booking IDs,200,OK,Thread Group 1-347,text,true,,58009,248,780,780,https://restful-booker.herokuapp.com/booking,146,0,0
1789683503451,149,Get Booking,200,OK,Thread Group 1-550,text,true,,914,253,779,779,https://restful-booker.herokuapp.com/booking/4314,149,0,0
1789683503451,149,DeleteBooking,200,OK,Thread Group 1-191,text,true,,914,253,779,779,https://restful-booker.herokuapp.com/booking/4125,149,0,0
1789683502902,698,Login,200,OK,Thread Group 1-724,text,true,,770,325,779,779,https://restful-booker.herokuapp.com/auth,698,0,545
1789683503330,271,UpdateBooking - PUT,200,OK,Thread Group 1-11,text,true,,914,524,779,779,https://restful-booker.herokuapp.com/booking/4064,271,0,0
1789683503324,277,Get Booking,200,OK,Thread Group 1-404,text,true,,915,253,779,779,https://restful-booker.herokuapp.com/booking/4292,277,0,0
1789683502928,677,Login,200,OK,Thread Group 1-717,text,true,,770,325,778,778,https://restful-booker.herokuapp.com/auth,677,0,530
1789683502935,674,Login,200,OK,Thread Group 1-699,text,true,,770,325,778,778,https://restful-booker.herokuapp.com/auth,674,0,526
1789683502922,691,Login,200,OK,Thread Group 1-714,text,true,,770,325,777,777,https://restful-booker.herokuapp.com/auth,691,0,539
1789683502285,1333,Login,200,OK,Thread Group 1-571,text,true,,770,325,777,777,https://restful-booker.herokuapp.com/auth,1333,0,1061
1789683502055,1572,Get Booking IDs,200,OK,Thread Group 1-151,text,true,,56831,248,777,777,https://restful-booker.herokuapp.com/booking,478,0,0
1789683502942,689,Login,200,OK,Thread Group 1-708,text,true,,770,325,777,777,https://restful-booker.herokuapp.com/auth,689,0,529
1789683502218,1415,Login,200,OK,Thread Group 1-555,text,true,,771,327,777,777,https://restful-booker.herokuapp.com/auth,1415,0,1132
1789683503387,264,Get Booking,200,OK,Thread Group 1-431,text,true,,912,253,776,776,https://restful-booker.herokuapp.com/booking/4308,264,0,0
1789683503409,260,Get Booking,200,OK,Thread Group 1-423,text,true,,914,253,776,776,https://restful-booker.herokuapp.com/booking/4306,260,0,0
1789683502313,1359,Login,200,OK,Thread Group 1-608,text,true,,770,325,776,776,https://restful-booker.herokuapp.com/auth,1358,0,1106
1789683503496,181,Get Booking,200,OK,Thread Group 1-543,text,true,,914,253,776,776,https://restful-booker.herokuapp.com/booking/4316,181,0,0
1789683502967,721,Get Booking IDs,200,OK,Thread Group 1-413,text,true,,58104,248,776,776,https://restful-booker.herokuapp.com/booking,198,0,0
1789683503509,179,CreateBooking,200,OK,Thread Group 1-614,text,true,,941,518,776,776,https://restful-booker.herokuapp.com/booking,179,0,0
1789683502946,745,Login,200,OK,Thread Group 1-729,text,true,,770,325,775,775,https://restful-booker.herokuapp.com/auth,745,0,561
1789683503514,177,UpdateBooking - PUT,200,OK,Thread Group 1-351,text,true,,914,524,775,775,https://restful-booker.herokuapp.com/booking/4224,177,0,0
1789683503511,180,CreateBooking,200,OK,Thread Group 1-653,text,true,,944,521,775,775,https://restful-booker.herokuapp.com/booking,180,0,0
1789683502646,1048,Get Booking IDs,200,OK,Thread Group 1-291,text,true,,57515,248,774,774,https://restful-booker.herokuapp.com/booking,284,0,0
1789683503517,177,UpdateBooking - PATCH,200,OK,Thread Group 1-344,text,true,,914,333,774,774,https://restful-booker.herokuapp.com/booking/4222,177,0,0
1789683503521,173,CreateBooking,200,OK,Thread Group 1-634,text,true,,943,520,774,774,https://restful-booker.herokuapp.com/booking,173,0,0
1789683502802,892,Login,200,OK,Thread Group 1-698,text,true,,770,325,774,774,https://restful-booker.herokuapp.com/auth,892,0,715
1789683503518,178,Get Booking,200,OK,Thread Group 1-621,text,true,,915,253,774,774,https://restful-booker.herokuapp.com/booking/4327,178,0,0
1789683503445,251,CreateBooking,200,OK,Thread Group 1-433,text,true,,943,520,774,774,https://restful-booker.herokuapp.com/booking,251,0,0
1789683503523,175,CreateBooking,200,OK,Thread Group 1-684,text,true,,944,521,774,774,https://restful-booker.herokuapp.com/booking,175,0,0
1789683503449,252,CreateBooking,200,OK,Thread Group 1-470,text,true,,943,520,774,774,https://restful-booker.herokuapp.com/booking,252,0,0
1789683502971,740,Login,200,OK,Thread Group 1-741,text,true,,770,325,774,774,https://restful-booker.herokuapp.com/auth,740,0,570
1789683502985,727,Get Booking IDs,200,OK,Thread Group 1-366,text,true,,58123,248,774,774,https://restful-booker.herokuapp.com/booking,200,0,0
1789683503555,166,UpdateBooking - PUT,200,OK,Thread Group 1-324,text,true,,914,524,773,773,https://restful-booker.herokuapp.com/booking/4210,166,0,0
1789683501356,2365,Login,200,OK,Thread Group 1-389,text,false,"The operation lasted too long: It took 2,365 milliseconds, but should not have lasted longer than 2,000 milliseconds.",770,325,773,773,https://restful-booker.herokuapp.com/auth,2365,0,2116
1789683503470,256,Get Booking,200,OK,Thread Group 1-417,text,true,,912,253,772,772,https://restful-booker.herokuapp.com/booking/4296,256,0,0
1789683502838,893,Get Booking IDs,200,OK,Thread Group 1-348,text,true,,57800,248,772,772,https://restful-booker.herokuapp.com/booking,145,0,0
1789683501899,1835,Login,200,OK,Thread Group 1-452,text,true,,770,325,771,771,https://restful-booker.herokuapp.com/auth,1835,0,1580
1789683503561,173,UpdateBooking - PATCH,200,OK,Thread Group 1-257,text,true,,914,333,771,771,https://restful-booker.herokuapp.com/booking/4187,173,0,0
1789683503475,259,CreateBooking,200,OK,Thread Group 1-453,text,true,,943,520,771,771,https://restful-booker.herokuapp.com/booking,259,0,0
1789683501986,1749,Get Booking IDs,200,OK,Thread Group 1-177,text,true,,56793,248,770,770,https://restful-booker.herokuapp.com/booking,218,0,0
1789683503479,256,UpdateBooking - PATCH,200,OK,Thread Group 1-91,text,true,,914,333,770,770,https://restful-booker.herokuapp.com/booking/4069,256,0,0
1789683502879,856,CreateBooking,200,OK,Thread Group 1-406,text,true,,944,521,770,770,https://restful-booker.herokuapp.com/booking,856,0,0
1789683503565,172,CreateBooking,200,OK,Thread Group 1-693,text,true,,941,518,770,770,https://restful-booker.herokuapp.com/booking,172,0,0
1789683503509,230,Get Booking,200,OK,Thread Group 1-467,text,true,,916,253,770,770,https://restful-booker.herokuapp.com/booking/4303,230,0,0
1789683502840,916,Login,200,OK,Thread Group 1-746,text,true,,770,325,770,770,https://restful-booker.herokuapp.com/auth,916,0,732
1789683503573,183,CreateBooking,200,OK,Thread Group 1-631,text,true,,944,521,770,770,https://restful-booker.herokuapp.com/booking,183,0,0
1789683502992,768,Login,200,OK,Thread Group 1-754,text,true,,770,325,770,770,https://restful-booker.herokuapp.com/auth,768,0,583
1789683503529,234,CreateBooking,200,OK,Thread Group 1-566,text,true,,941,518,770,770,https://restful-booker.herokuapp.com/booking,234,0,0
1789683503579,186,CreateBooking,200,OK,Thread Group 1-637,text,true,,945,522,770,770,https://restful-booker.herokuapp.com/booking,186,0,0
1789683503529,236,UpdateBooking - PUT,200,OK,Thread Group 1-71,text,true,,914,524,770,770,https://restful-booker.herokuapp.com/booking/4101,236,0,0
1789683503001,770,Login,200,OK,Thread Group 1-743,text,true,,770,325,770,770,https://restful-booker.herokuapp.com/auth,770,0,582
1789683503539,233,CreateBooking,200,OK,Thread Group 1-547,text,true,,941,518,770,770,https://restful-booker.herokuapp.com/booking,233,0,0
1789683503549,227,Get Booking,200,OK,Thread Group 1-460,text,true,,914,253,770,770,https://restful-booker.herokuapp.com/booking/4307,227,0,0
1789683503549,228,CreateBooking,200,OK,Thread Group 1-538,text,true,,945,522,770,770,https://restful-booker.herokuapp.com/booking,228,0,0
1789683502838,940,Get Booking IDs,200,OK,Thread Group 1-358,text,true,,57800,248,770,770,https://restful-booker.herokuapp.com/booking,150,0,0
1789683502152,1640,Login,200,OK,Thread Group 1-513,text,true,,770,325,769,769,https://restful-booker.herokuapp.com/auth,1640,0,1404
1789683503561,235,CreateBooking,200,OK,Thread Group 1-394,text,true,,945,522,769,769,https://restful-booker.herokuapp.com/booking,235,0,0
1789683502920,883,Login,200,OK,Thread Group 1-718,text,true,,770,325,769,769,https://restful-booker.herokuapp.com/auth,883,0,680
1789683502761,1047,Login,200,OK,Thread Group 1-666,text,true,,770,325,769,769,https://restful-booker.herokuapp.com/auth,1047,0,814
1789683503072,736,Login,200,OK,Thread Group 1-757,text,true,,770,325,769,769,https://restful-booker.herokuapp.com/auth,736,0,535
1789683503612,203,UpdateBooking - PUT,200,OK,Thread Group 1-397,text,true,,914,524,769,769,https://restful-booker.herokuapp.com/booking/4239,203,0,0
1789683503119,696,Login,200,OK,Thread Group 1-767,text,true,,770,325,769,769,https://restful-booker.herokuapp.com/auth,696,0,497
1789683503586,231,UpdateBooking - PATCH,200,OK,Thread Group 1-124,text,true,,914,333,769,769,https://restful-booker.herokuapp.com/booking/4092,231,0,0
1789683503580,237,CreateBooking,200,OK,Thread Group 1-534,text,true,,945,522,769,769,https://restful-booker.herokuapp.com/booking,237,0,0
1789683503621,201,Get Booking,200,OK,Thread Group 1-574,text,true,,915,253,769,769,https://restful-booker.herokuapp.com/booking/4323,201,0,0
1789683503622,205,UpdateBooking - PUT,200,OK,Thread Group 1-311,text,true,,914,524,769,769,https://restful-booker.herokuapp.com/booking/4227,205,0,0
1789683501606,2221,Get Booking IDs,200,OK,Thread Group 1-200,text,false,"The operation lasted too long: It took 2,221 milliseconds, but should not have lasted longer than 2,000 milliseconds.",56098,248,769,769,https://restful-booker.herokuapp.com/booking,419,0,0
1789683503597,233,Get Booking,200,OK,Thread Group 1-466,text,true,,912,253,768,768,https://restful-booker.herokuapp.com/booking/4301,233,0,0
1789683503622,210,Get Booking,200,OK,Thread Group 1-576,text,true,,916,253,768,768,https://restful-booker.herokuapp.com/booking/4322,210,0,0
1789683502769,1075,Login,200,OK,Thread Group 1-689,text,true,,770,325,768,768,https://restful-booker.herokuapp.com/auth,1075,0,842
1789683503278,567,Get Booking IDs,200,OK,Thread Group 1-488,text,true,,58503,248,767,767,https://restful-booker.herokuapp.com/booking,347,0,0
1789683502746,1100,Login,200,OK,Thread Group 1-680,text,true,,771,327,767,767,https://restful-booker.herokuapp.com/auth,1100,0,472
1789683501915,1933,Get Booking IDs,200,OK,Thread Group 1-207,text,true,,56679,248,766,766,https://restful-booker.herokuapp.com/booking,939,0,0
1789683503664,198,UpdateBooking - PATCH,200,OK,Thread Group 1-284,text,true,,914,333,765,765,https://restful-booker.herokuapp.com/booking/4204,198,0,0
1789683503658,204,Get Booking,200,OK,Thread Group 1-643,text,true,,915,253,765,765,https://restful-booker.herokuapp.com/booking/4339,204,0,0
1789683502551,1313,Login,200,OK,Thread Group 1-636,text,true,,770,325,765,765,https://restful-booker.herokuapp.com/auth,1313,0,1083
1789683503144,720,Login,200,OK,Thread Group 1-786,text,true,,770,325,765,765,https://restful-booker.herokuapp.com/auth,720,0,523
1789683502916,948,Login,200,OK,Thread Group 1-721,text,true,,770,325,765,765,https://restful-booker.herokuapp.com/auth,948,0,751
1789683503673,194,CreateBooking,200,OK,Thread Group 1-716,text,true,,944,521,765,765,https://restful-booker.herokuapp.com/booking,194,0,0
1789683503670,198,Get Booking,200,OK,Thread Group 1-556,text,true,,915,253,765,765,https://restful-booker.herokuapp.com/booking/4321,198,0,0
1789683503153,715,Login,200,OK,Thread Group 1-727,text,true,,770,325,765,765,https://restful-booker.herokuapp.com/auth,715,0,524
1789683503142,726,Login,200,OK,Thread Group 1-749,text,true,,770,325,765,765,https://restful-booker.herokuapp.com/auth,726,0,529
1789683502095,1775,Get Booking IDs,200,OK,Thread Group 1-258,text,true,,56888,248,764,764,https://restful-booker.herokuapp.com/booking,225,0,0
1789683503652,218,Get Booking,200,OK,Thread Group 1-430,text,true,,912,253,764,764,https://restful-booker.herokuapp.com/booking/4299,218,0,0
1789683502868,1008,Login,200,OK,Thread Group 1-681,text,true,,770,325,763,763,https://restful-booker.herokuapp.com/auth,1008,0,794
1789683502770,1107,Login,200,OK,Thread Group 1-651,text,true,,770,325,763,763,https://restful-booker.herokuapp.com/auth,1107,0,478
1789683502882,998,Login,200,OK,Thread Group 1-686,text,true,,770,325,763,763,https://restful-booker.herokuapp.com/auth,998,0,783
1789683502286,1594,Login,200,OK,Thread Group 1-552,text,true,,770,325,763,763,https://restful-booker.herokuapp.com/auth,1594,0,1383
1789683502912,971,Login,200,OK,Thread Group 1-719,text,true,,770,325,762,762,https://restful-booker.herokuapp.com/auth,971,0,759
1789683503694,194,Get Booking,200,OK,Thread Group 1-536,text,true,,916,253,761,761,https://restful-booker.herokuapp.com/booking/4311,194,0,0
1789683503694,194,CreateBooking,200,OK,Thread Group 1-707,text,true,,944,521,761,761,https://restful-booker.herokuapp.com/booking,194,0,0
1789683503142,746,Login,200,OK,Thread Group 1-760,text,true,,771,327,761,761,https://restful-booker.herokuapp.com/auth,746,0,546
1789683502527,1362,Login,200,OK,Thread Group 1-654,text,true,,770,325,761,761,https://restful-booker.herokuapp.com/auth,1362,0,1147
1789683503690,213,CreateBooking,200,OK,Thread Group 1-410,text,true,,943,520,761,761,https://restful-booker.herokuapp.com/booking,213,0,0
1789683503215,691,UpdateBooking - PUT,200,OK,Thread Group 1-184,text,true,,914,524,761,761,https://restful-booker.herokuapp.com/booking/4146,691,0,0
1789683503093,816,CreateBooking,200,OK,Thread Group 1-530,text,true,,943,520,761,761,https://restful-booker.herokuapp.com/booking,816,0,0
1789683503367,546,Get Booking IDs,200,OK,Thread Group 1-426,text,true,,58655,248,761,761,https://restful-booker.herokuapp.com/booking,189,0,0
1789683502558,1357,Login,200,OK,Thread Group 1-627,text,true,,770,325,760,760,https://restful-booker.herokuapp.com/auth,1357,0,1145
1789683502951,974,CreateBooking,200,OK,Thread Group 1-527,text,true,,944,521,760,760,https://restful-booker.herokuapp.com/booking,974,0,0
1789683502414,1513,Get Booking IDs,200,OK,Thread Group 1-243,text,true,,57287,248,760,760,https://restful-booker.herokuapp.com/booking,577,0,0
1789683502093,1834,Login,200,OK,Thread Group 1-516,text,true,,770,325,760,760,https://restful-booker.herokuapp.com/auth,1834,0,1633
1789683503736,193,Get Booking,200,OK,Thread Group 1-600,text,true,,920,253,759,759,https://restful-booker.herokuapp.com/booking/4332,193,0,0
1789683503187,747,Get Booking IDs,200,OK,Thread Group 1-376,text,true,,58408,248,759,759,https://restful-booker.herokuapp.com/booking,556,0,0
1789683503756,178,Get Booking,200,OK,Thread Group 1-617,text,true,,919,253,759,759,https://restful-booker.herokuapp.com/booking/4333,178,0,0
1789683503770,177,Get Booking,200,OK,Thread Group 1-630,text,true,,919,253,758,758,https://restful-booker.herokuapp.com/booking/4330,177,0,0
1789683502261,1686,Login,200,OK,Thread Group 1-609,text,true,,770,325,758,758,https://restful-booker.herokuapp.com/auth,1686,0,773
1789683503207,746,Get Booking IDs,200,OK,Thread Group 1-387,text,true,,58427,248,757,757,https://restful-booker.herokuapp.com/booking,396,0,0
1789683503033,923,Login,200,OK,Thread Group 1-748,text,true,,774,325,756,756,https://restful-booker.herokuapp.com/auth,923,0,760
1789683503282,684,Get Booking,200,OK,Thread Group 1-310,text,true,,916,253,756,756,https://restful-booker.herokuapp.com/booking/4247,684,0,0
1789683502986,990,Get Booking IDs,200,OK,Thread Group 1-370,text,true,,58123,248,756,756,https://restful-booker.herokuapp.com/booking,205,0,0
1789683503069,907,Login,200,OK,Thread Group 1-732,text,true,,774,325,756,756,https://restful-booker.herokuapp.com/auth,907,0,734
1789683503261,721,Login,200,OK,Thread Group 1-812,text,true,,774,325,754,754,https://restful-booker.herokuapp.com/auth,721,0,547
1789683503101,881,Login,200,OK,Thread Group 1-780,text,true,,775,327,754,754,https://restful-booker.herokuapp.com/auth,881,0,707
1789683503806,177,Get Booking,200,OK,Thread Group 1-590,text,true,,920,253,753,753,https://restful-booker.herokuapp.com/booking/4343,177,0,0
1789683503807,176,CreateBooking,200,OK,Thread Group 1-741,text,true,,948,521,753,753,https://restful-booker.herokuapp.com/booking,176,0,0
1789683503098,885,Login,200,OK,Thread Group 1-770,text,true,,775,327,753,753,https://restful-booker.herokuapp.com/auth,885,0,710
1789683503468,526,Get Booking IDs,200,OK,Thread Group 1-520,text,true,,58788,248,753,753,https://restful-booker.herokuapp.com/booking,349,0,0
1789683503825,170,Get Booking,200,OK,Thread Group 1-603,text,true,,916,253,753,753,https://restful-booker.herokuapp.com/booking/4335,170,0,0
1789683503259,737,Login,200,OK,Thread Group 1-839,text,true,,774,325,752,752,https://restful-booker.herokuapp.com/auth,737,0,563
1789683503833,167,CreateBooking,200,OK,Thread Group 1-717,text,true,,945,518,751,751,https://restful-booker.herokuapp.com/booking,167,0,0
1789683503841,176,Get Booking,200,OK,Thread Group 1-587,text,true,,920,253,751,751,https://restful-booker.herokuapp.com/booking/4329,176,0,0
1789683502762,1259,Get Booking IDs,200,OK,Thread Group 1-308,text,true,,57686,248,751,751,https://restful-booker.herokuapp.com/booking,278,0,0
1789683502029,1993,Get Booking IDs,200,OK,Thread Group 1-181,text,true,,56793,248,750,750,https://restful-booker.herokuapp.com/booking,713,0,0
1789683503147,880,Get Booking IDs,200,OK,Thread Group 1-391,text,true,,58332,248,749,749,https://restful-booker.herokuapp.com/booking,158,0,0
1789683503301,733,Login,200,OK,Thread Group 1-802,text,true,,774,325,749,749,https://restful-booker.herokuapp.com/auth,733,0,563
1789683503293,741,Login,200,OK,Thread Group 1-819,text,true,,774,325,749,749,https://restful-booker.herokuapp.com/auth,741,0,571
1789683503822,216,UpdateBooking - PUT,200,OK,Thread Group 1-157,text,true,,918,524,747,747,https://restful-booker.herokuapp.com/booking/4110,216,0,0
1789683502671,1367,Login,200,OK,Thread Group 1-660,text,true,,775,327,747,747,https://restful-booker.herokuapp.com/auth,1367,0,1149
1789683503282,762,Login,200,OK,Thread Group 1-803,text,true,,774,325,747,747,https://restful-booker.herokuapp.com/auth,762,0,586
1789683502528,1522,Get Booking IDs,200,OK,Thread Group 1-323,text,true,,57382,248,747,747,https://restful-booker.herokuapp.com/booking,268,0,0
1789683503835,215,Get Booking,200,OK,Thread Group 1-566,text,true,,916,253,747,747,https://restful-booker.herokuapp.com/booking/4353,215,0,0
1789683503882,172,Get Booking,200,OK,Thread Group 1-596,text,true,,919,253,746,746,https://restful-booker.herokuapp.com/booking/4334,172,0,0
1789683503123,933,Login,200,OK,Thread Group 1-769,text,true,,774,325,746,746,https://restful-booker.herokuapp.com/auth,933,0,760
1789683503319,738,Login,200,OK,Thread Group 1-784,text,true,,774,325,746,746,https://restful-booker.herokuapp.com/auth,738,0,569
1789683503134,923,Login,200,OK,Thread Group 1-763,text,true,,774,325,745,745,https://restful-booker.herokuapp.com/auth,923,0,755
1789683503358,701,Get Booking IDs,200,OK,Thread Group 1-436,text,true,,58636,248,745,745,https://restful-booker.herokuapp.com/booking,187,0,0
1789683503892,167,CreateBooking,200,OK,Thread Group 1-708,text,true,,949,522,745,745,https://restful-booker.herokuapp.com/booking,167,0,0
1789683503343,718,Login,200,OK,Thread Group 1-857,text,true,,774,325,744,744,https://restful-booker.herokuapp.com/auth,718,0,550
1789683503343,718,Login,200,OK,Thread Group 1-840,text,true,,775,327,744,744,https://restful-booker.herokuapp.com/auth,718,0,550
1789683503891,170,CreateBooking,200,OK,Thread Group 1-711,text,true,,949,522,744,744,https://restful-booker.herokuapp.com/booking,170,0,0
1789683502559,1505,Get Booking IDs,200,OK,Thread Group 1-304,text,true,,57401,248,744,744,https://restful-booker.herokuapp.com/booking,536,0,0
1789683501663,2401,Get Booking IDs,200,OK,Thread Group 1-167,text,false,"The operation lasted too long: It took 2,401 milliseconds, but should not have lasted longer than 2,000 milliseconds.",56193,248,744,744,https://restful-booker.herokuapp.com/booking,865,0,0
1789683503186,882,Get Booking IDs,200,OK,Thread Group 1-418,text,true,,58408,248,743,743,https://restful-booker.herokuapp.com/booking,367,0,0
1789683503901,167,Get Booking,200,OK,Thread Group 1-588,text,true,,919,253,743,743,https://restful-booker.herokuapp.com/booking/4338,167,0,0
1789683503366,705,Login,200,OK,Thread Group 1-791,text,true,,774,325,742,742,https://restful-booker.herokuapp.com/auth,705,0,543
1789683503158,913,Login,200,OK,Thread Group 1-755,text,true,,775,327,742,742,https://restful-booker.herokuapp.com/auth,913,0,748
1789683503361,712,Login,200,OK,Thread Group 1-843,text,true,,774,325,741,741,https://restful-booker.herokuapp.com/auth,712,0,548
1789683502054,2019,Get Booking IDs,200,OK,Thread Group 1-188,text,false,"The operation lasted too long: It took 2,019 milliseconds, but should not have lasted longer than 2,000 milliseconds.",56831,248,741,741,https://restful-booker.herokuapp.com/booking,223,0,0
1789683503915,165,CreateBooking,200,OK,Thread Group 1-678,text,true,,948,521,740,740,https://restful-booker.herokuapp.com/booking,165,0,0
1789683503866,214,CreateBooking,200,OK,Thread Group 1-393,text,true,,945,518,740,740,https://restful-booker.herokuapp.com/booking,214,0,0
1789683503080,1000,Login,200,OK,Thread Group 1-768,text,true,,774,325,740,740,https://restful-booker.herokuapp.com/auth,1000,0,786
1789683501835,2245,Login,200,OK,Thread Group 1-521,text,false,"The operation lasted too long: It took 2,245 milliseconds, but should not have lasted longer than 2,000 milliseconds.",774,325,740,740,https://restful-booker.herokuapp.com/auth,2245,0,2035
1789683503872,211,Get Booking,200,OK,Thread Group 1-453,text,true,,918,253,740,740,https://restful-booker.herokuapp.com/booking/4348,211,0,0
1789683503368,715,Login,200,OK,Thread Group 1-835,text,true,,775,327,740,740,https://restful-booker.herokuapp.com/auth,715,0,548
1789683501864,2220,Get Booking IDs,200,OK,Thread Group 1-141,text,false,"The operation lasted too long: It took 2,220 milliseconds, but should not have lasted longer than 2,000 milliseconds.",56622,248,740,740,https://restful-booker.herokuapp.com/booking,207,0,0
1789683503288,798,Get Booking,200,OK,Thread Group 1-440,text,true,,916,253,738,738,https://restful-booker.herokuapp.com/booking/4278,798,0,0
1789683503919,168,Get Booking,200,OK,Thread Group 1-646,text,true,,918,253,738,738,https://restful-booker.herokuapp.com/booking/4344,168,0,0
1789683502887,1200,Login,200,OK,Thread Group 1-704,text,true,,774,325,738,738,https://restful-booker.herokuapp.com/auth,1200,0,993
1789683503883,216,Get Booking,200,OK,Thread Group 1-470,text,true,,918,253,738,738,https://restful-booker.herokuapp.com/booking/4346,216,0,0
1789683503926,176,DeleteBooking,200,OK,Thread Group 1-344,text,true,,918,253,738,738,https://restful-booker.herokuapp.com/booking/4222,176,0,0
1789683503891,211,UpdateBooking - PATCH,200,OK,Thread Group 1-71,text,true,,918,333,738,738,https://restful-booker.herokuapp.com/booking/4101,211,0,0
1789683503892,210,CreateBooking,200,OK,Thread Group 1-571,text,true,,947,520,738,738,https://restful-booker.herokuapp.com/booking,210,0,0
1789683503186,917,Login,200,OK,Thread Group 1-747,text,true,,774,325,737,737,https://restful-booker.herokuapp.com/auth,917,0,707
1789683503177,928,Get Booking IDs,200,OK,Thread Group 1-427,text,true,,58408,248,737,737,https://restful-booker.herokuapp.com/booking,167,0,0
1789683503927,178,CreateBooking,200,OK,Thread Group 1-714,text,true,,948,521,737,737,https://restful-booker.herokuapp.com/booking,178,0,0
1789683503935,172,Get Booking,200,OK,Thread Group 1-637,text,true,,920,253,736,736,https://restful-booker.herokuapp.com/booking/4360,172,0,0
1789683503896,216,CreateBooking,200,OK,Thread Group 1-608,text,true,,948,521,736,736,https://restful-booker.herokuapp.com/booking,216,0,0
1789683502634,1482,Get Booking IDs,200,OK,Thread Group 1-263,text,true,,57515,248,736,736,https://restful-booker.herokuapp.com/booking,793,0,0
1789683503945,171,UpdateBooking - PATCH,200,OK,Thread Group 1-324,text,true,,918,333,736,736,https://restful-booker.herokuapp.com/booking/4210,171,0,0
1789683503322,796,CreateBooking,200,OK,Thread Group 1-486,text,true,,944,521,735,735,https://restful-booker.herokuapp.com/booking,796,0,0
1789683503389,731,Login,200,OK,Thread Group 1-822,text,true,,774,325,735,735,https://restful-booker.herokuapp.com/auth,731,0,558
1789683503397,723,Login,200,OK,Thread Group 1-829,text,true,,774,325,735,735,https://restful-booker.herokuapp.com/auth,723,0,550
1789683503312,808,CreateBooking,200,OK,Thread Group 1-500,text,true,,944,521,735,735,https://restful-booker.herokuapp.com/booking,808,0,0
1789683503954,172,Get Booking,200,OK,Thread Group 1-633,text,true,,919,253,733,733,https://restful-booker.herokuapp.com/booking/4342,172,0,0
1789683503949,177,CreateBooking,200,OK,Thread Group 1-698,text,true,,945,518,733,733,https://restful-booker.herokuapp.com/booking,177,0,0
1789683503412,716,Login,200,OK,Thread Group 1-882,text,true,,774,325,733,733,https://restful-booker.herokuapp.com/auth,716,0,542
1789683501565,2563,Login,200,OK,Thread Group 1-451,text,false,"The operation lasted too long: It took 2,563 milliseconds, but should not have lasted longer than 2,000 milliseconds.",770,325,733,733,https://restful-booker.herokuapp.com/auth,2563,0,1686
1789683503914,216,CreateBooking,200,OK,Thread Group 1-584,text,true,,947,520,732,732,https://restful-booker.herokuapp.com/booking,216,0,0
1789683502702,1435,Get Booking IDs,200,OK,Thread Group 1-294,text,true,,57591,248,732,732,https://restful-booker.herokuapp.com/booking,272,0,0
1789683502259,1878,Login,200,OK,Thread Group 1-565,text,true,,775,327,732,732,https://restful-booker.herokuapp.com/auth,1878,0,1672
1789683503421,722,Login,200,OK,Thread Group 1-823,text,true,,774,325,730,730,https://restful-booker.herokuapp.com/auth,722,0,545
1789683503453,692,Login,200,OK,Thread Group 1-892,text,true,,774,325,730,730,https://restful-booker.herokuapp.com/auth,692,0,520
1789683503944,203,UpdateBooking - PATCH,200,OK,Thread Group 1-84,text,true,,918,333,729,729,https://restful-booker.herokuapp.com/booking/4055,203,0,0
1789683503376,771,Get Booking,200,OK,Thread Group 1-407,text,true,,916,253,729,729,https://restful-booker.herokuapp.com/booking/4283,771,0,0
1789683502619,1528,Login,200,OK,Thread Group 1-673,text,true,,774,325,729,729,https://restful-booker.herokuapp.com/auth,1528,0,1324
1789683503981,170,DeleteBooking,200,OK,Thread Group 1-257,text,true,,918,253,729,729,https://restful-booker.herokuapp.com/booking/4187,170,0,0
1789683503980,171,CreateBooking,200,OK,Thread Group 1-724,text,true,,948,521,729,729,https://restful-booker.herokuapp.com/booking,171,0,0
1789683503202,950,Login,200,OK,Thread Group 1-781,text,true,,774,325,728,728,https://restful-booker.herokuapp.com/auth,950,0,782
1789683503485,671,DeleteBooking,200,OK,Thread Group 1-97,text,true,,914,253,728,728,https://restful-booker.herokuapp.com/booking/4048,671,0,0
1789683503437,719,Login,200,OK,Thread Group 1-796,text,true,,774,325,728,728,https://restful-booker.herokuapp.com/auth,719,0,547
1789683503994,164,Get Booking,200,OK,Thread Group 1-707,text,true,,919,253,727,727,https://restful-booker.herokuapp.com/booking/4366,164,0,0
1789683503460,702,Login,200,OK,Thread Group 1-856,text,true,,774,325,727,727,https://restful-booker.herokuapp.com/auth,702,0,535
1789683504020,158,CreateBooking,200,OK,Thread Group 1-770,text,true,,948,521,727,727,https://restful-booker.herokuapp.com/booking,157,0,0
1789683504020,158,CreateBooking,200,OK,Thread Group 1-754,text,true,,949,522,727,727,https://restful-booker.herokuapp.com/booking,158,0,0
1789683504032,156,Get Booking,200,OK,Thread Group 1-634,text,true,,918,253,727,727,https://restful-booker.herokuapp.com/booking/4351,156,0,0
1789683503268,919,Login,200,OK,Thread Group 1-794,text,true,,774,325,727,727,https://restful-booker.herokuapp.com/auth,919,0,760
1789683503608,580,CreateBooking,200,OK,Thread Group 1-687,text,true,,941,518,727,727,https://restful-booker.herokuapp.com/booking,580,0,0
1789683504029,159,CreateBooking,200,OK,Thread Group 1-746,text,true,,947,520,727,727,https://restful-booker.herokuapp.com/booking,159,0,0
1789683502874,1314,Login,200,OK,Thread Group 1-703,text,true,,770,325,727,727,https://restful-booker.herokuapp.com/auth,1314,0,703
1789683501371,2819,Get Booking IDs,200,OK,Thread Group 1-14,text,false,"The operation lasted too long: It took 2,819 milliseconds, but should not have lasted longer than 2,000 milliseconds.",55623,248,727,727,https://restful-booker.herokuapp.com/booking,427,0,0
1789683503989,205,UpdateBooking - PUT,200,OK,Thread Group 1-291,text,true,,918,524,726,726,https://restful-booker.herokuapp.com/booking/4223,205,0,0
1789683502224,1972,Get Booking IDs,200,OK,Thread Group 1-244,text,true,,56983,248,726,726,https://restful-booker.herokuapp.com/booking,504,0,0
1789683504037,161,CreateBooking,200,OK,Thread Group 1-780,text,true,,949,522,726,726,https://restful-booker.herokuapp.com/booking,161,0,0
1789683504037,163,Get Booking,200,OK,Thread Group 1-653,text,true,,919,253,726,726,https://restful-booker.herokuapp.com/booking/4350,163,0,0
1789683503365,835,CreateBooking,200,OK,Thread Group 1-544,text,true,,944,521,726,726,https://restful-booker.herokuapp.com/booking,835,0,0
1789683503307,897,Get Booking IDs,200,OK,Thread Group 1-424,text,true,,58560,248,726,726,https://restful-booker.herokuapp.com/booking,730,0,0
1789683504052,160,Get Booking,200,OK,Thread Group 1-717,text,true,,916,253,726,726,https://restful-booker.herokuapp.com/booking/4371,160,0,0
1789683504054,158,Get Booking,200,OK,Thread Group 1-684,text,true,,919,253,726,726,https://restful-booker.herokuapp.com/booking/4352,158,0,0
1789683503498,714,Login,200,OK,Thread Group 1-817,text,true,,774,325,726,726,https://restful-booker.herokuapp.com/auth,714,0,556
1789683504061,151,UpdateBooking - PATCH,200,OK,Thread Group 1-351,text,true,,918,333,726,726,https://restful-booker.herokuapp.com/booking/4224,151,0,0
1789683503535,678,Login,200,OK,Thread Group 1-902,text,true,,774,325,726,726,https://restful-booker.herokuapp.com/auth,678,0,531
1789683503528,686,Login,200,OK,Thread Group 1-880,text,true,,775,327,726,726,https://restful-booker.herokuapp.com/auth,686,0,540
1789683503543,673,Login,200,OK,Thread Group 1-934,text,true,,774,325,725,725,https://restful-booker.herokuapp.com/auth,673,0,528
1789683503719,502,Get Booking IDs,200,OK,Thread Group 1-517,text,true,,59092,248,725,725,https://restful-booker.herokuapp.com/booking,354,0,0
1789683504072,149,Get Booking,200,OK,Thread Group 1-693,text,true,,916,253,725,725,https://restful-booker.herokuapp.com/booking/4358,149,0,0
1789683504077,146,UpdateBooking - PATCH,200,OK,Thread Group 1-397,text,true,,918,333,725,725,https://restful-booker.herokuapp.com/booking/4239,146,0,0
1789683504084,145,Get Booking,200,OK,Thread Group 1-631,text,true,,919,253,725,725,https://restful-booker.herokuapp.com/booking/4359,145,0,0
1789683503464,768,Get Booking,200,OK,Thread Group 1-441,text,true,,916,253,725,725,https://restful-booker.herokuapp.com/booking/4305,768,0,0
1789683503554,678,Get Booking IDs,200,OK,Thread Group 1-458,text,true,,58921,248,725,725,https://restful-booker.herokuapp.com/booking,362,0,0
1789683504030,205,UpdateBooking - PUT,200,OK,Thread Group 1-177,text,true,,918,524,724,724,https://restful-booker.herokuapp.com/booking/4130,205,0,0
1789683503572,667,Login,200,OK,Thread Group 1-907,text,true,,774,325,724,724,https://restful-booker.herokuapp.com/auth,667,0,530
1789683504099,140,CreateBooking,200,OK,Thread Group 1-718,text,true,,948,521,724,724,https://restful-booker.herokuapp.com/booking,140,0,0
1789683503693,551,Get Booking,200,OK,Thread Group 1-553,text,true,,915,253,724,724,https://restful-booker.herokuapp.com/booking/4326,551,0,0
1789683504047,201,CreateBooking,200,OK,Thread Group 1-666,text,true,,947,520,724,724,https://restful-booker.herokuapp.com/booking,201,0,0
1789683504050,200,Get Booking,200,OK,Thread Group 1-394,text,true,,920,253,724,724,https://restful-booker.herokuapp.com/booking/4357,200,0,0
1789683503408,844,Login,200,OK,Thread Group 1-821,text,true,,774,325,724,724,https://restful-booker.herokuapp.com/auth,844,0,708
1789683503579,680,Login,200,OK,Thread Group 1-963,text,true,,774,325,724,724,https://restful-booker.herokuapp.com/auth,680,0,541
1789683502338,1925,Login,200,OK,Thread Group 1-557,text,true,,774,325,724,724,https://restful-booker.herokuapp.com/auth,1925,0,1730
1789683503571,693,Login,200,OK,Thread Group 1-869,text,true,,774,325,724,724,https://restful-booker.herokuapp.com/auth,693,0,552
1789683504072,194,Get Booking,200,OK,Thread Group 1-433,text,true,,918,253,723,723,https://restful-booker.herokuapp.com/booking/4345,194,0,0
1789683502360,1907,Get Booking IDs,200,OK,Thread Group 1-231,text,true,,57211,248,723,723,https://restful-booker.herokuapp.com/booking,261,0,0
1789683504072,196,DeleteBooking,200,OK,Thread Group 1-91,text,true,,918,253,723,723,https://restful-booker.herokuapp.com/booking/4069,196,0,0
1789683503791,480,Get Booking IDs,200,OK,Thread Group 1-550,text,true,,59134,248,722,722,https://restful-booker.herokuapp.com/booking,165,0,0
1789683503591,681,Get Booking IDs,200,OK,Thread Group 1-564,text,true,,59016,248,721,721,https://restful-booker.herokuapp.com/booking,369,0,0
1789683502281,1991,Login,200,OK,Thread Group 1-568,text,true,,770,325,721,721,https://restful-booker.herokuapp.com/auth,1991,0,1104
1789683502527,1750,Login,200,OK,Thread Group 1-663,text,true,,770,325,721,721,https://restful-booker.herokuapp.com/auth,1750,0,819
1789683504142,142,CreateBooking,200,OK,Thread Group 1-763,text,true,,949,522,721,721,https://restful-booker.herokuapp.com/booking,142,0,0
1789683504148,141,Get Booking,200,OK,Thread Group 1-716,text,true,,919,253,721,721,https://restful-booker.herokuapp.com/booking/4364,141,0,0
1789683504107,184,Get Booking,200,OK,Thread Group 1-406,text,true,,919,253,721,721,https://restful-booker.herokuapp.com/booking/4298,184,0,0
1789683504148,143,CreateBooking,200,OK,Thread Group 1-651,text,true,,948,521,721,721,https://restful-booker.herokuapp.com/booking,143,0,0
1789683504107,184,CreateBooking,200,OK,Thread Group 1-636,text,true,,948,521,721,721,https://restful-booker.herokuapp.com/booking,184,0,0
1789683503199,1094,Get Booking IDs,200,OK,Thread Group 1-408,text,true,,58427,248,721,721,https://restful-booker.herokuapp.com/booking,384,0,0
1789683503220,1073,Get Booking IDs,200,OK,Thread Group 1-477,text,true,,58427,248,721,721,https://restful-booker.herokuapp.com/booking,213,0,0
1789683502858,1442,Login,200,OK,Thread Group 1-713,text,true,,774,325,720,720,https://restful-booker.herokuapp.com/auth,1442,0,1261
1789683504161,139,CreateBooking,200,OK,Thread Group 1-760,text,true,,949,522,720,720,https://restful-booker.herokuapp.com/booking,139,0,0
1789683504121,181,Get Booking,200,OK,Thread Group 1-571,text,true,,918,253,720,720,https://restful-booker.herokuapp.com/booking/4375,181,0,0
1789683503630,673,Get Booking IDs,200,OK,Thread Group 1-491,text,true,,59054,248,720,720,https://restful-booker.herokuapp.com/booking,372,0,0
1789683502664,1640,Get Booking IDs,200,OK,Thread Group 1-333,text,true,,57553,248,720,720,https://restful-booker.herokuapp.com/booking,552,0,0
1789683503630,675,Get Booking IDs,200,OK,Thread Group 1-504,text,true,,59054,248,719,719,https://restful-booker.herokuapp.com/booking,377,0,0
1789683504172,134,CreateBooking,200,OK,Thread Group 1-748,text,true,,947,520,719,719,https://restful-booker.herokuapp.com/booking,133,0,0
1789683503429,878,Login,200,OK,Thread Group 1-826,text,true,,774,325,719,719,https://restful-booker.herokuapp.com/auth,878,0,746
1789683503210,1101,Login,200,OK,Thread Group 1-855,text,true,,775,327,719,719,https://restful-booker.herokuapp.com/auth,1101,0,922
1789683503637,675,Login,200,OK,Thread Group 1-935,text,true,,775,327,718,718,https://restful-booker.herokuapp.com/auth,675,0,540
1789683503657,655,Login,200,OK,Thread Group 1-887,text,true,,774,325,718,718,https://restful-booker.herokuapp.com/auth,655,0,521
1789683503636,676,Login,200,OK,Thread Group 1-920,text,true,,775,327,718,718,https://restful-booker.herokuapp.com/auth,676,0,541
1789683503446,866,Login,200,OK,Thread Group 1-874,text,true,,774,325,718,718,https://restful-booker.herokuapp.com/auth,866,0,731
1789683504177,137,Get Booking,200,OK,Thread Group 1-614,text,true,,916,253,717,717,https://restful-booker.herokuapp.com/booking/4349,137,0,0
1789683504142,175,Get Booking,200,OK,Thread Group 1-534,text,true,,920,253,717,717,https://restful-booker.herokuapp.com/booking/4361,175,0,0
1789683503010,1307,Login,200,OK,Thread Group 1-761,text,true,,770,325,717,717,https://restful-booker.herokuapp.com/auth,1307,0,588
1789683503489,837,Login,200,OK,Thread Group 1-828,text,true,,774,325,717,717,https://restful-booker.herokuapp.com/auth,837,0,656
1789683503661,669,Get Booking IDs,200,OK,Thread Group 1-490,text,true,,59054,248,717,717,https://restful-booker.herokuapp.com/booking,201,0,0
1789683502335,1995,Get Booking IDs,200,OK,Thread Group 1-320,text,true,,57135,248,717,717,https://restful-booker.herokuapp.com/booking,252,0,0
1789683504191,141,UpdateBooking - PATCH,200,OK,Thread Group 1-311,text,true,,918,333,715,715,https://restful-booker.herokuapp.com/booking/4227,141,0,0
1789683503647,685,Login,200,OK,Thread Group 1-847,text,true,,774,325,715,715,https://restful-booker.herokuapp.com/auth,685,0,543
1789683503486,848,Get Booking IDs,200,OK,Thread Group 1-444,text,true,,58807,248,715,715,https://restful-booker.herokuapp.com/booking,417,0,0
1789683504160,177,UpdateBooking - PATCH,200,OK,Thread Group 1-184,text,true,,918,333,715,715,https://restful-booker.herokuapp.com/booking/4146,177,0,0
1789683504206,136,CreateBooking,200,OK,Thread Group 1-727,text,true,,948,521,715,715,https://restful-booker.herokuapp.com/booking,136,0,0
1789683503495,847,Login,200,OK,Thread Group 1-890,text,true,,775,327,715,715,https://restful-booker.herokuapp.com/auth,847,0,709
1789683502925,1417,Login,200,OK,Thread Group 1-709,text,true,,774,325,715,715,https://restful-booker.herokuapp.com/auth,1417,0,1268
1789683503517,827,Get Booking IDs,200,OK,Thread Group 1-476,text,true,,58845,248,714,714,https://restful-booker.herokuapp.com/booking,174,0,0
1789683502437,1909,Get Booking IDs,200,OK,Thread Group 1-204,text,true,,57306,248,713,713,https://restful-booker.herokuapp.com/booking,537,0,0
1789683504175,174,UpdateBooking - PATCH,200,OK,Thread Group 1-11,text,true,,918,333,713,713,https://restful-booker.herokuapp.com/booking/4064,174,0,0
1789683502462,1890,Get Booking IDs,200,OK,Thread Group 1-268,text,true,,57325,248,713,713,https://restful-booker.herokuapp.com/booking,1094,0,0
1789683503712,640,Login,200,OK,Thread Group 1-983,text,true,,774,325,713,713,https://restful-booker.herokuapp.com/auth,640,0,504
1789683503519,833,Login,200,OK,Thread Group 1-901,text,true,,774,325,713,713,https://restful-booker.herokuapp.com/auth,833,0,693
1789683503704,648,Login,200,OK,Thread Group 1-927,text,true,,774,325,713,713,https://restful-booker.herokuapp.com/auth,648,0,511
1789683504209,143,CreateBooking,200,OK,Thread Group 1-680,text,true,,945,518,713,713,https://restful-booker.herokuapp.com/booking,143,0,0
1789683503664,688,Login,200,OK,Thread Group 1-895,text,true,,775,327,713,713,https://restful-booker.herokuapp.com/auth,688,0,544
1789683503708,644,Login,200,OK,Thread Group 1-908,text,true,,774,325,713,713,https://restful-booker.herokuapp.com/auth,644,0,506
1789683503701,651,Login,200,OK,Thread Group 1-915,text,true,,775,327,713,713,https://restful-booker.herokuapp.com/auth,651,0,515
1789683503502,852,Login,200,OK,Thread Group 1-868,text,true,,774,325,710,710,https://restful-booker.herokuapp.com/auth,852,0,712
1789683503693,661,Login,200,OK,Thread Group 1-909,text,true,,774,325,710,710,https://restful-booker.herokuapp.com/auth,661,0,521
1789683504190,166,Get Booking,200,OK,Thread Group 1-538,text,true,,920,253,709,709,https://restful-booker.herokuapp.com/booking/4355,166,0,0
1789683503720,636,Login,200,OK,Thread Group 1-912,text,true,,774,325,709,709,https://restful-booker.herokuapp.com/auth,636,0,503
1789683504224,140,DeleteBooking,200,OK,Thread Group 1-284,text,true,,918,253,708,708,https://restful-booker.herokuapp.com/booking/4204,139,0,0
1789683503276,1090,Login,200,OK,Thread Group 1-775,text,true,,775,327,707,707,https://restful-booker.herokuapp.com/auth,1090,0,947
1789683503720,648,Login,200,OK,Thread Group 1-978,text,true,,774,325,706,706,https://restful-booker.herokuapp.com/auth,648,0,507
1789683504203,166,UpdateBooking - PATCH,200,OK,Thread Group 1-157,text,true,,918,333,706,706,https://restful-booker.herokuapp.com/booking/4110,166,0,0
1789683503726,643,Login,200,OK,Thread Group 1-937,text,true,,774,325,706,706,https://restful-booker.herokuapp.com/auth,643,0,503
1789683503542,831,Login,200,OK,Thread Group 1-859,text,true,,774,325,706,706,https://restful-booker.herokuapp.com/auth,831,0,681
1789683504227,148,CreateBooking,200,OK,Thread Group 1-803,text,true,,948,521,705,705,https://restful-booker.herokuapp.com/booking,148,0,0
1789683503758,618,Get Booking IDs,200,OK,Thread Group 1-473,text,true,,59115,248,705,705,https://restful-booker.herokuapp.com/booking,177,0,0
1789683503734,646,Login,200,OK,Thread Group 1-967,text,true,,774,325,704,704,https://restful-booker.herokuapp.com/auth,645,0,498
1789683503736,645,Get Booking IDs,200,OK,Thread Group 1-494,text,true,,59115,248,704,704,https://restful-booker.herokuapp.com/booking,407,0,0
1789683503622,761,Get Booking,200,OK,Thread Group 1-456,text,true,,915,253,703,703,https://restful-booker.herokuapp.com/booking/4318,761,0,0
1789683503722,664,Login,200,OK,Thread Group 1-929,text,true,,774,325,703,703,https://restful-booker.herokuapp.com/auth,664,0,511
1789683504232,154,CreateBooking,200,OK,Thread Group 1-767,text,true,,948,521,703,703,https://restful-booker.herokuapp.com/booking,154,0,0
1789683503538,848,Login,200,OK,Thread Group 1-926,text,true,,774,325,703,703,https://restful-booker.herokuapp.com/auth,848,0,707
1789683503510,876,Login,200,OK,Thread Group 1-884,text,true,,774,325,703,703,https://restful-booker.herokuapp.com/auth,876,0,735
1789683503564,822,Login,200,OK,Thread Group 1-900,text,true,,775,327,703,703,https://restful-booker.herokuapp.com/auth,822,0,676
1789683503136,1254,Get Booking IDs,200,OK,Thread Group 1-403,text,true,,58332,248,702,702,https://restful-booker.herokuapp.com/booking,147,0,0
1789683503733,657,Login,200,OK,Thread Group 1-913,text,true,,774,325,702,702,https://restful-booker.herokuapp.com/auth,657,0,512
1789683503567,823,Login,200,OK,Thread Group 1-891,text,true,,774,325,702,702,https://restful-booker.herokuapp.com/auth,823,0,657
1789683504249,143,CreateBooking,200,OK,Thread Group 1-743,text,true,,948,521,701,701,https://restful-booker.herokuapp.com/booking,143,0,0
1789683504260,135,Get Booking,200,OK,Thread Group 1-678,text,true,,919,253,701,701,https://restful-booker.herokuapp.com/booking/4378,135,0,0
1789683503947,448,Get Booking IDs,200,OK,Thread Group 1-507,text,true,,59343,248,701,701,https://restful-booker.herokuapp.com/booking,171,0,0
1789683503759,636,Login,200,OK,Thread Group 1-993,text,true,,774,325,701,701,https://restful-booker.herokuapp.com/auth,636,0,499
1789683504257,138,CreateBooking,200,OK,Thread Group 1-757,text,true,,949,522,701,701,https://restful-booker.herokuapp.com/booking,138,0,0
1789683504234,168,CreateBooking,200,OK,Thread Group 1-654,text,true,,948,521,700,700,https://restful-booker.herokuapp.com/booking,168,0,0
1789683503786,619,Login,200,OK,Thread Group 1-914,text,true,,774,325,700,700,https://restful-booker.herokuapp.com/auth,619,0,485
1789683503788,617,Login,200,OK,Thread Group 1-968,text,true,,774,325,700,700,https://restful-booker.herokuapp.com/auth,617,0,482
1789683502206,2208,Login,200,OK,Thread Group 1-569,text,false,"The operation lasted too long: It took 2,208 milliseconds, but should not have lasted longer than 2,000 milliseconds.",774,325,700,700,https://restful-booker.herokuapp.com/auth,2208,0,2044
1789683503289,1131,Login,200,OK,Thread Group 1-824,text,true,,774,325,699,699,https://restful-booker.herokuapp.com/auth,1131,0,973
1789683504260,160,CreateBooking,200,OK,Thread Group 1-686,text,true,,947,520,699,699,https://restful-booker.herokuapp.com/booking,160,0,0
1789683502559,1864,Get Booking IDs,200,OK,Thread Group 1-288,text,true,,57401,248,699,699,https://restful-booker.herokuapp.com/booking,548,0,0
1789683503612,811,CreateBooking,200,OK,Thread Group 1-561,text,true,,944,521,699,699,https://restful-booker.herokuapp.com/booking,811,0,0
1789683501956,2470,Get Booking IDs,200,OK,Thread Group 1-165,text,false,"The operation lasted too long: It took 2,470 milliseconds, but should not have lasted longer than 2,000 milliseconds.",56755,248,698,698,https://restful-booker.herokuapp.com/booking,194,0,0
1789683502579,1848,Get Booking IDs,200,OK,Thread Group 1-271,text,true,,57401,248,697,697,https://restful-booker.herokuapp.com/booking,278,0,0
1789683504261,167,CreateBooking,200,OK,Thread Group 1-521,text,true,,948,521,697,697,https://restful-booker.herokuapp.com/booking,167,0,0
1789683503617,812,Get Booking IDs,200,OK,Thread Group 1-438,text,true,,59054,248,697,697,https://restful-booker.herokuapp.com/booking,198,0,0
1789683503760,670,Get Booking IDs,200,OK,Thread Group 1-508,text,true,,59115,248,696,696,https://restful-booker.herokuapp.com/booking,485,0,0
1789683503612,818,Get Booking IDs,200,OK,Thread Group 1-464,text,true,,59035,248,696,696,https://restful-booker.herokuapp.com/booking,672,0,0
1789683503807,625,Login,200,OK,Thread Group 1-946,text,true,,774,325,695,695,https://restful-booker.herokuapp.com/auth,625,0,487
1789683502968,1464,Login,200,OK,Thread Group 1-736,text,true,,774,325,695,695,https://restful-booker.herokuapp.com/auth,1464,0,1324
1789683502275,2162,Login,200,OK,Thread Group 1-620,text,false,"The operation lasted too long: It took 2,162 milliseconds, but should not have lasted longer than 2,000 milliseconds.",775,327,695,695,https://restful-booker.herokuapp.com/auth,2162,0,2004
1789683503313,1128,Login,200,OK,Thread Group 1-815,text,true,,775,327,695,695,https://restful-booker.herokuapp.com/auth,1128,0,965
1789683503832,611,Login,200,OK,Thread Group 1-994,text,true,,774,325,694,694,https://restful-booker.herokuapp.com/auth,611,0,470
1789683503645,798,Login,200,OK,Thread Group 1-959,text,true,,774,325,694,694,https://restful-booker.herokuapp.com/auth,798,0,633
1789683502569,1875,Login,200,OK,Thread Group 1-669,text,true,,774,325,693,693,https://restful-booker.herokuapp.com/auth,1875,0,1715
1789683504284,161,Get Booking,200,OK,Thread Group 1-410,text,true,,918,253,692,692,https://restful-booker.herokuapp.com/booking/4365,161,0,0
1789683502702,1744,Login,200,OK,Thread Group 1-655,text,true,,771,327,692,692,https://restful-booker.herokuapp.com/auth,1744,0,823
1789683503670,778,Login,200,OK,Thread Group 1-992,text,true,,774,325,691,691,https://restful-booker.herokuapp.com/auth,778,0,619
1789683502996,1455,Login,200,OK,Thread Group 1-740,text,true,,775,327,690,690,https://restful-booker.herokuapp.com/auth,1455,0,1318
1789683502311,2140,Login,200,OK,Thread Group 1-597,text,false,"The operation lasted too long: It took 2,140 milliseconds, but should not have lasted longer than 2,000 milliseconds.",774,325,690,690,https://restful-booker.herokuapp.com/auth,2140,0,1983
1789683503412,1040,Login,200,OK,Thread Group 1-842,text,true,,774,325,690,690,https://restful-booker.herokuapp.com/auth,1040,0,879
1789683504312,142,Get Booking,200,OK,Thread Group 1-741,text,true,,919,253,689,689,https://restful-booker.herokuapp.com/booking/4369,142,0,0
1789683504313,141,CreateBooking,200,OK,Thread Group 1-786,text,true,,947,520,689,689,https://restful-booker.herokuapp.com/booking,141,0,0
1789683503286,1169,Get Booking IDs,200,OK,Thread Group 1-384,text,true,,58522,248,689,689,https://restful-booker.herokuapp.com/booking,365,0,0
1789683503645,811,Login,200,OK,Thread Group 1-938,text,true,,774,325,689,689,https://restful-booker.herokuapp.com/auth,811,0,677
1789683503602,854,Login,200,OK,Thread Group 1-924,text,true,,774,325,689,689,https://restful-booker.herokuapp.com/auth,854,0,719
1789683503649,807,Login,200,OK,Thread Group 1-944,text,true,,774,325,689,689,https://restful-booker.herokuapp.com/auth,807,0,673
1789683503349,1113,UpdateBooking - PUT,200,OK,Thread Group 1-164,text,true,,914,524,689,689,https://restful-booker.herokuapp.com/booking/4118,1113,0,0
1789683502030,2432,Get Booking IDs,200,OK,Thread Group 1-137,text,false,"The operation lasted too long: It took 2,432 milliseconds, but should not have lasted longer than 2,000 milliseconds.",56793,248,689,689,https://restful-booker.herokuapp.com/booking,216,0,0
1789683504308,157,DeleteBooking,200,OK,Thread Group 1-84,text,true,,918,253,689,689,https://restful-booker.herokuapp.com/booking/4055,157,0,0
1789683503596,873,Get Booking IDs,200,OK,Thread Group 1-478,text,true,,59016,248,688,688,https://restful-booker.herokuapp.com/booking,202,0,0
1789683504320,165,CreateBooking,200,OK,Thread Group 1-660,text,true,,945,518,687,687,https://restful-booker.herokuapp.com/booking,165,0,0
1789683503739,747,Login,200,OK,Thread Group 1-940,text,true,,775,327,687,687,https://restful-booker.herokuapp.com/auth,747,0,589
1789683504029,458,Get Booking IDs,200,OK,Thread Group 1-621,text,true,,59438,248,687,687,https://restful-booker.herokuapp.com/booking,164,0,0
1789683503652,835,Get Booking IDs,200,OK,Thread Group 1-496,text,true,,59054,248,687,687,https://restful-booker.herokuapp.com/booking,382,0,0
1789683503870,617,Login,200,OK,Thread Group 1-979,text,true,,774,325,687,687,https://restful-booker.herokuapp.com/auth,617,0,472
1789683504342,146,CreateBooking,200,OK,Thread Group 1-843,text,true,,947,520,687,687,https://restful-booker.herokuapp.com/booking,146,0,0
1789683503873,618,Login,200,OK,Thread Group 1-984,text,true,,774,325,684,684,https://restful-booker.herokuapp.com/auth,618,0,471
1789683504345,151,UpdateBooking - PUT,200,OK,Thread Group 1-391,text,true,,918,524,684,684,https://restful-booker.herokuapp.com/booking/4240,151,0,0
1789683504340,162,Get Booking,200,OK,Thread Group 1-486,text,true,,919,253,684,684,https://restful-booker.herokuapp.com/booking/4337,162,0,0
1789683503751,751,Login,200,OK,Thread Group 1-949,text,true,,774,325,684,684,https://restful-booker.herokuapp.com/auth,751,0,589
1789683502266,2238,Get Booking IDs,200,OK,Thread Group 1-264,text,false,"The operation lasted too long: It took 2,238 milliseconds, but should not have lasted longer than 2,000 milliseconds.",57059,248,683,683,https://restful-booker.herokuapp.com/booking,503,0,0
1789683504341,163,CreateBooking,200,OK,Thread Group 1-747,text,true,,948,521,683,683,https://restful-booker.herokuapp.com/booking,163,0,0
1789683504340,166,CreateBooking,200,OK,Thread Group 1-627,text,true,,945,518,683,683,https://restful-booker.herokuapp.com/booking,166,0,0
1789683503889,617,Login,200,OK,Thread Group 1-942,text,true,,774,325,683,683,https://restful-booker.herokuapp.com/auth,617,0,463
1789683503768,738,Login,200,OK,Thread Group 1-1000,text,true,,775,327,683,683,https://restful-booker.herokuapp.com/auth,738,0,578
1789683504346,160,Get Booking,200,OK,Thread Group 1-711,text,true,,920,253,683,683,https://restful-booker.herokuapp.com/booking/4374,160,0,0
1789683504355,152,DeleteBooking,200,OK,Thread Group 1-324,text,true,,918,253,682,682,https://restful-booker.herokuapp.com/booking/4210,152,0,0
1789683504355,152,CreateBooking,200,OK,Thread Group 1-721,text,true,,949,522,682,682,https://restful-booker.herokuapp.com/booking,152,0,0
1789683502168,2340,Login,200,OK,Thread Group 1-537,text,false,"The operation lasted too long: It took 2,340 milliseconds, but should not have lasted longer than 2,000 milliseconds.",770,325,681,681,https://restful-booker.herokuapp.com/auth,2340,0,784
1789683502414,2096,Get Booking IDs,200,OK,Thread Group 1-270,text,false,"The operation lasted too long: It took 2,096 milliseconds, but should not have lasted longer than 2,000 milliseconds.",57249,248,681,681,https://restful-booker.herokuapp.com/booking,539,0,0
1789683503915,602,Login,200,OK,Thread Group 1-954,text,true,,774,325,680,680,https://restful-booker.herokuapp.com/auth,602,0,453
1789683504352,166,Get Booking,200,OK,Thread Group 1-393,text,true,,916,253,680,680,https://restful-booker.herokuapp.com/booking/4372,166,0,0
1789683503727,792,CreateBooking,200,OK,Thread Group 1-483,text,true,,945,522,680,680,https://restful-booker.herokuapp.com/booking,792,0,0
1789683503510,1011,Get Booking IDs,200,OK,Thread Group 1-363,text,true,,58826,248,680,680,https://restful-booker.herokuapp.com/booking,818,0,0
1789683504079,445,Get Booking IDs,200,OK,Thread Group 1-576,text,true,,59514,248,679,679,https://restful-booker.herokuapp.com/booking,145,0,0
1789683504368,156,Get Booking,200,OK,Thread Group 1-527,text,true,,919,253,679,679,https://restful-booker.herokuapp.com/booking/4309,156,0,0
1789683503190,1335,Get Booking IDs,200,OK,Thread Group 1-367,text,true,,58408,248,678,678,https://restful-booker.herokuapp.com/booking,371,0,0
1789683503577,948,Get Booking IDs,200,OK,Thread Group 1-416,text,true,,58978,248,678,678,https://restful-booker.herokuapp.com/booking,224,0,0
1789683503916,609,Login,200,OK,Thread Group 1-957,text,true,,774,325,678,678,https://restful-booker.herokuapp.com/auth,609,0,461
1789683501482,3044,Login,200,OK,Thread Group 1-434,text,false,"The operation lasted too long: It took 3,044 milliseconds, but should not have lasted longer than 2,000 milliseconds.",774,325,676,676,https://restful-booker.herokuapp.com/auth,3044,0,2879
1789683504380,152,DeleteBooking,200,OK,Thread Group 1-351,text,true,,918,253,676,676,https://restful-booker.herokuapp.com/booking/4224,152,0,0
1789683503677,857,Login,200,OK,Thread Group 1-893,text,true,,774,325,675,675,https://restful-booker.herokuapp.com/auth,856,0,702
1789683503087,1448,Get Booking IDs,200,OK,Thread Group 1-474,text,true,,58237,248,675,675,https://restful-booker.herokuapp.com/booking,511,0,0
1789683504394,142,CreateBooking,200,OK,Thread Group 1-840,text,true,,945,518,675,675,https://restful-booker.herokuapp.com/booking,142,0,0
1789683503152,1384,Login,200,OK,Thread Group 1-762,text,true,,774,325,675,675,https://restful-booker.herokuapp.com/auth,1384,0,725
1789683504394,142,CreateBooking,200,OK,Thread Group 1-703,text,true,,948,521,675,675,https://restful-booker.herokuapp.com/booking,142,0,0
1789683502176,2364,Login,200,OK,Thread Group 1-598,text,false,"The operation lasted too long: It took 2,364 milliseconds, but should not have lasted longer than 2,000 milliseconds.",770,325,673,673,https://restful-booker.herokuapp.com/auth,2364,0,786
1789683504372,171,CreateBooking,200,OK,Thread Group 1-451,text,true,,947,520,673,673,https://restful-booker.herokuapp.com/booking,171,0,0
1789683502382,2161,Login,200,OK,Thread Group 1-613,text,false,"The operation lasted too long: It took 2,161 milliseconds, but should not have lasted longer than 2,000 milliseconds.",774,325,673,673,https://restful-booker.herokuapp.com/auth,2161,0,1994
1789683503773,772,Get Booking IDs,200,OK,Thread Group 1-523,text,true,,59115,248,673,673,https://restful-booker.herokuapp.com/booking,177,0,0
1789683503794,751,Login,200,OK,Thread Group 1-965,text,true,,775,327,673,673,https://restful-booker.herokuapp.com/auth,751,0,611
1789683501978,2568,Get Booking IDs,200,OK,Thread Group 1-50,text,false,"The operation lasted too long: It took 2,568 milliseconds, but should not have lasted longer than 2,000 milliseconds.",56812,248,671,671,https://restful-booker.herokuapp.com/booking,456,0,0
1789683502541,2007,Login,200,OK,Thread Group 1-638,text,false,"The operation lasted too long: It took 2,007 milliseconds, but should not have lasted longer than 2,000 milliseconds.",770,325,670,670,https://restful-booker.herokuapp.com/auth,2007,0,1093
1789683504139,411,Get Booking IDs,200,OK,Thread Group 1-600,text,true,,59590,248,670,670,https://restful-booker.herokuapp.com/booking,137,0,0
1789683503792,758,Login,200,OK,Thread Group 1-939,text,true,,774,325,670,670,https://restful-booker.herokuapp.com/auth,758,0,590
1789683502365,2197,Login,200,OK,Thread Group 1-585,text,false,"The operation lasted too long: It took 2,197 milliseconds, but should not have lasted longer than 2,000 milliseconds.",775,327,668,668,https://restful-booker.herokuapp.com/auth,2197,0,2030
1789683504395,168,DeleteBooking,200,OK,Thread Group 1-71,text,true,,918,253,668,668,https://restful-booker.herokuapp.com/booking/4101,168,0,0
1789683502465,2100,Login,200,OK,Thread Group 1-628,text,false,"The operation lasted too long: It took 2,100 milliseconds, but should not have lasted longer than 2,000 milliseconds.",774,325,666,666,https://restful-booker.herokuapp.com/auth,2100,0,1930
1789683502823,1743,Login,200,OK,Thread Group 1-694,text,true,,770,325,666,666,https://restful-booker.herokuapp.com/auth,1743,0,816
1789683501755,2811,Get Booking IDs,200,OK,Thread Group 1-143,text,false,"The operation lasted too long: It took 2,811 milliseconds, but should not have lasted longer than 2,000 milliseconds.",56375,248,666,666,https://restful-booker.herokuapp.com/booking,420,0,0
1789683504146,422,Get Booking IDs,200,OK,Thread Group 1-643,text,true,,59609,248,665,665,https://restful-booker.herokuapp.com/booking,140,0,0
1789683504422,148,CreateBooking,200,OK,Thread Group 1-784,text,true,,947,520,664,664,https://restful-booker.herokuapp.com/booking,148,0,0
1789683504424,146,CreateBooking,200,OK,Thread Group 1-857,text,true,,948,521,664,664,https://restful-booker.herokuapp.com/booking,146,0,0
1789683504424,147,Get Booking,200,OK,Thread Group 1-698,text,true,,916,253,664,664,https://restful-booker.herokuapp.com/booking/4380,147,0,0
1789683504403,174,Get Booking,200,OK,Thread Group 1-584,text,true,,918,253,664,664,https://restful-booker.herokuapp.com/booking/4377,174,0,0
1789683503871,711,UpdateBooking - PUT,200,OK,Thread Group 1-151,text,true,,918,524,664,664,https://restful-booker.herokuapp.com/booking/4148,711,0,0
1789683503858,729,Get Booking,200,OK,Thread Group 1-463,text,true,,918,253,664,664,https://restful-booker.herokuapp.com/booking/4320,728,0,0
1789683502609,1982,Login,200,OK,Thread Group 1-652,text,true,,774,325,664,664,https://restful-booker.herokuapp.com/auth,1982,0,1811
1789683504425,166,Get Booking,200,OK,Thread Group 1-530,text,true,,918,253,664,664,https://restful-booker.herokuapp.com/booking/4319,166,0,0
1789683504423,168,Get Booking,200,OK,Thread Group 1-608,text,true,,919,253,664,664,https://restful-booker.herokuapp.com/booking/4376,168,0,0
1789683503631,961,Login,200,OK,Thread Group 1-925,text,true,,775,327,663,663,https://restful-booker.herokuapp.com/auth,961,0,797
1789683504437,160,CreateBooking,200,OK,Thread Group 1-768,text,true,,949,522,662,662,https://restful-booker.herokuapp.com/booking,160,0,0
1789683502493,2104,Login,200,OK,Thread Group 1-611,text,false,"The operation lasted too long: It took 2,104 milliseconds, but should not have lasted longer than 2,000 milliseconds.",774,325,662,662,https://restful-booker.herokuapp.com/auth,2104,0,1945
1789683502398,2201,Login,200,OK,Thread Group 1-599,text,false,"The operation lasted too long: It took 2,201 milliseconds, but should not have lasted longer than 2,000 milliseconds.",774,325,662,662,https://restful-booker.herokuapp.com/auth,2201,0,2043
1789683503589,1013,Login,200,OK,Thread Group 1-906,text,true,,774,325,661,661,https://restful-booker.herokuapp.com/auth,1012,0,854
1789683504438,169,Get Booking,200,OK,Thread Group 1-714,text,true,,919,253,661,661,https://restful-booker.herokuapp.com/booking/4379,169,0,0
1789683504438,169,Get Booking,200,OK,Thread Group 1-780,text,true,,920,253,661,661,https://restful-booker.herokuapp.com/booking/4386,169,0,0
1789683504440,167,Get Booking,200,OK,Thread Group 1-687,text,true,,916,253,661,661,https://restful-booker.herokuapp.com/booking/4362,167,0,0
1789683503559,1051,Login,200,OK,Thread Group 1-849,text,true,,774,325,661,661,https://restful-booker.herokuapp.com/auth,1051,0,885
1789683504448,165,CreateBooking,200,OK,Thread Group 1-704,text,true,,945,518,660,660,https://restful-booker.herokuapp.com/booking,165,0,0
1789683502916,1702,Get Booking IDs,200,OK,Thread Group 1-318,text,true,,58009,248,660,660,https://restful-booker.herokuapp.com/booking,768,0,0
1789683504447,179,UpdateBooking - PUT,200,OK,Thread Group 1-517,text,true,,918,524,659,659,https://restful-booker.herokuapp.com/booking/4302,179,0,0
1789683504453,176,CreateBooking,200,OK,Thread Group 1-907,text,true,,949,522,659,659,https://restful-booker.herokuapp.com/booking,176,0,0
1789683504456,173,CreateBooking,200,OK,Thread Group 1-673,text,true,,948,521,659,659,https://restful-booker.herokuapp.com/booking,173,0,0
1789683502911,1718,Login,200,OK,Thread Group 1-723,text,true,,774,325,659,659,https://restful-booker.herokuapp.com/auth,1718,0,1549
1789683503349,1300,Get Booking,200,OK,Thread Group 1-428,text,true,,914,253,659,659,https://restful-booker.herokuapp.com/booking/4295,1300,0,0
1789683504479,172,Get Booking,200,OK,Thread Group 1-500,text,true,,919,253,659,659,https://restful-booker.herokuapp.com/booking/4336,172,0,0
1789683503920,732,Get Booking,200,OK,Thread Group 1-420,text,true,,916,253,659,659,https://restful-booker.herokuapp.com/booking/4324,732,0,0
1789683504189,479,Get Booking IDs,200,OK,Thread Group 1-556,text,true,,59704,248,659,659,https://restful-booker.herokuapp.com/booking,137,0,0
1789683504468,200,CreateBooking,200,OK,Thread Group 1-791,text,true,,948,521,659,659,https://restful-booker.herokuapp.com/booking,200,0,0
1789683504468,203,CreateBooking,200,OK,Thread Group 1-796,text,true,,948,521,658,658,https://restful-booker.herokuapp.com/booking,203,0,0
1789683503687,987,Login,200,OK,Thread Group 1-977,text,true,,774,325,658,658,https://restful-booker.herokuapp.com/auth,987,0,812
1789683504505,177,Get Booking,200,OK,Thread Group 1-666,text,true,,918,253,658,658,https://restful-booker.herokuapp.com/booking/4388,177,0,0
1789683503761,921,Login,200,OK,Thread Group 1-933,text,true,,774,325,658,658,https://restful-booker.herokuapp.com/auth,921,0,743
1789683502209,2475,Login,200,OK,Thread Group 1-533,text,false,"The operation lasted too long: It took 2,475 milliseconds, but should not have lasted longer than 2,000 milliseconds.",774,325,658,658,https://restful-booker.herokuapp.com/auth,2475,0,2304
1789683502274,2411,Get Booking IDs,200,OK,Thread Group 1-220,text,false,"The operation lasted too long: It took 2,411 milliseconds, but should not have lasted longer than 2,000 milliseconds.",57078,248,658,658,https://restful-booker.herokuapp.com/booking,1045,0,0
1789683504516,171,DeleteBooking,200,OK,Thread Group 1-184,text,true,,918,253,657,657,https://restful-booker.herokuapp.com/booking/4146,171,0,0
1789683504521,174,CreateBooking,200,OK,Thread Group 1-713,text,true,,948,521,656,656,https://restful-booker.herokuapp.com/booking,174,0,0
1789683504485,212,UpdateBooking - PUT,200,OK,Thread Group 1-424,text,true,,918,524,656,656,https://restful-booker.herokuapp.com/booking/4269,212,0,0
1789683504484,213,CreateBooking,200,OK,Thread Group 1-934,text,true,,947,520,656,656,https://restful-booker.herokuapp.com/booking,213,0,0
1789683504479,218,CreateBooking,200,OK,Thread Group 1-856,text,true,,947,520,656,656,https://restful-booker.herokuapp.com/booking,218,0,0
1789683504535,170,Get Booking,200,OK,Thread Group 1-686,text,true,,918,253,656,656,https://restful-booker.herokuapp.com/booking/4408,170,0,0
1789683504542,169,UpdateBooking - PUT,200,OK,Thread Group 1-244,text,true,,918,524,656,656,https://restful-booker.herokuapp.com/booking/4168,169,0,0
1789683504489,222,CreateBooking,200,OK,Thread Group 1-781,text,true,,945,518,656,656,https://restful-booker.herokuapp.com/booking,222,0,0
1789683503517,1195,Login,200,OK,Thread Group 1-854,text,true,,774,325,656,656,https://restful-booker.herokuapp.com/auth,1195,0,1029
1789683503685,1028,Get Booking IDs,200,OK,Thread Group 1-487,text,true,,59054,248,656,656,https://restful-booker.herokuapp.com/booking,659,0,0
1789683502777,1942,Login,200,OK,Thread Group 1-641,text,true,,774,325,655,655,https://restful-booker.herokuapp.com/auth,1942,0,1774
1789683504556,169,UpdateBooking - PUT,200,OK,Thread Group 1-204,text,true,,918,524,655,655,https://restful-booker.herokuapp.com/booking/4156,169,0,0
1789683504562,168,UpdateBooking - PATCH,200,OK,Thread Group 1-177,text,true,,918,333,655,655,https://restful-booker.herokuapp.com/booking/4130,168,0,0
1789683502818,1917,Login,200,OK,Thread Group 1-715,text,true,,775,327,655,655,https://restful-booker.herokuapp.com/auth,1917,0,1678
1789683503042,1694,Login,200,OK,Thread Group 1-728,text,true,,774,325,654,654,https://restful-booker.herokuapp.com/auth,1694,0,1465
1789683504502,234,Get Booking,200,OK,Thread Group 1-770,text,true,,919,253,654,654,https://restful-booker.herokuapp.com/booking/4383,234,0,0
1789683504504,234,Get Booking,200,OK,Thread Group 1-724,text,true,,919,253,654,654,https://restful-booker.herokuapp.com/booking/4382,234,0,0
1789683503835,904,Login,200,OK,Thread Group 1-971,text,true,,774,325,654,654,https://restful-booker.herokuapp.com/auth,904,0,744
1789683503321,1426,Get Booking IDs,200,OK,Thread Group 1-364,text,true,,58579,248,654,654,https://restful-booker.herokuapp.com/booking,735,0,0
1789683504588,160,CreateBooking,200,OK,Thread Group 1-568,text,true,,947,520,654,654,https://restful-booker.herokuapp.com/booking,160,0,0
1789683503081,1669,Login,200,OK,Thread Group 1-788,text,true,,774,325,654,654,https://restful-booker.herokuapp.com/auth,1669,0,1514
1789683502918,1833,Login,200,OK,Thread Group 1-758,text,true,,774,325,654,654,https://restful-booker.herokuapp.com/auth,1833,0,1677
1789683504137,617,DeleteBooking,200,OK,Thread Group 1-124,text,true,,918,253,654,654,https://restful-booker.herokuapp.com/booking/4092,617,0,0
1789683504599,159,UpdateBooking - PATCH,200,OK,Thread Group 1-291,text,true,,918,333,653,653,https://restful-booker.herokuapp.com/booking/4223,158,0,0
1789683503077,1685,Login,200,OK,Thread Group 1-774,text,true,,774,325,653,653,https://restful-booker.herokuapp.com/auth,1685,0,1441
1789683504606,162,CreateBooking,200,OK,Thread Group 1-620,text,true,,947,520,653,653,https://restful-booker.herokuapp.com/booking,162,0,0
1789683504605,166,Get Booking,200,OK,Thread Group 1-544,text,true,,919,253,653,653,https://restful-booker.herokuapp.com/booking/4340,166,0,0
1789683502602,2169,Get Booking IDs,200,OK,Thread Group 1-224,text,false,"The operation lasted too long: It took 2,169 milliseconds, but should not have lasted longer than 2,000 milliseconds.",57458,248,653,653,https://restful-booker.herokuapp.com/booking,271,0,0
1789683503323,1450,Login,200,OK,Thread Group 1-807,text,true,,774,325,653,653,https://restful-booker.herokuapp.com/auth,1450,0,1287
1789683502615,2158,Login,200,OK,Thread Group 1-691,text,false,"The operation lasted too long: It took 2,158 milliseconds, but should not have lasted longer than 2,000 milliseconds.",774,325,653,653,https://restful-booker.herokuapp.com/auth,2158,0,1995
1789683504531,243,CreateBooking,200,OK,Thread Group 1-826,text,true,,945,518,653,653,https://restful-booker.herokuapp.com/booking,243,0,0
1789683503077,1697,Login,200,OK,Thread Group 1-759,text,true,,774,325,653,653,https://restful-booker.herokuapp.com/auth,1697,0,1456
1789683504534,240,Get Booking,200,OK,Thread Group 1-763,text,true,,920,253,653,653,https://restful-booker.herokuapp.com/booking/4393,240,0,0
1789683503048,1733,Get Booking IDs,200,OK,Thread Group 1-331,text,true,,58180,248,652,652,https://restful-booker.herokuapp.com/booking,555,0,0
1789683504628,156,CreateBooking,200,OK,Thread Group 1-663,text,true,,949,522,652,652,https://restful-booker.herokuapp.com/booking,156,0,0
1789683504540,244,CreateBooking,200,OK,Thread Group 1-913,text,true,,948,521,652,652,https://restful-booker.herokuapp.com/booking,244,0,0
1789683504542,243,Get Booking,200,OK,Thread Group 1-757,text,true,,920,253,652,652,https://restful-booker.herokuapp.com/booking/4407,243,0,0
1789683504546,239,Get Booking,200,OK,Thread Group 1-708,text,true,,920,253,652,652,https://restful-booker.herokuapp.com/booking/4373,239,0,0
1789683502665,2121,Get Booking IDs,200,OK,Thread Group 1-256,text,false,"The operation lasted too long: It took 2,121 milliseconds, but should not have lasted longer than 2,000 milliseconds.",57553,248,652,652,https://restful-booker.herokuapp.com/booking,285,0,0
1789683503187,1601,Get Booking IDs,200,OK,Thread Group 1-297,text,true,,58408,248,651,651,https://restful-booker.herokuapp.com/booking,244,0,0
1789683503613,1177,Login,200,OK,Thread Group 1-871,text,true,,774,325,651,651,https://restful-booker.herokuapp.com/auth,1177,0,1019
1789683504551,243,UpdateBooking - PUT,200,OK,Thread Group 1-477,text,true,,918,524,651,651,https://restful-booker.herokuapp.com/booking/4260,243,0,0
1789683504548,246,DeleteBooking,200,OK,Thread Group 1-397,text,true,,918,253,651,651,https://restful-booker.herokuapp.com/booking/4239,246,0,0
1789683504556,238,Get Booking,200,OK,Thread Group 1-754,text,true,,920,253,651,651,https://restful-booker.herokuapp.com/booking/4384,238,0,0
1789683504561,233,CreateBooking,200,OK,Thread Group 1-821,text,true,,948,521,651,651,https://restful-booker.herokuapp.com/booking,233,0,0
1789683502882,1912,Login,200,OK,Thread Group 1-731,text,true,,774,325,651,651,https://restful-booker.herokuapp.com/auth,1912,0,1754
1789683501493,3307,Login,200,OK,Thread Group 1-400,text,false,"The operation lasted too long: It took 3,307 milliseconds, but should not have lasted longer than 2,000 milliseconds.",775,327,650,650,https://restful-booker.herokuapp.com/auth,3307,0,3150
1789683504648,154,Get Booking,200,OK,Thread Group 1-636,text,true,,919,253,650,650,https://restful-booker.herokuapp.com/booking/4391,154,0,0
1789683502842,1961,Login,200,OK,Thread Group 1-710,text,true,,775,327,650,650,https://restful-booker.herokuapp.com/auth,1961,0,1804
1789683502858,1952,Login,200,OK,Thread Group 1-725,text,true,,775,327,650,650,https://restful-booker.herokuapp.com/auth,1952,0,1058
1789683502482,2338,Login,200,OK,Thread Group 1-616,text,false,"The operation lasted too long: It took 2,338 milliseconds, but should not have lasted longer than 2,000 milliseconds.",774,325,649,649,https://restful-booker.herokuapp.com/auth,2338,0,2169
1789683504575,248,CreateBooking,200,OK,Thread Group 1-937,text,true,,948,521,649,649,https://restful-booker.herokuapp.com/booking,247,0,0
1789683503932,891,Login,200,OK,Thread Group 1-999,text,true,,774,325,649,649,https://restful-booker.herokuapp.com/auth,891,0,732
1789683501284,3543,Login,200,OK,Thread Group 1-372,text,false,"The operation lasted too long: It took 3,543 milliseconds, but should not have lasted longer than 2,000 milliseconds.",774,325,648,648,https://restful-booker.herokuapp.com/auth,3543,0,3380
1789683504670,158,DeleteBooking,200,OK,Thread Group 1-11,text,true,,918,253,647,647,https://restful-booker.herokuapp.com/booking/4064,158,0,0
1789683504577,255,Get Booking,200,OK,Thread Group 1-760,text,true,,920,253,646,646,https://restful-booker.herokuapp.com/booking/4395,255,0,0
1789683504667,165,Get Booking,200,OK,Thread Group 1-561,text,true,,919,253,646,646,https://restful-booker.herokuapp.com/booking/4363,165,0,0
1789683504583,249,CreateBooking,200,OK,Thread Group 1-887,text,true,,948,521,646,646,https://restful-booker.herokuapp.com/booking,249,0,0
1789683504583,253,Get Booking,200,OK,Thread Group 1-746,text,true,,918,253,646,646,https://restful-booker.herokuapp.com/booking/4385,253,0,0
1789683504582,255,CreateBooking,200,OK,Thread Group 1-847,text,true,,948,521,646,646,https://restful-booker.herokuapp.com/booking,255,0,0
1789683504690,151,DeleteBooking,200,OK,Thread Group 1-157,text,true,,918,253,646,646,https://restful-booker.herokuapp.com/booking/4110,151,0,0
1789683504586,255,CreateBooking,200,OK,Thread Group 1-963,text,true,,945,518,646,646,https://restful-booker.herokuapp.com/booking,255,0,0
1789683504594,251,UpdateBooking - PUT,200,OK,Thread Group 1-444,text,true,,918,524,645,645,https://restful-booker.herokuapp.com/booking/4274,251,0,0
1789683504590,255,CreateBooking,200,OK,Thread Group 1-794,text,true,,949,522,645,645,https://restful-booker.herokuapp.com/booking,255,0,0
1789683504598,247,CreateBooking,200,OK,Thread Group 1-880,text,true,,948,521,645,645,https://restful-booker.herokuapp.com/booking,247,0,0
1789683503770,1077,Get Booking IDs,200,OK,Thread Group 1-468,text,true,,59115,248,645,645,https://restful-booker.herokuapp.com/booking,579,0,0
1789683504603,252,Get Booking,200,OK,Thread Group 1-651,text,true,,919,253,644,644,https://restful-booker.herokuapp.com/booking/4394,252,0,0
1789683504605,250,DeleteBooking,200,OK,Thread Group 1-311,text,true,,918,253,644,644,https://restful-booker.herokuapp.com/booking/4227,250,0,0
1789683504607,248,CreateBooking,200,OK,Thread Group 1-920,text,true,,947,520,644,644,https://restful-booker.herokuapp.com/booking,248,0,0
1789683503264,1592,Login,200,OK,Thread Group 1-827,text,true,,774,325,644,644,https://restful-booker.herokuapp.com/auth,1592,0,1343
1789683504704,153,Get Booking,200,OK,Thread Group 1-747,text,true,,919,253,643,643,https://restful-booker.herokuapp.com/booking/4415,153,0,0
1789683504702,157,Get Booking,200,OK,Thread Group 1-521,text,true,,919,253,643,643,https://restful-booker.herokuapp.com/booking/4409,157,0,0
1789683503621,1238,Get Booking IDs,200,OK,Thread Group 1-447,text,true,,59054,248,643,643,https://restful-booker.herokuapp.com/booking,378,0,0
1789683504609,256,CreateBooking,200,OK,Thread Group 1-983,text,true,,949,522,642,642,https://restful-booker.herokuapp.com/booking,256,0,0
1789683503814,1056,Login,200,OK,Thread Group 1-996,text,true,,774,325,642,642,https://restful-booker.herokuapp.com/auth,1056,0,909
1789683502621,2251,Get Booking IDs,200,OK,Thread Group 1-228,text,false,"The operation lasted too long: It took 2,251 milliseconds, but should not have lasted longer than 2,000 milliseconds.",57477,248,642,642,https://restful-booker.herokuapp.com/booking,277,0,0
1789683504170,706,Get Booking IDs,200,OK,Thread Group 1-590,text,true,,59666,248,641,641,https://restful-booker.herokuapp.com/booking,138,0,0
1789683504618,259,CreateBooking,200,OK,Thread Group 1-823,text,true,,949,522,640,640,https://restful-booker.herokuapp.com/booking,259,0,0
1789683504628,249,CreateBooking,200,OK,Thread Group 1-817,text,true,,945,518,640,640,https://restful-booker.herokuapp.com/booking,249,0,0
1789683503749,1128,Login,200,OK,Thread Group 1-982,text,true,,774,325,640,640,https://restful-booker.herokuapp.com/auth,1128,0,976
1789683503378,1499,Login,200,OK,Thread Group 1-834,text,true,,774,325,640,640,https://restful-booker.herokuapp.com/auth,1499,0,1251
1789683504631,248,CreateBooking,200,OK,Thread Group 1-944,text,true,,949,522,639,639,https://restful-booker.herokuapp.com/booking,248,0,0
1789683504641,242,Get Booking,200,OK,Thread Group 1-843,text,true,,918,253,639,639,https://restful-booker.herokuapp.com/booking/4416,242,0,0
1789683501928,2955,Login,200,OK,Thread Group 1-481,text,false,"The operation lasted too long: It took 2,955 milliseconds, but should not have lasted longer than 2,000 milliseconds.",766,325,639,639,https://restful-booker.herokuapp.com/auth,2954,0,2802
1789683504644,245,CreateBooking,200,OK,Thread Group 1-914,text,true,,949,522,639,639,https://restful-booker.herokuapp.com/booking,245,0,0
1789683504647,251,CreateBooking,200,OK,Thread Group 1-884,text,true,,947,520,639,639,https://restful-booker.herokuapp.com/booking,251,0,0
1789683503803,1098,Login,200,OK,Thread Group 1-990,text,true,,775,327,639,639,https://restful-booker.herokuapp.com/auth,1098,0,848
1789683504033,869,Get Booking IDs,200,OK,Thread Group 1-466,text,true,,59457,248,639,639,https://restful-booker.herokuapp.com/booking,364,0,0
1789683504046,857,CreateBooking,200,OK,Thread Group 1-681,text,true,,945,518,639,639,https://restful-booker.herokuapp.com/booking,857,0,0
1789683504739,164,CreateBooking,200,OK,Thread Group 1-828,text,true,,937,518,639,639,https://restful-booker.herokuapp.com/booking,163,0,0
1789683501373,3530,Login,200,OK,Thread Group 1-409,text,false,"The operation lasted too long: It took 3,530 milliseconds, but should not have lasted longer than 2,000 milliseconds.",766,325,639,639,https://restful-booker.herokuapp.com/auth,3530,0,3369
1789683504656,249,CreateBooking,200,OK,Thread Group 1-874,text,true,,949,522,637,637,https://restful-booker.herokuapp.com/booking,249,0,0
1789683502995,1912,Get Booking IDs,200,OK,Thread Group 1-328,text,true,,58123,248,637,637,https://restful-booker.herokuapp.com/booking,548,0,0
1789683504662,246,CreateBooking,200,OK,Thread Group 1-890,text,true,,947,520,636,636,https://restful-booker.herokuapp.com/booking,246,0,0
1789683504662,246,CreateBooking,200,OK,Thread Group 1-978,text,true,,949,522,636,636,https://restful-booker.herokuapp.com/booking,246,0,0
1789683501534,3375,Get Booking IDs,200,OK,Thread Group 1-106,text,false,"The operation lasted too long: It took 3,375 milliseconds, but should not have lasted longer than 2,000 milliseconds.",56003,248,636,636,https://restful-booker.herokuapp.com/booking,680,0,0
1789683503250,1662,Login,200,OK,Thread Group 1-797,text,true,,766,325,635,635,https://restful-booker.herokuapp.com/auth,1662,0,1500
1789683504115,798,Get Booking,200,OK,Thread Group 1-547,text,true,,916,253,635,635,https://restful-booker.herokuapp.com/booking/4354,798,0,0
1789683504667,247,Get Booking,200,OK,Thread Group 1-680,text,true,,916,253,635,635,https://restful-booker.herokuapp.com/booking/4401,247,0,0
1789683504107,810,CreateBooking,200,OK,Thread Group 1-493,text,true,,948,521,635,635,https://restful-booker.herokuapp.com/booking,810,0,0
1789683502295,2622,Get Booking IDs,200,OK,Thread Group 1-218,text,false,"The operation lasted too long: It took 2,622 milliseconds, but should not have lasted longer than 2,000 milliseconds.",57097,248,635,635,https://restful-booker.herokuapp.com/booking,522,0,0
1789683503803,1117,Login,200,OK,Thread Group 1-975,text,true,,767,327,634,634,https://restful-booker.herokuapp.com/auth,1117,0,953
1789683502666,2254,Login,200,OK,Thread Group 1-675,text,false,"The operation lasted too long: It took 2,254 milliseconds, but should not have lasted longer than 2,000 milliseconds.",767,327,634,634,https://restful-booker.herokuapp.com/auth,2254,0,2090
1789683504768,161,CreateBooking,200,OK,Thread Group 1-597,text,true,,937,518,632,632,https://restful-booker.herokuapp.com/booking,161,0,0
1789683504766,165,UpdateBooking - PATCH,200,OK,Thread Group 1-151,text,true,,910,333,632,632,https://restful-booker.herokuapp.com/booking/4148,164,0,0
1789683504769,163,Get Booking,200,OK,Thread Group 1-654,text,true,,911,253,632,632,https://restful-booker.herokuapp.com/booking/4404,163,0,0
1789683504776,157,CreateBooking,200,OK,Thread Group 1-613,text,true,,941,522,632,632,https://restful-booker.herokuapp.com/booking,157,0,0
1789683504680,254,UpdateBooking - PUT,200,OK,Thread Group 1-504,text,true,,918,524,632,632,https://restful-booker.herokuapp.com/booking/4288,254,0,0
1789683504698,240,Get Booking,200,OK,Thread Group 1-857,text,true,,919,253,632,632,https://restful-booker.herokuapp.com/booking/4422,240,0,0
1789683504782,159,UpdateBooking - PUT,200,OK,Thread Group 1-137,text,true,,910,524,632,632,https://restful-booker.herokuapp.com/booking/4126,159,0,0
1789683504785,159,CreateBooking,200,OK,Thread Group 1-891,text,true,,937,518,632,632,https://restful-booker.herokuapp.com/booking,159,0,0
1789683504788,157,CreateBooking,200,OK,Thread Group 1-598,text,true,,939,520,632,632,https://restful-booker.herokuapp.com/booking,157,0,0
1789683504709,238,Get Booking,200,OK,Thread Group 1-767,text,true,,919,253,632,632,https://restful-booker.herokuapp.com/booking/4403,238,0,0
1789683504707,240,Get Booking,200,OK,Thread Group 1-743,text,true,,919,253,632,632,https://restful-booker.herokuapp.com/booking/4406,240,0,0
1789683503293,1654,Login,200,OK,Thread Group 1-789,text,true,,766,325,632,632,https://restful-booker.herokuapp.com/auth,1654,0,1497
1789683504702,245,CreateBooking,200,OK,Thread Group 1-938,text,true,,948,521,632,632,https://restful-booker.herokuapp.com/booking,245,0,0
1789683504715,234,CreateBooking,200,OK,Thread Group 1-993,text,true,,948,521,631,631,https://restful-booker.herokuapp.com/booking,234,0,0
1789683504798,164,UpdateBooking - PUT,200,OK,Thread Group 1-264,text,true,,910,524,631,631,https://restful-booker.herokuapp.com/booking/4173,164,0,0
1789683501905,3057,Login,200,OK,Thread Group 1-515,text,false,"The operation lasted too long: It took 3,057 milliseconds, but should not have lasted longer than 2,000 milliseconds.",767,327,631,631,https://restful-booker.herokuapp.com/auth,3057,0,2895
1789683501944,3022,Login,200,OK,Thread Group 1-542,text,false,"The operation lasted too long: It took 3,022 milliseconds, but should not have lasted longer than 2,000 milliseconds.",766,325,630,630,https://restful-booker.herokuapp.com/auth,3022,0,2865
1789683504814,153,Get Booking,200,OK,Thread Group 1-660,text,true,,908,253,630,630,https://restful-booker.herokuapp.com/booking/4411,153,0,0
1789683504820,147,CreateBooking,200,OK,Thread Group 1-1000,text,true,,940,521,629,629,https://restful-booker.herokuapp.com/booking,147,0,0
1789683504724,244,CreateBooking,200,OK,Thread Group 1-927,text,true,,948,521,629,629,https://restful-booker.herokuapp.com/booking,244,0,0
1789683502839,2130,Login,200,OK,Thread Group 1-706,text,false,"The operation lasted too long: It took 2,130 milliseconds, but should not have lasted longer than 2,000 milliseconds.",766,325,629,629,https://restful-booker.herokuapp.com/auth,2130,0,1981
1789683504726,244,UpdateBooking - PUT,200,OK,Thread Group 1-564,text,true,,918,524,629,629,https://restful-booker.herokuapp.com/booking/4284,244,0,0
1789683504727,243,CreateBooking,200,OK,Thread Group 1-740,text,true,,948,521,629,629,https://restful-booker.herokuapp.com/booking,243,0,0
1789683504221,751,Get Booking IDs,200,OK,Thread Group 1-630,text,true,,59761,248,629,629,https://restful-booker.herokuapp.com/booking,286,0,0
1789683503231,1744,Login,200,OK,Thread Group 1-772,text,true,,774,325,628,628,https://restful-booker.herokuapp.com/auth,1744,0,908
1789683504825,151,Get Booking,200,OK,Thread Group 1-483,text,true,,912,253,627,627,https://restful-booker.herokuapp.com/booking/4367,151,0,0
1789683504335,643,Get Booking IDs,200,OK,Thread Group 1-566,text,true,,59970,248,627,627,https://restful-booker.herokuapp.com/booking,318,0,0
1789683501576,3401,Login,200,OK,Thread Group 1-445,text,false,"The operation lasted too long: It took 3,401 milliseconds, but should not have lasted longer than 2,000 milliseconds.",767,327,627,627,https://restful-booker.herokuapp.com/auth,3401,0,3247
1789683504827,155,Get Booking,200,OK,Thread Group 1-627,text,true,,908,253,625,625,https://restful-booker.herokuapp.com/booking/4414,155,0,0
1789683504185,798,CreateBooking,200,OK,Thread Group 1-516,text,true,,948,521,625,625,https://restful-booker.herokuapp.com/booking,798,0,0
1789683503707,1276,Login,200,OK,Thread Group 1-921,text,true,,766,325,625,625,https://restful-booker.herokuapp.com/auth,1276,0,1125
1789683504234,753,Get Booking IDs,200,OK,Thread Group 1-596,text,true,,59780,248,625,625,https://restful-booker.herokuapp.com/booking,147,0,0
1789683504758,229,CreateBooking,200,OK,Thread Group 1-954,text,true,,941,522,625,625,https://restful-booker.herokuapp.com/booking,229,0,0
1789683504836,155,CreateBooking,200,OK,Thread Group 1-611,text,true,,939,520,624,624,https://restful-booker.herokuapp.com/booking,155,0,0
1789683504836,155,CreateBooking,200,OK,Thread Group 1-807,text,true,,937,518,624,624,https://restful-booker.herokuapp.com/booking,155,0,0
1789683504769,226,CreateBooking,200,OK,Thread Group 1-893,text,true,,940,521,624,624,https://restful-booker.herokuapp.com/booking,226,0,0
1789683504850,153,UpdateBooking - PATCH,200,OK,Thread Group 1-164,text,true,,910,333,624,624,https://restful-booker.herokuapp.com/booking/4118,153,0,0
1789683504778,225,UpdateBooking - PUT,200,OK,Thread Group 1-384,text,true,,910,524,624,624,https://restful-booker.herokuapp.com/booking/4248,225,0,0
1789683504772,231,CreateBooking,200,OK,Thread Group 1-868,text,true,,939,520,624,624,https://restful-booker.herokuapp.com/booking,231,0,0
1789683504794,217,Get Booking,200,OK,Thread Group 1-907,text,true,,912,253,624,624,https://restful-booker.herokuapp.com/booking/4425,217,0,0
1789683504854,161,Get Booking,200,OK,Thread Group 1-713,text,true,,911,253,624,624,https://restful-booker.herokuapp.com/booking/4432,161,0,0
1789683504801,218,CreateBooking,200,OK,Thread Group 1-901,text,true,,937,518,624,624,https://restful-booker.herokuapp.com/booking,218,0,0
1789683502410,2609,Get Booking IDs,200,OK,Thread Group 1-217,text,false,"The operation lasted too long: It took 2,609 milliseconds, but should not have lasted longer than 2,000 milliseconds.",57249,248,624,624,https://restful-booker.herokuapp.com/booking,540,0,0
1789683502910,2111,Login,200,OK,Thread Group 1-739,text,false,"The operation lasted too long: It took 2,111 milliseconds, but should not have lasted longer than 2,000 milliseconds.",766,325,624,624,https://restful-booker.herokuapp.com/auth,2110,0,1947
1789683503993,1028,Get Booking IDs,200,OK,Thread Group 1-543,text,true,,59400,248,623,623,https://restful-booker.herokuapp.com/booking,302,0,0
1789683504800,223,Get Booking,200,OK,Thread Group 1-803,text,true,,911,253,622,622,https://restful-booker.herokuapp.com/booking/4402,223,0,0
1789683504808,215,CreateBooking,200,OK,Thread Group 1-984,text,true,,937,518,622,622,https://restful-booker.herokuapp.com/booking,215,0,0
1789683504808,217,CreateBooking,200,OK,Thread Group 1-946,text,true,,937,518,622,622,https://restful-booker.herokuapp.com/booking,217,0,0
1789683504808,219,CreateBooking,200,OK,Thread Group 1-736,text,true,,940,521,622,622,https://restful-booker.herokuapp.com/booking,219,0,0
1789683504814,213,CreateBooking,200,OK,Thread Group 1-926,text,true,,940,521,622,622,https://restful-booker.herokuapp.com/booking,213,0,0
1789683504864,164,CreateBooking,200,OK,Thread Group 1-906,text,true,,941,522,622,622,https://restful-booker.herokuapp.com/booking,164,0,0
1789683504864,164,CreateBooking,200,OK,Thread Group 1-824,text,true,,940,521,622,622,https://restful-booker.herokuapp.com/booking,164,0,0
1789683502516,2512,Get Booking IDs,200,OK,Thread Group 1-273,text,false,"The operation lasted too long: It took 2,512 milliseconds, but should not have lasted longer than 2,000 milliseconds.",57382,248,622,622,https://restful-booker.herokuapp.com/booking,265,0,0
1789683504814,218,Get Booking,200,OK,Thread Group 1-840,text,true,,908,253,621,621,https://restful-booker.herokuapp.com/booking/4420,218,0,0
1789683504872,167,CreateBooking,200,OK,Thread Group 1-638,text,true,,940,521,621,621,https://restful-booker.herokuapp.com/booking,167,0,0
1789683504820,220,UpdateBooking - PUT,200,OK,Thread Group 1-491,text,true,,910,524,621,621,https://restful-booker.herokuapp.com/booking/4273,220,0,0
1789683504293,748,Get Booking IDs,200,OK,Thread Group 1-588,text,true,,59913,248,621,621,https://restful-booker.herokuapp.com/booking,141,0,0
1789683504847,195,Get Booking,200,OK,Thread Group 1-703,text,true,,911,253,620,620,https://restful-booker.herokuapp.com/booking/4419,195,0,0
1789683504837,205,CreateBooking,200,OK,Thread Group 1-994,text,true,,941,522,620,620,https://restful-booker.herokuapp.com/booking,205,0,0
1789683504298,746,Get Booking IDs,200,OK,Thread Group 1-637,text,true,,59913,248,620,620,https://restful-booker.herokuapp.com/booking,142,0,0
1789683504872,173,CreateBooking,200,OK,Thread Group 1-434,text,true,,937,518,620,620,https://restful-booker.herokuapp.com/booking,173,0,0
1789683504855,194,CreateBooking,200,OK,Thread Group 1-900,text,true,,941,522,620,620,https://restful-booker.herokuapp.com/booking,194,0,0
1789683504858,192,UpdateBooking - PUT,200,OK,Thread Group 1-464,text,true,,910,524,620,620,https://restful-booker.herokuapp.com/booking/4272,192,0,0
1789683504880,176,Get Booking,200,OK,Thread Group 1-451,text,true,,910,253,620,620,https://restful-booker.herokuapp.com/booking/4418,176,0,0
1789683504858,198,CreateBooking,200,OK,Thread Group 1-957,text,true,,940,521,620,620,https://restful-booker.herokuapp.com/booking,198,0,0
1789683504867,196,UpdateBooking - PATCH,200,OK,Thread Group 1-391,text,true,,910,333,620,620,https://restful-booker.herokuapp.com/booking/4240,196,0,0
1789683504865,198,Get Booking,200,OK,Thread Group 1-721,text,true,,912,253,620,620,https://restful-booker.herokuapp.com/booking/4417,198,0,0
1789683504891,172,CreateBooking,200,OK,Thread Group 1-940,text,true,,940,521,620,620,https://restful-booker.herokuapp.com/booking,172,0,0
1789683504164,902,CreateBooking,200,OK,Thread Group 1-513,text,true,,945,518,620,620,https://restful-booker.herokuapp.com/booking,902,0,0
1789683503559,1508,Login,200,OK,Thread Group 1-863,text,true,,766,325,620,620,https://restful-booker.herokuapp.com/auth,1508,0,1317
1789683504882,188,Get Booking,200,OK,Thread Group 1-786,text,true,,910,253,620,620,https://restful-booker.herokuapp.com/booking/4410,188,0,0
1789683504921,198,UpdateBooking - PUT,200,OK,Thread Group 1-271,text,true,,910,524,620,620,https://restful-booker.herokuapp.com/booking/4188,198,0,0
1789683503304,1815,Login,200,OK,Thread Group 1-809,text,true,,766,325,620,620,https://restful-booker.herokuapp.com/auth,1815,0,1630
1789683504330,789,Get Booking IDs,200,OK,Thread Group 1-617,text,true,,59970,248,620,620,https://restful-booker.herokuapp.com/booking,143,0,0
1789683504934,185,CreateBooking,200,OK,Thread Group 1-834,text,true,,940,521,620,620,https://restful-booker.herokuapp.com/booking,185,0,0
1789683503204,1915,Login,200,OK,Thread Group 1-820,text,true,,767,327,620,620,https://restful-booker.herokuapp.com/auth,1915,0,1716
1789683504324,795,Get Booking IDs,200,OK,Thread Group 1-633,text,true,,59932,248,620,620,https://restful-booker.herokuapp.com/booking,140,0,0
1789683504928,191,DeleteBooking,200,OK,Thread Group 1-291,text,true,,910,253,620,620,https://restful-booker.herokuapp.com/booking/4223,191,0,0
1789683503163,1956,Login,200,OK,Thread Group 1-783,text,true,,766,325,620,620,https://restful-booker.herokuapp.com/auth,1956,0,1750
1789683502506,2613,Login,200,OK,Thread Group 1-623,text,false,"The operation lasted too long: It took 2,613 milliseconds, but should not have lasted longer than 2,000 milliseconds.",766,325,620,620,https://restful-booker.herokuapp.com/auth,2613,0,2431
1789683504903,216,UpdateBooking - PUT,200,OK,Thread Group 1-331,text,true,,910,524,620,620,https://restful-booker.herokuapp.com/booking/4234,179,0,0
1789683504926,193,Get Booking,200,OK,Thread Group 1-620,text,true,,910,253,620,620,https://restful-booker.herokuapp.com/booking/4445,193,0,0
1789683504915,204,CreateBooking,200,OK,Thread Group 1-968,text,true,,939,520,620,620,https://restful-booker.herokuapp.com/booking,204,0,0
1789683504925,195,Get Booking,200,OK,Thread Group 1-794,text,true,,912,253,619,619,https://restful-booker.herokuapp.com/booking/4443,195,0,0
1789683503401,1719,Login,200,OK,Thread Group 1-886,text,true,,766,325,619,619,https://restful-booker.herokuapp.com/auth,1719,0,1533
1789683504935,185,CreateBooking,200,OK,Thread Group 1-967,text,true,,937,518,618,618,https://restful-booker.herokuapp.com/booking,185,0,0
1789683504895,224,CreateBooking,200,OK,Thread Group 1-908,text,true,,940,521,620,620,https://restful-booker.herokuapp.com/booking,224,0,0
1789683504903,179,UpdateBooking - PUT,200,OK,Thread Group 1-297,text,true,,910,524,620,620,https://restful-booker.herokuapp.com/booking/4207,179,0,0
1789683504906,214,CreateBooking,200,OK,Thread Group 1-628,text,true,,937,518,617,617,https://restful-booker.herokuapp.com/booking,214,0,0
1789683504938,186,UpdateBooking - PATCH,200,OK,Thread Group 1-424,text,true,,910,333,617,617,https://restful-booker.herokuapp.com/booking/4269,186,0,0
1789683504527,599,Get Booking,200,OK,Thread Group 1-718,text,true,,919,253,617,617,https://restful-booker.herokuapp.com/booking/4390,599,0,0
1789683503491,1635,Login,200,OK,Thread Group 1-899,text,true,,766,325,617,617,https://restful-booker.herokuapp.com/auth,1635,0,1454
1789683504952,176,CreateBooking,200,OK,Thread Group 1-854,text,true,,941,522,616,616,https://restful-booker.herokuapp.com/booking,176,0,0
1789683504521,608,Get Booking,200,OK,Thread Group 1-727,text,true,,919,253,616,616,https://restful-booker.herokuapp.com/booking/4400,608,0,0
1789683504952,177,Get Booking,200,OK,Thread Group 1-791,text,true,,911,253,616,616,https://restful-booker.herokuapp.com/booking/4427,177,0,0
1789683504347,786,Get Booking IDs,200,OK,Thread Group 1-536,text,true,,60027,248,616,616,https://restful-booker.herokuapp.com/booking,155,0,0
1789683503045,2091,Login,200,OK,Thread Group 1-712,text,false,"The operation lasted too long: It took 2,091 milliseconds, but should not have lasted longer than 2,000 milliseconds.",766,325,615,615,https://restful-booker.herokuapp.com/auth,2091,0,1913
1789683504975,165,CreateBooking,200,OK,Thread Group 1-728,text,true,,937,518,614,614,https://restful-booker.herokuapp.com/booking,165,0,0
1789683504958,182,CreateBooking,200,OK,Thread Group 1-537,text,true,,939,520,614,614,https://restful-booker.herokuapp.com/booking,182,0,0
1789683504985,157,Get Booking,200,OK,Thread Group 1-784,text,true,,910,253,614,614,https://restful-booker.herokuapp.com/booking/4421,157,0,0
1789683503553,1590,Login,200,OK,Thread Group 1-903,text,true,,766,325,614,614,https://restful-booker.herokuapp.com/auth,1590,0,1414
1789683502633,2510,Login,200,OK,Thread Group 1-626,text,false,"The operation lasted too long: It took 2,510 milliseconds, but should not have lasted longer than 2,000 milliseconds.",766,325,614,614,https://restful-booker.herokuapp.com/auth,2510,0,2331
1789683503099,2045,Login,200,OK,Thread Group 1-756,text,false,"The operation lasted too long: It took 2,045 milliseconds, but should not have lasted longer than 2,000 milliseconds.",766,325,614,614,https://restful-booker.herokuapp.com/auth,2045,0,1876
1789683502984,2162,Get Booking IDs,200,OK,Thread Group 1-287,text,false,"The operation lasted too long: It took 2,162 milliseconds, but should not have lasted longer than 2,000 milliseconds.",58123,248,614,614,https://restful-booker.herokuapp.com/booking,786,0,0
1789683502999,2150,Get Booking IDs,200,OK,Thread Group 1-336,text,false,"The operation lasted too long: It took 2,150 milliseconds, but should not have lasted longer than 2,000 milliseconds.",58142,248,613,613,https://restful-booker.herokuapp.com/booking,1188,0,0
1789683501972,3177,Login,200,OK,Thread Group 1-484,text,false,"The operation lasted too long: It took 3,177 milliseconds, but should not have lasted longer than 2,000 milliseconds.",766,325,613,613,https://restful-booker.herokuapp.com/auth,3177,0,3005
1789683504988,167,CreateBooking,200,OK,Thread Group 1-723,text,true,,940,521,612,612,https://restful-booker.herokuapp.com/booking,167,0,0
1789683505004,161,Get Booking,200,OK,Thread Group 1-821,text,true,,911,253,612,612,https://restful-booker.herokuapp.com/booking/4436,161,0,0
1789683504996,178,CreateBooking,200,OK,Thread Group 1-933,text,true,,940,521,612,612,https://restful-booker.herokuapp.com/booking,177,0,0
1789683505018,161,Get Booking,200,OK,Thread Group 1-913,text,true,,911,253,612,612,https://restful-booker.herokuapp.com/booking/4435,161,0,0
1789683502127,3056,Get Booking IDs,200,OK,Thread Group 1-198,text,false,"The operation lasted too long: It took 3,056 milliseconds, but should not have lasted longer than 2,000 milliseconds.",56888,248,612,612,https://restful-booker.herokuapp.com/booking,496,0,0
1789683505014,170,CreateBooking,200,OK,Thread Group 1-971,text,true,,940,521,611,611,https://restful-booker.herokuapp.com/booking,170,0,0
1789683505020,173,CreateBooking,200,OK,Thread Group 1-694,text,true,,940,521,611,611,https://restful-booker.herokuapp.com/booking,173,0,0
1789683503138,2058,Login,200,OK,Thread Group 1-751,text,false,"The operation lasted too long: It took 2,058 milliseconds, but should not have lasted longer than 2,000 milliseconds.",766,325,611,611,https://restful-booker.herokuapp.com/auth,2058,0,1887
1789683505030,168,Get Booking,200,OK,Thread Group 1-704,text,true,,908,253,611,611,https://restful-booker.herokuapp.com/booking/4424,168,0,0
1789683505030,170,CreateBooking,200,OK,Thread Group 1-710,text,true,,937,518,611,611,https://restful-booker.herokuapp.com/booking,170,0,0
1789683503458,1747,Login,200,OK,Thread Group 1-870,text,true,,767,327,611,611,https://restful-booker.herokuapp.com/auth,1747,0,1581
1789683503605,1605,Login,200,OK,Thread Group 1-911,text,true,,766,325,611,611,https://restful-booker.herokuapp.com/auth,1605,0,1437
1789683505048,164,UpdateBooking - PATCH,200,OK,Thread Group 1-517,text,true,,910,333,611,611,https://restful-booker.herokuapp.com/booking/4302,164,0,0
1789683505046,166,Get Booking,200,OK,Thread Group 1-823,text,true,,912,253,611,611,https://restful-booker.herokuapp.com/booking/4448,166,0,0
1789683505048,169,Get Booking,200,OK,Thread Group 1-796,text,true,,911,253,611,611,https://restful-booker.herokuapp.com/booking/4428,169,0,0
1789683503417,1803,Login,200,OK,Thread Group 1-832,text,true,,774,325,611,611,https://restful-booker.herokuapp.com/auth,1803,0,1158
1789683505051,169,CreateBooking,200,OK,Thread Group 1-641,text,true,,940,521,611,611,https://restful-booker.herokuapp.com/booking,169,0,0
1789683504442,778,Get Booking IDs,200,OK,Thread Group 1-646,text,true,,60160,248,610,610,https://restful-booker.herokuapp.com/booking,169,0,0
1789683505060,161,UpdateBooking - PATCH,200,OK,Thread Group 1-464,text,true,,910,333,610,610,https://restful-booker.herokuapp.com/booking/4272,161,0,0
1789683503082,2141,Login,200,OK,Thread Group 1-811,text,false,"The operation lasted too long: It took 2,141 milliseconds, but should not have lasted longer than 2,000 milliseconds.",766,325,609,609,https://restful-booker.herokuapp.com/auth,2141,0,1974
1789683505067,161,UpdateBooking - PATCH,200,OK,Thread Group 1-444,text,true,,910,333,609,609,https://restful-booker.herokuapp.com/booking/4274,161,0,0
1789683505061,170,Get Booking,200,OK,Thread Group 1-493,text,true,,911,253,609,609,https://restful-booker.herokuapp.com/booking/4392,170,0,0
1789683505080,158,Get Booking,200,OK,Thread Group 1-781,text,true,,908,253,609,609,https://restful-booker.herokuapp.com/booking/4431,158,0,0
1789683505080,158,CreateBooking,200,OK,Thread Group 1-774,text,true,,940,521,609,609,https://restful-booker.herokuapp.com/booking,158,0,0
1789683505066,174,Get Booking,200,OK,Thread Group 1-673,text,true,,911,253,609,609,https://restful-booker.herokuapp.com/booking/4426,174,0,0
1789683505078,169,UpdateBooking - PUT,200,OK,Thread Group 1-224,text,true,,910,524,609,609,https://restful-booker.herokuapp.com/booking/4166,169,0,0
1789683505081,172,UpdateBooking - PATCH,200,OK,Thread Group 1-204,text,true,,910,333,609,609,https://restful-booker.herokuapp.com/booking/4156,172,0,0
1789683504335,931,Get Booking IDs,200,OK,Thread Group 1-574,text,true,,59970,248,609,609,https://restful-booker.herokuapp.com/booking,146,0,0
1789683504516,756,UpdateBooking - PUT,200,OK,Thread Group 1-304,text,true,,918,524,608,608,https://restful-booker.herokuapp.com/booking/4193,756,0,0
1789683503731,1544,Login,200,OK,Thread Group 1-945,text,true,,767,327,608,608,https://restful-booker.herokuapp.com/auth,1544,0,1388
1789683505119,156,CreateBooking,200,OK,Thread Group 1-533,text,true,,939,520,608,608,https://restful-booker.herokuapp.com/booking,156,0,0
1789683505120,157,CreateBooking,200,OK,Thread Group 1-977,text,true,,937,518,607,607,https://restful-booker.herokuapp.com/booking,157,0,0
1789683503593,1685,Login,200,OK,Thread Group 1-844,text,true,,766,325,607,607,https://restful-booker.herokuapp.com/auth,1685,0,1526
1789683503052,2227,Get Booking IDs,200,OK,Thread Group 1-326,text,false,"The operation lasted too long: It took 2,227 milliseconds, but should not have lasted longer than 2,000 milliseconds.",58180,248,607,607,https://restful-booker.herokuapp.com/booking,271,0,0
1789683502650,2632,Login,200,OK,Thread Group 1-677,text,false,"The operation lasted too long: It took 2,632 milliseconds, but should not have lasted longer than 2,000 milliseconds.",774,325,606,606,https://restful-booker.herokuapp.com/auth,2632,0,1745
1789683503527,1756,Login,200,OK,Thread Group 1-955,text,true,,767,327,606,606,https://restful-booker.herokuapp.com/auth,1756,0,1593
1789683505120,170,UpdateBooking - PATCH,200,OK,Thread Group 1-137,text,true,,910,333,605,605,https://restful-booker.herokuapp.com/booking/4126,170,0,0
1789683505123,173,UpdateBooking - PATCH,200,OK,Thread Group 1-477,text,true,,910,333,605,605,https://restful-booker.herokuapp.com/booking/4260,173,0,0
1789683505121,176,Get Booking,200,OK,Thread Group 1-934,text,true,,910,253,605,605,https://restful-booker.herokuapp.com/booking/4430,176,0,0
1789683505121,177,Get Booking,200,OK,Thread Group 1-880,text,true,,911,253,605,605,https://restful-booker.herokuapp.com/booking/4444,177,0,0
1789683505127,173,Get Booking,200,OK,Thread Group 1-890,text,true,,910,253,605,605,https://restful-booker.herokuapp.com/booking/4456,173,0,0
1789683505121,181,Get Booking,200,OK,Thread Group 1-944,text,true,,912,253,605,605,https://restful-booker.herokuapp.com/booking/4451,181,0,0
1789683505133,179,UpdateBooking - PATCH,200,OK,Thread Group 1-504,text,true,,910,333,605,605,https://restful-booker.herokuapp.com/booking/4288,179,0,0
1789683504363,951,Get Booking IDs,200,OK,Thread Group 1-603,text,true,,60046,248,605,605,https://restful-booker.herokuapp.com/booking,389,0,0
1789683503506,1812,Login,200,OK,Thread Group 1-883,text,true,,766,325,604,604,https://restful-booker.herokuapp.com/auth,1812,0,1636
1789683505121,205,Get Booking,200,OK,Thread Group 1-663,text,true,,912,253,604,604,https://restful-booker.herokuapp.com/booking/4449,205,0,0
1789683505121,205,UpdateBooking - PUT,200,OK,Thread Group 1-364,text,true,,910,524,604,604,https://restful-booker.herokuapp.com/booking/4254,205,0,0
1789683505121,205,DeleteBooking,200,OK,Thread Group 1-177,text,true,,910,253,604,604,https://restful-booker.herokuapp.com/booking/4130,205,0,0
1789683505132,194,CreateBooking,200,OK,Thread Group 1-871,text,true,,939,520,604,604,https://restful-booker.herokuapp.com/booking,194,0,0
1789683503596,1736,Login,200,OK,Thread Group 1-898,text,true,,766,325,603,603,https://restful-booker.herokuapp.com/auth,1736,0,1544
1789683505153,180,Get Booking,200,OK,Thread Group 1-826,text,true,,908,253,603,603,https://restful-booker.herokuapp.com/booking/4433,180,0,0
1789683505142,191,CreateBooking,200,OK,Thread Group 1-996,text,true,,941,522,603,603,https://restful-booker.herokuapp.com/booking,191,0,0
1789683503750,1583,Login,200,OK,Thread Group 1-969,text,true,,766,325,603,603,https://restful-booker.herokuapp.com/auth,1583,0,1392
1789683505145,189,Get Booking,200,OK,Thread Group 1-906,text,true,,912,253,603,603,https://restful-booker.herokuapp.com/booking/4484,189,0,0
1789683503629,1705,Login,200,OK,Thread Group 1-877,text,true,,774,325,603,603,https://restful-booker.herokuapp.com/auth,1705,0,844
1789683503200,2138,Login,200,OK,Thread Group 1-782,text,false,"The operation lasted too long: It took 2,138 milliseconds, but should not have lasted longer than 2,000 milliseconds.",766,325,602,602,https://restful-booker.herokuapp.com/auth,2138,0,1955
1789683502615,2727,Login,200,OK,Thread Group 1-632,text,false,"The operation lasted too long: It took 2,727 milliseconds, but should not have lasted longer than 2,000 milliseconds.",774,325,601,601,https://restful-booker.herokuapp.com/auth,2727,0,1767
1789683505163,181,Get Booking,200,OK,Thread Group 1-963,text,true,,908,253,600,600,https://restful-booker.herokuapp.com/booking/4441,181,0,0
1789683503374,1970,Login,200,OK,Thread Group 1-816,text,true,,766,325,600,600,https://restful-booker.herokuapp.com/auth,1970,0,1787
1789683505166,180,Get Booking,200,OK,Thread Group 1-884,text,true,,910,253,600,600,https://restful-booker.herokuapp.com/booking/4453,179,0,0
1789683505167,180,Get Booking,200,OK,Thread Group 1-937,text,true,,911,253,600,600,https://restful-booker.herokuapp.com/booking/4438,180,0,0
1789683505164,184,Get Booking,200,OK,Thread Group 1-568,text,true,,910,253,600,600,https://restful-booker.herokuapp.com/booking/4442,184,0,0
1789683505170,180,Get Booking,200,OK,Thread Group 1-920,text,true,,910,253,600,600,https://restful-booker.herokuapp.com/booking/4446,180,0,0
1789683501518,3834,Get Booking IDs,200,OK,Thread Group 1-126,text,false,"The operation lasted too long: It took 3,834 milliseconds, but should not have lasted longer than 2,000 milliseconds.",55984,248,600,600,https://restful-booker.herokuapp.com/booking,674,0,0
1789683504256,1097,Get Booking IDs,200,OK,Thread Group 1-587,text,true,,59856,248,599,599,https://restful-booker.herokuapp.com/booking,281,0,0
1789683505173,180,CreateBooking,200,OK,Thread Group 1-758,text,true,,941,522,599,599,https://restful-booker.herokuapp.com/booking,180,0,0
1789683504649,706,CreateBooking,200,OK,Thread Group 1-924,text,true,,947,520,598,598,https://restful-booker.herokuapp.com/booking,706,0,0
1789683505176,180,Get Booking,200,OK,Thread Group 1-740,text,true,,911,253,598,598,https://restful-booker.herokuapp.com/booking/4463,180,0,0
1789683505173,183,CreateBooking,200,OK,Thread Group 1-616,text,true,,940,521,598,598,https://restful-booker.herokuapp.com/booking,183,0,0
1789683505186,178,CreateBooking,200,OK,Thread Group 1-827,text,true,,939,520,598,598,https://restful-booker.herokuapp.com/booking,178,0,0
1789683505184,182,Get Booking,200,OK,Thread Group 1-847,text,true,,911,253,598,598,https://restful-booker.herokuapp.com/booking/4439,182,0,0
1789683504575,796,Get Booking IDs,200,OK,Thread Group 1-684,text,true,,60407,248,598,598,https://restful-booker.herokuapp.com/booking,240,0,0
1789683505189,182,CreateBooking,200,OK,Thread Group 1-990,text,true,,940,521,598,598,https://restful-booker.herokuapp.com/booking,182,0,0
1789683502712,2659,Get Booking IDs,200,OK,Thread Group 1-241,text,false,"The operation lasted too long: It took 2,659 milliseconds, but should not have lasted longer than 2,000 milliseconds.",57610,248,598,598,https://restful-booker.herokuapp.com/booking,826,0,0
1789683505194,184,Get Booking,200,OK,Thread Group 1-597,text,true,,908,253,597,597,https://restful-booker.herokuapp.com/booking/4467,184,0,0
1789683505196,183,Get Booking,200,OK,Thread Group 1-983,text,true,,912,253,597,597,https://restful-booker.herokuapp.com/booking/4447,183,0,0
1789683503791,1597,Get Booking IDs,200,OK,Thread Group 1-417,text,true,,59134,248,597,597,https://restful-booker.herokuapp.com/booking,206,0,0
1789683505200,188,Get Booking,200,OK,Thread Group 1-954,text,true,,912,253,597,597,https://restful-booker.herokuapp.com/booking/4466,188,0,0
1789683504569,822,CreateBooking,200,OK,Thread Group 1-557,text,true,,948,521,597,597,https://restful-booker.herokuapp.com/booking,822,0,0
1789683504737,675,Get Booking IDs,200,OK,Thread Group 1-410,text,true,,60893,248,597,597,https://restful-booker.herokuapp.com/booking,164,0,0
1789683505227,187,Get Booking,200,OK,Thread Group 1-681,text,true,,908,253,596,596,https://restful-booker.herokuapp.com/booking/4387,187,0,0
1789683505229,185,Get Booking,200,OK,Thread Group 1-537,text,true,,910,253,596,596,https://restful-booker.herokuapp.com/booking/4496,185,0,0
1789683505221,196,UpdateBooking - PATCH,200,OK,Thread Group 1-384,text,true,,910,333,596,596,https://restful-booker.herokuapp.com/booking/4248,196,0,0
1789683505226,192,Get Booking,200,OK,Thread Group 1-887,text,true,,911,253,596,596,https://restful-booker.herokuapp.com/booking/4440,192,0,0
1789683505230,192,Get Booking,200,OK,Thread Group 1-978,text,true,,912,253,596,596,https://restful-booker.herokuapp.com/booking/4457,192,0,0
1789683505236,188,CreateBooking,200,OK,Thread Group 1-400,text,true,,940,521,596,596,https://restful-booker.herokuapp.com/booking,188,0,0
1789683505233,191,CreateBooking,200,OK,Thread Group 1-863,text,true,,937,518,596,596,https://restful-booker.herokuapp.com/booking,191,0,0
1789683505243,182,CreateBooking,200,OK,Thread Group 1-691,text,true,,940,521,596,596,https://restful-booker.herokuapp.com/booking,182,0,0
1789683505235,191,Get Booking,200,OK,Thread Group 1-938,text,true,,911,253,596,596,https://restful-booker.herokuapp.com/booking/4459,191,0,0
1789683505244,188,Get Booking,200,OK,Thread Group 1-926,text,true,,911,253,596,596,https://restful-booker.herokuapp.com/booking/4477,188,0,0
1789683503167,2265,Login,200,OK,Thread Group 1-745,text,false,"The operation lasted too long: It took 2,265 milliseconds, but should not have lasted longer than 2,000 milliseconds.",767,327,596,596,https://restful-booker.herokuapp.com/auth,2265,0,2078
1789683505253,187,UpdateBooking - PUT,200,OK,Thread Group 1-617,text,true,,910,524,595,595,https://restful-booker.herokuapp.com/booking/4333,187,0,0
1789683505255,185,CreateBooking,200,OK,Thread Group 1-731,text,true,,941,522,595,595,https://restful-booker.herokuapp.com/booking,185,0,0
1789683505256,185,Get Booking,200,OK,Thread Group 1-900,text,true,,912,253,595,595,https://restful-booker.herokuapp.com/booking/4482,185,0,0
1789683505260,182,CreateBooking,200,OK,Thread Group 1-797,text,true,,939,520,595,595,https://restful-booker.herokuapp.com/booking,182,0,0
1789683505255,188,Get Booking,200,OK,Thread Group 1-893,text,true,,911,253,595,595,https://restful-booker.herokuapp.com/booking/4468,188,0,0
1789683503185,2258,Login,200,OK,Thread Group 1-779,text,false,"The operation lasted too long: It took 2,258 milliseconds, but should not have lasted longer than 2,000 milliseconds.",766,325,595,595,https://restful-booker.herokuapp.com/auth,2258,0,2076
1789683505269,177,Get Booking,200,OK,Thread Group 1-824,text,true,,911,253,594,594,https://restful-booker.herokuapp.com/booking/4485,177,0,0
1789683505256,196,Get Booking,200,OK,Thread Group 1-868,text,true,,910,253,594,594,https://restful-booker.herokuapp.com/booking/4469,196,0,0
1789683505276,177,Get Booking,200,OK,Thread Group 1-611,text,true,,910,253,594,594,https://restful-booker.herokuapp.com/booking/4480,177,0,0
1789683505286,171,Get Booking,200,OK,Thread Group 1-891,text,true,,908,253,594,594,https://restful-booker.herokuapp.com/booking/4471,171,0,0
1789683503840,1618,Login,200,OK,Thread Group 1-951,text,true,,766,325,594,594,https://restful-booker.herokuapp.com/auth,1618,0,1449
1789683505268,192,CreateBooking,200,OK,Thread Group 1-886,text,true,,940,521,594,594,https://restful-booker.herokuapp.com/booking,192,0,0
1789683505296,165,CreateBooking,200,OK,Thread Group 1-921,text,true,,940,521,594,594,https://restful-booker.herokuapp.com/booking,165,0,0
1789683505296,169,DeleteBooking,200,OK,Thread Group 1-151,text,true,,910,253,594,594,https://restful-booker.herokuapp.com/booking/4148,169,0,0
1789683503649,1817,Login,200,OK,Thread Group 1-878,text,true,,766,325,593,593,https://restful-booker.herokuapp.com/auth,1817,0,1625
1789683505299,168,Get Booking,200,OK,Thread Group 1-807,text,true,,908,253,593,593,https://restful-booker.herokuapp.com/booking/4481,168,0,0
1789683505300,170,Get Booking,200,OK,Thread Group 1-613,text,true,,912,253,593,593,https://restful-booker.herokuapp.com/booking/4470,170,0,0
1789683502379,3109,Get Booking IDs,200,OK,Thread Group 1-221,text,false,"The operation lasted too long: It took 3,109 milliseconds, but should not have lasted longer than 2,000 milliseconds.",57230,248,593,593,https://restful-booker.herokuapp.com/booking,1034,0,0
1789683505328,162,DeleteBooking,200,OK,Thread Group 1-164,text,true,,910,253,592,592,https://restful-booker.herokuapp.com/booking/4118,162,0,0
1789683505326,165,Get Booking,200,OK,Thread Group 1-513,text,true,,908,253,592,592,https://restful-booker.herokuapp.com/booking/4396,165,0,0
1789683505291,202,Get Booking,200,OK,Thread Group 1-984,text,true,,908,253,591,591,https://restful-booker.herokuapp.com/booking/4476,202,0,0
1789683504490,1004,Get Booking IDs,200,OK,Thread Group 1-717,text,true,,60312,248,591,591,https://restful-booker.herokuapp.com/booking,230,0,0
1789683503216,2280,Login,200,OK,Thread Group 1-814,text,false,"The operation lasted too long: It took 2,280 milliseconds, but should not have lasted longer than 2,000 milliseconds.",766,325,591,591,https://restful-booker.herokuapp.com/auth,2280,0,2114
1789683503683,1817,Login,200,OK,Thread Group 1-976,text,true,,766,325,591,591,https://restful-booker.herokuapp.com/auth,1817,0,1653
1789683505338,163,Get Booking,200,OK,Thread Group 1-828,text,true,,908,253,591,591,https://restful-booker.herokuapp.com/booking/4464,163,0,0
1789683505343,162,CreateBooking,200,OK,Thread Group 1-706,text,true,,941,522,591,591,https://restful-booker.herokuapp.com/booking,162,0,0
1789683505306,205,Get Booking,200,OK,Thread Group 1-994,text,true,,912,253,591,591,https://restful-booker.herokuapp.com/booking/4479,205,0,0
1789683505306,205,Get Booking,200,OK,Thread Group 1-993,text,true,,911,253,591,591,https://restful-booker.herokuapp.com/booking/4460,205,0,0
1789683505352,160,Get Booking,200,OK,Thread Group 1-1000,text,true,,911,253,591,591,https://restful-booker.herokuapp.com/booking/4478,160,0,0
1789683505354,161,Get Booking,200,OK,Thread Group 1-516,text,true,,911,253,591,591,https://restful-booker.herokuapp.com/booking/4398,161,0,0
1789683504724,796,CreateBooking,200,OK,Thread Group 1-761,text,true,,948,521,591,591,https://restful-booker.herokuapp.com/booking,796,0,0
1789683505371,158,Get Booking,200,OK,Thread Group 1-854,text,true,,912,253,591,591,https://restful-booker.herokuapp.com/booking/4495,158,0,0
1789683505319,214,Get Booking,200,OK,Thread Group 1-927,text,true,,911,253,591,591,https://restful-booker.herokuapp.com/booking/4461,214,0,0
1789683505321,212,UpdateBooking - PUT,200,OK,Thread Group 1-637,text,true,,910,524,591,591,https://restful-booker.herokuapp.com/booking/4360,212,0,0
1789683503703,1832,Login,200,OK,Thread Group 1-888,text,true,,766,325,591,591,https://restful-booker.herokuapp.com/auth,1832,0,1675
1789683504911,641,UpdateBooking - PATCH,200,OK,Thread Group 1-244,text,true,,910,333,591,591,https://restful-booker.herokuapp.com/booking/4168,641,0,0
1789683505325,228,Get Booking,200,OK,Thread Group 1-914,text,true,,912,253,591,591,https://restful-booker.herokuapp.com/booking/4452,228,0,0
1789683505400,166,UpdateBooking - PATCH,200,OK,Thread Group 1-297,text,true,,910,333,591,591,https://restful-booker.herokuapp.com/booking/4207,166,0,0
1789683502968,2598,Get Booking IDs,200,OK,Thread Group 1-338,text,false,"The operation lasted too long: It took 2,598 milliseconds, but should not have lasted longer than 2,000 milliseconds.",58104,248,591,591,https://restful-booker.herokuapp.com/booking,786,0,0
1789683505406,162,Get Booking,200,OK,Thread Group 1-940,text,true,,911,253,590,590,https://restful-booker.herokuapp.com/booking/4488,162,0,0
1789683504844,724,Get Booking,200,OK,Thread Group 1-748,text,true,,910,253,590,590,https://restful-booker.herokuapp.com/booking/4397,724,0,0
1789683505332,237,UpdateBooking - PATCH,200,OK,Thread Group 1-491,text,true,,910,333,590,590,https://restful-booker.herokuapp.com/booking/4273,237,0,0
1789683505333,237,Get Booking,200,OK,Thread Group 1-957,text,true,,911,253,590,590,https://restful-booker.herokuapp.com/booking/4483,237,0,0
1789683504774,797,Get Booking IDs,200,OK,Thread Group 1-711,text,true,,61007,248,590,590,https://restful-booker.herokuapp.com/booking,224,0,0
1789683505419,162,UpdateBooking - PATCH,200,OK,Thread Group 1-264,text,true,,910,333,590,590,https://restful-booker.herokuapp.com/booking/4173,162,0,0
1789683505434,152,CreateBooking,200,OK,Thread Group 1-677,text,true,,940,521,590,590,https://restful-booker.herokuapp.com/booking,152,0,0
1789683505424,162,CreateBooking,200,OK,Thread Group 1-870,text,true,,937,518,590,590,https://restful-booker.herokuapp.com/booking,162,0,0
1789683503553,2039,Login,200,OK,Thread Group 1-805,text,false,"The operation lasted too long: It took 2,039 milliseconds, but should not have lasted longer than 2,000 milliseconds.",767,327,590,590,https://restful-booker.herokuapp.com/auth,2039,0,1884
1789683504208,1388,Get Booking IDs,200,OK,Thread Group 1-634,text,true,,59742,248,589,589,https://restful-booker.herokuapp.com/booking,140,0,0
1789683505441,157,Get Booking,200,OK,Thread Group 1-628,text,true,,908,253,588,588,https://restful-booker.herokuapp.com/booking/4490,157,0,0
1789683503472,2140,Login,200,OK,Thread Group 1-896,text,false,"The operation lasted too long: It took 2,140 milliseconds, but should not have lasted longer than 2,000 milliseconds.",766,325,588,588,https://restful-booker.herokuapp.com/auth,2139,0,1495
1789683505443,170,UpdateBooking - PATCH,200,OK,Thread Group 1-331,text,true,,910,333,588,588,https://restful-booker.herokuapp.com/booking/4234,170,0,0
1789683503044,2569,Get Booking IDs,200,OK,Thread Group 1-261,text,false,"The operation lasted too long: It took 2,569 milliseconds, but should not have lasted longer than 2,000 milliseconds.",58180,248,588,588,https://restful-booker.herokuapp.com/booking,269,0,0
1789683505383,238,CreateBooking,200,OK,Thread Group 1-911,text,true,,940,521,587,587,https://restful-booker.herokuapp.com/booking,238,0,0
1789683505389,237,DeleteBooking,200,OK,Thread Group 1-391,text,true,,910,253,587,587,https://restful-booker.herokuapp.com/booking/4240,237,0,0
1789683505461,165,CreateBooking,200,OK,Thread Group 1-484,text,true,,941,522,587,587,https://restful-booker.herokuapp.com/booking,165,0,0
1789683505404,233,Get Booking,200,OK,Thread Group 1-774,text,true,,911,253,586,586,https://restful-booker.herokuapp.com/booking/4506,233,0,0
1789683504461,1181,Get Booking IDs,200,OK,Thread Group 1-707,text,true,,60217,248,586,586,https://restful-booker.herokuapp.com/booking,176,0,0
1789683505480,164,Get Booking,200,OK,Thread Group 1-996,text,true,,912,253,585,585,https://restful-booker.herokuapp.com/booking/4510,164,0,0
1789683505489,160,Get Booking,200,OK,Thread Group 1-933,text,true,,911,253,585,585,https://restful-booker.herokuapp.com/booking/4500,160,0,0
1789683504142,1507,Get Booking IDs,200,OK,Thread Group 1-467,text,true,,59590,248,585,585,https://restful-booker.herokuapp.com/booking,178,0,0
1789683505491,158,UpdateBooking - PUT,200,OK,Thread Group 1-217,text,true,,910,524,585,585,https://restful-booker.herokuapp.com/booking/4172,158,0,0
1789683505418,233,Get Booking,200,OK,Thread Group 1-736,text,true,,911,253,584,584,https://restful-booker.herokuapp.com/booking/4475,233,0,0
1789683505486,165,Get Booking,200,OK,Thread Group 1-641,text,true,,911,253,584,584,https://restful-booker.herokuapp.com/booking/4505,165,0,0
1789683502607,3046,Login,200,OK,Thread Group 1-639,text,false,"The operation lasted too long: It took 3,046 milliseconds, but should not have lasted longer than 2,000 milliseconds.",766,325,584,584,https://restful-booker.herokuapp.com/auth,3046,0,2892
1789683504457,1197,Get Booking IDs,200,OK,Thread Group 1-653,text,true,,60217,248,583,583,https://restful-booker.herokuapp.com/booking,185,0,0
1789683505501,155,CreateBooking,200,OK,Thread Group 1-820,text,true,,940,521,582,582,https://restful-booker.herokuapp.com/booking,155,0,0
1789683505503,155,UpdateBooking - PATCH,200,OK,Thread Group 1-224,text,true,,910,333,582,582,https://restful-booker.herokuapp.com/booking/4166,155,0,0
1789683503821,1837,Login,200,OK,Thread Group 1-952,text,true,,766,325,582,582,https://restful-booker.herokuapp.com/auth,1837,0,1681
1789683502051,3610,Login,200,OK,Thread Group 1-518,text,false,"The operation lasted too long: It took 3,610 milliseconds, but should not have lasted longer than 2,000 milliseconds.",766,325,581,581,https://restful-booker.herokuapp.com/auth,3610,0,2908
1789683505509,153,UpdateBooking - PATCH,200,OK,Thread Group 1-271,text,true,,910,333,581,581,https://restful-booker.herokuapp.com/booking/4188,153,0,0
1789683505435,233,Get Booking,200,OK,Thread Group 1-834,text,true,,911,253,581,581,https://restful-booker.herokuapp.com/booking/4492,233,0,0
1789683505516,160,CreateBooking,200,OK,Thread Group 1-751,text,true,,940,521,581,581,https://restful-booker.herokuapp.com/booking,160,0,0
1789683503759,1917,Login,200,OK,Thread Group 1-964,text,true,,766,325,581,581,https://restful-booker.herokuapp.com/auth,1917,0,1762
1789683505528,158,Get Booking,200,OK,Thread Group 1-710,text,true,,908,253,581,581,https://restful-booker.herokuapp.com/booking/4504,158,0,0
1789683502937,2748,Get Booking IDs,200,OK,Thread Group 1-306,text,false,"The operation lasted too long: It took 2,748 milliseconds, but should not have lasted longer than 2,000 milliseconds.",58047,248,581,581,https://restful-booker.herokuapp.com/booking,517,0,0
1789683505537,154,UpdateBooking - PATCH,200,OK,Thread Group 1-364,text,true,,910,333,580,580,https://restful-booker.herokuapp.com/booking/4254,154,0,0
1789683505535,156,CreateBooking,200,OK,Thread Group 1-811,text,true,,939,520,580,580,https://restful-booker.herokuapp.com/booking,156,0,0
1789683505536,155,CreateBooking,200,OK,Thread Group 1-903,text,true,,937,518,580,580,https://restful-booker.herokuapp.com/booking,155,0,0
1789683504876,828,Get Booking IDs,200,OK,Thread Group 1-666,text,true,,61349,248,580,580,https://restful-booker.herokuapp.com/booking,173,0,0
1789683505470,239,Get Booking,200,OK,Thread Group 1-968,text,true,,910,253,579,579,https://restful-booker.herokuapp.com/booking/4491,239,0,0
1789683505555,157,Get Booking,200,OK,Thread Group 1-723,text,true,,911,253,579,579,https://restful-booker.herokuapp.com/booking/4499,157,0,0
1789683505554,162,CreateBooking,200,OK,Thread Group 1-626,text,true,,940,521,579,579,https://restful-booker.herokuapp.com/booking,162,0,0
1789683505483,243,Get Booking,200,OK,Thread Group 1-908,text,true,,911,253,579,579,https://restful-booker.herokuapp.com/booking/4489,243,0,0
1789683505571,159,CreateBooking,200,OK,Thread Group 1-623,text,true,,941,522,579,579,https://restful-booker.herokuapp.com/booking,159,0,0
1789683505575,156,UpdateBooking - PATCH,200,OK,Thread Group 1-304,text,true,,910,333,579,579,https://restful-booker.herokuapp.com/booking/4193,156,0,0
1789683504917,816,Get Booking,200,OK,Thread Group 1-768,text,true,,912,253,579,579,https://restful-booker.herokuapp.com/booking/4423,816,0,0
1789683505574,161,DeleteBooking,200,OK,Thread Group 1-204,text,true,,910,253,579,579,https://restful-booker.herokuapp.com/booking/4156,161,0,0
1789683503828,1912,Login,200,OK,Thread Group 1-988,text,true,,766,325,578,578,https://restful-booker.herokuapp.com/auth,1912,0,1756
1789683505585,159,Get Booking,200,OK,Thread Group 1-557,text,true,,911,253,578,578,https://restful-booker.herokuapp.com/booking/4437,158,0,0
1789683505588,157,CreateBooking,200,OK,Thread Group 1-783,text,true,,939,520,578,578,https://restful-booker.herokuapp.com/booking,157,0,0
1789683505495,253,Get Booking,200,OK,Thread Group 1-967,text,true,,908,253,578,578,https://restful-booker.herokuapp.com/booking/4493,253,0,0
1789683503895,1853,Login,200,OK,Thread Group 1-986,text,true,,766,325,578,578,https://restful-booker.herokuapp.com/auth,1853,0,1590
1789683504601,1159,Get Booking IDs,200,OK,Thread Group 1-534,text,true,,60540,248,578,578,https://restful-booker.herokuapp.com/booking,159,0,0
1789683505603,168,Get Booking,200,OK,Thread Group 1-694,text,true,,911,253,577,577,https://restful-booker.herokuapp.com/booking/4503,168,0,0
1789683505508,263,Get Booking,200,OK,Thread Group 1-901,text,true,,908,253,577,577,https://restful-booker.herokuapp.com/booking/4473,263,0,0
1789683505150,623,CreateBooking,200,OK,Thread Group 1-788,text,true,,939,520,577,577,https://restful-booker.herokuapp.com/booking,623,0,0
1789683503519,2253,Login,200,OK,Thread Group 1-885,text,false,"The operation lasted too long: It took 2,253 milliseconds, but should not have lasted longer than 2,000 milliseconds.",767,327,577,577,https://restful-booker.herokuapp.com/auth,2253,0,2093
1789683505512,262,DeleteBooking,200,OK,Thread Group 1-464,text,true,,910,253,576,576,https://restful-booker.herokuapp.com/booking/4272,262,0,0
1789683505622,156,Get Booking,200,OK,Thread Group 1-533,text,true,,910,253,575,575,https://restful-booker.herokuapp.com/booking/4507,156,0,0
1789683502704,3074,Get Booking IDs,200,OK,Thread Group 1-327,text,false,"The operation lasted too long: It took 3,074 milliseconds, but should not have lasted longer than 2,000 milliseconds.",57591,248,575,575,https://restful-booker.herokuapp.com/booking,821,0,0
1789683503460,2320,Login,200,OK,Thread Group 1-852,text,false,"The operation lasted too long: It took 2,320 milliseconds, but should not have lasted longer than 2,000 milliseconds.",766,325,574,574,https://restful-booker.herokuapp.com/auth,2320,0,1582
1789683505019,765,CreateBooking,200,OK,Thread Group 1-481,text,true,,937,518,573,573,https://restful-booker.herokuapp.com/booking,765,0,0
1789683505637,160,Get Booking,200,OK,Thread Group 1-977,text,true,,908,253,573,573,https://restful-booker.herokuapp.com/booking/4508,160,0,0
1789683504534,1264,UpdateBooking - PUT,200,OK,Thread Group 1-231,text,true,,918,524,573,573,https://restful-booker.herokuapp.com/booking/4153,1264,0,0
1789683502744,3066,Get Booking IDs,200,OK,Thread Group 1-296,text,false,"The operation lasted too long: It took 3,066 milliseconds, but should not have lasted longer than 2,000 milliseconds.",57686,248,573,573,https://restful-booker.herokuapp.com/booking,1054,0,0
1789683503794,2018,Login,200,OK,Thread Group 1-960,text,false,"The operation lasted too long: It took 2,018 milliseconds, but should not have lasted longer than 2,000 milliseconds.",767,327,572,572,https://restful-booker.herokuapp.com/auth,2018,0,1856
1789683504468,1351,Get Booking IDs,200,OK,Thread Group 1-433,text,true,,60255,248,572,572,https://restful-booker.herokuapp.com/booking,171,0,0
1789683505659,164,Get Booking,200,OK,Thread Group 1-616,text,true,,911,253,571,571,https://restful-booker.herokuapp.com/booking/4513,164,0,0
1789683503475,2348,Login,200,OK,Thread Group 1-837,text,false,"The operation lasted too long: It took 2,348 milliseconds, but should not have lasted longer than 2,000 milliseconds.",766,325,571,571,https://restful-booker.herokuapp.com/auth,2348,0,2183
1789683504365,1473,Get Booking IDs,200,OK,Thread Group 1-440,text,true,,60046,248,571,571,https://restful-booker.herokuapp.com/booking,490,0,0
1789683505673,165,Get Booking,200,OK,Thread Group 1-871,text,true,,910,253,571,571,https://restful-booker.herokuapp.com/booking/4509,165,0,0
1789683505677,161,UpdateBooking - PATCH,200,OK,Thread Group 1-217,text,true,,910,333,571,571,https://restful-booker.herokuapp.com/booking/4172,161,0,0
1789683505562,281,DeleteBooking,200,OK,Thread Group 1-444,text,true,,910,253,570,570,https://restful-booker.herokuapp.com/booking/4274,281,0,0
1789683505569,278,DeleteBooking,200,OK,Thread Group 1-517,text,true,,910,253,569,569,https://restful-booker.herokuapp.com/booking/4302,278,0,0
1789683503033,2820,Login,200,OK,Thread Group 1-750,text,false,"The operation lasted too long: It took 2,820 milliseconds, but should not have lasted longer than 2,000 milliseconds.",767,327,568,568,https://restful-booker.herokuapp.com/auth,2820,0,1944
1789683505690,169,CreateBooking,200,OK,Thread Group 1-877,text,true,,939,520,568,568,https://restful-booker.herokuapp.com/booking,169,0,0
1789683505694,168,CreateBooking,200,OK,Thread Group 1-756,text,true,,939,520,568,568,https://restful-booker.herokuapp.com/booking,168,0,0
1789683505592,281,DeleteBooking,200,OK,Thread Group 1-477,text,true,,910,253,568,568,https://restful-booker.herokuapp.com/booking/4260,281,0,0
1789683503342,2535,Login,200,OK,Thread Group 1-838,text,false,"The operation lasted too long: It took 2,535 milliseconds, but should not have lasted longer than 2,000 milliseconds.",766,325,567,567,https://restful-booker.herokuapp.com/auth,2535,0,1605
1789683505705,173,Get Booking,200,OK,Thread Group 1-691,text,true,,911,253,567,567,https://restful-booker.herokuapp.com/booking/4518,173,0,0
1789683505597,281,DeleteBooking,200,OK,Thread Group 1-424,text,true,,910,253,567,567,https://restful-booker.herokuapp.com/booking/4269,281,0,0
1789683505063,818,Get Booking,200,OK,Thread Group 1-598,text,true,,910,253,566,566,https://restful-booker.herokuapp.com/booking/4472,818,0,0
1789683505037,854,Get Booking IDs,200,OK,Thread Group 1-754,text,true,,61672,248,566,566,https://restful-booker.herokuapp.com/booking,156,0,0
1789683505121,771,Get Booking,200,OK,Thread Group 1-817,text,true,,908,253,565,565,https://restful-booker.herokuapp.com/booking/4450,771,0,0
1789683504274,1618,Get Booking IDs,200,OK,Thread Group 1-310,text,true,,59913,248,565,565,https://restful-booker.herokuapp.com/booking,493,0,0
1789683505621,273,CreateBooking,200,OK,Thread Group 1-883,text,true,,937,518,564,564,https://restful-booker.herokuapp.com/booking,273,0,0
1789683505736,162,CreateBooking,200,OK,Thread Group 1-844,text,true,,949,522,564,564,https://restful-booker.herokuapp.com/booking,162,0,0
1789683505037,861,Get Booking IDs,200,OK,Thread Group 1-714,text,true,,61672,248,564,564,https://restful-booker.herokuapp.com/booking,164,0,0
1789683505741,160,Get Booking,200,OK,Thread Group 1-921,text,true,,919,253,563,563,https://restful-booker.herokuapp.com/booking/4522,160,0,0
1789683505652,258,UpdateBooking - PUT,200,OK,Thread Group 1-684,text,true,,910,524,563,563,https://restful-booker.herokuapp.com/booking/4352,258,0,0
1789683505656,256,UpdateBooking - PATCH,200,OK,Thread Group 1-637,text,true,,910,333,563,563,https://restful-booker.herokuapp.com/booking/4360,256,0,0
1789683505655,258,Get Booking,200,OK,Thread Group 1-990,text,true,,911,253,563,563,https://restful-booker.herokuapp.com/booking/4515,258,0,0
1789683505170,756,Get Booking,200,OK,Thread Group 1-874,text,true,,912,253,563,563,https://restful-booker.herokuapp.com/booking/4455,756,0,0
1789683505120,817,Get Booking IDs,200,OK,Thread Group 1-686,text,true,,61729,248,563,563,https://restful-booker.herokuapp.com/booking,350,0,0
1789683505789,156,Get Booking,200,OK,Thread Group 1-677,text,true,,919,253,562,562,https://restful-booker.herokuapp.com/booking/4528,156,0,0
1789683502832,3115,Login,200,OK,Thread Group 1-670,text,false,"The operation lasted too long: It took 3,115 milliseconds, but should not have lasted longer than 2,000 milliseconds.",767,327,562,562,https://restful-booker.herokuapp.com/auth,3115,0,2230
1789683505795,158,Get Booking,200,OK,Thread Group 1-400,text,true,,919,253,562,562,https://restful-booker.herokuapp.com/booking/4517,158,0,0
1789683505798,159,Get Booking,200,OK,Thread Group 1-731,text,true,,920,253,562,562,https://restful-booker.herokuapp.com/booking/4519,159,0,0
1789683504700,1261,Get Booking IDs,200,OK,Thread Group 1-678,text,true,,60806,248,562,562,https://restful-booker.herokuapp.com/booking,419,0,0
1789683504598,1370,Get Booking IDs,200,OK,Thread Group 1-741,text,true,,60521,248,561,561,https://restful-booker.herokuapp.com/booking,250,0,0
1789683505821,163,CreateBooking,200,OK,Thread Group 1-898,text,true,,948,521,560,560,https://restful-booker.herokuapp.com/booking,163,0,0
1789683505708,277,Get Booking,200,OK,Thread Group 1-924,text,true,,910,253,560,560,https://restful-booker.herokuapp.com/booking/4454,277,0,0
1789683505703,283,Get Booking,200,OK,Thread Group 1-863,text,true,,908,253,560,560,https://restful-booker.herokuapp.com/booking/4516,283,0,0
1789683505706,282,DeleteBooking,200,OK,Thread Group 1-384,text,true,,910,253,560,560,https://restful-booker.herokuapp.com/booking/4248,282,0,0
1789683505832,169,Get Booking,200,OK,Thread Group 1-706,text,true,,920,253,559,559,https://restful-booker.herokuapp.com/booking/4524,169,0,0
1789683505308,700,UpdateBooking - PATCH,200,OK,Thread Group 1-564,text,true,,910,333,559,559,https://restful-booker.herokuapp.com/booking/4284,700,0,0
1789683505845,173,Get Booking,200,OK,Thread Group 1-797,text,true,,918,253,559,559,https://restful-booker.herokuapp.com/booking/4520,173,0,0
1789683505844,174,CreateBooking,200,OK,Thread Group 1-951,text,true,,948,521,559,559,https://restful-booker.herokuapp.com/booking,174,0,0
1789683505746,280,UpdateBooking - PUT,200,OK,Thread Group 1-717,text,true,,918,524,559,559,https://restful-booker.herokuapp.com/booking/4371,280,0,0
1789683503576,2453,Get Booking IDs,200,OK,Thread Group 1-368,text,false,"The operation lasted too long: It took 2,453 milliseconds, but should not have lasted longer than 2,000 milliseconds.",58978,248,559,559,https://restful-booker.herokuapp.com/booking,650,0,0
1789683505847,186,CreateBooking,200,OK,Thread Group 1-964,text,true,,948,521,558,558,https://restful-booker.herokuapp.com/booking,186,0,0
1789683505758,283,DeleteBooking,200,OK,Thread Group 1-504,text,true,,918,253,558,558,https://restful-booker.herokuapp.com/booking/4288,283,0,0
1789683505857,188,UpdateBooking - PUT,200,OK,Thread Group 1-417,text,true,,918,524,557,557,https://restful-booker.herokuapp.com/booking/4296,188,0,0
1789683505774,284,Get Booking,200,OK,Thread Group 1-886,text,true,,919,253,557,557,https://restful-booker.herokuapp.com/booking/4521,284,0,0
1789683505873,204,CreateBooking,200,OK,Thread Group 1-976,text,true,,947,520,557,557,https://restful-booker.herokuapp.com/booking,204,0,0
1789683503518,2577,Login,200,OK,Thread Group 1-876,text,false,"The operation lasted too long: It took 2,577 milliseconds, but should not have lasted longer than 2,000 milliseconds.",774,325,557,557,https://restful-booker.herokuapp.com/auth,2577,0,2386
1789683505844,276,UpdateBooking - PUT,200,OK,Thread Group 1-711,text,true,,918,524,557,557,https://restful-booker.herokuapp.com/booking/4374,276,0,0
1789683505934,193,CreateBooking,200,OK,Thread Group 1-888,text,true,,949,522,557,557,https://restful-booker.herokuapp.com/booking,193,0,0
1789683505396,732,Get Booking,200,OK,Thread Group 1-946,text,true,,908,253,557,557,https://restful-booker.herokuapp.com/booking/4474,732,0,0
1789683505852,276,DeleteBooking,200,OK,Thread Group 1-491,text,true,,918,253,557,557,https://restful-booker.herokuapp.com/booking/4273,276,0,0
1789683504445,1685,Get Booking IDs,200,OK,Thread Group 1-453,text,true,,60160,248,556,556,https://restful-booker.herokuapp.com/booking,168,0,0
1789683505943,189,Get Booking,200,OK,Thread Group 1-626,text,true,,919,253,555,555,https://restful-booker.herokuapp.com/booking/4534,189,0,0
1789683504399,1734,Get Booking IDs,200,OK,Thread Group 1-470,text,true,,60103,248,555,555,https://restful-booker.herokuapp.com/booking,492,0,0
1789683503233,2902,Get Booking IDs,200,OK,Thread Group 1-340,text,false,"The operation lasted too long: It took 2,902 milliseconds, but should not have lasted longer than 2,000 milliseconds.",58484,248,554,554,https://restful-booker.herokuapp.com/booking,504,0,0
1789683505963,194,DeleteBooking,200,OK,Thread Group 1-264,text,true,,918,253,553,553,https://restful-booker.herokuapp.com/booking/4173,194,0,0
1789683505874,283,Get Booking,200,OK,Thread Group 1-761,text,true,,919,253,553,553,https://restful-booker.herokuapp.com/booking/4462,283,0,0
1789683505968,190,Get Booking,200,OK,Thread Group 1-484,text,true,,920,253,552,552,https://restful-booker.herokuapp.com/booking/4529,190,0,0
1789683505899,274,UpdateBooking - PATCH,200,OK,Thread Group 1-617,text,true,,918,333,552,552,https://restful-booker.herokuapp.com/booking/4333,274,0,0
1789683503669,2505,Login,200,OK,Thread Group 1-922,text,false,"The operation lasted too long: It took 2,505 milliseconds, but should not have lasted longer than 2,000 milliseconds.",774,325,552,552,https://restful-booker.herokuapp.com/auth,2505,0,2316
1789683504963,1221,Get Booking,200,OK,Thread Group 1-856,text,true,,910,253,551,551,https://restful-booker.herokuapp.com/booking/4429,1221,0,0
1789683505985,202,DeleteBooking,200,OK,Thread Group 1-244,text,true,,918,253,551,551,https://restful-booker.herokuapp.com/booking/4168,202,0,0
1789683505985,203,Get Booking,200,OK,Thread Group 1-903,text,true,,916,253,550,550,https://restful-booker.herokuapp.com/booking/4533,203,0,0
1789683505992,216,Get Booking,200,OK,Thread Group 1-623,text,true,,920,253,550,550,https://restful-booker.herokuapp.com/booking/4537,216,0,0
1789683505995,219,Get Booking,200,OK,Thread Group 1-820,text,true,,919,253,550,550,https://restful-booker.herokuapp.com/booking/4530,219,0,0
1789683505996,222,CreateBooking,200,OK,Thread Group 1-960,text,true,,948,521,550,550,https://restful-booker.herokuapp.com/booking,222,0,0
1789683505483,738,Get Booking,200,OK,Thread Group 1-728,text,true,,908,253,550,550,https://restful-booker.herokuapp.com/booking/4498,738,0,0
1789683506003,224,CreateBooking,200,OK,Thread Group 1-750,text,true,,948,521,550,550,https://restful-booker.herokuapp.com/booking,224,0,0
1789683503830,2397,Login,200,OK,Thread Group 1-918,text,false,"The operation lasted too long: It took 2,397 milliseconds, but should not have lasted longer than 2,000 milliseconds.",774,325,550,550,https://restful-booker.herokuapp.com/auth,2397,0,2122
1789683506009,220,DeleteBooking,200,OK,Thread Group 1-271,text,true,,918,253,550,550,https://restful-booker.herokuapp.com/booking/4188,220,0,0
1789683506006,224,CreateBooking,200,OK,Thread Group 1-518,text,true,,945,518,549,549,https://restful-booker.herokuapp.com/booking,224,0,0
1789683506019,221,Get Booking,200,OK,Thread Group 1-751,text,true,,919,253,549,549,https://restful-booker.herokuapp.com/booking/4531,221,0,0
1789683506021,219,DeleteBooking,200,OK,Thread Group 1-331,text,true,,918,253,549,549,https://restful-booker.herokuapp.com/booking/4234,219,0,0
1789683505293,954,Get Booking,200,OK,Thread Group 1-434,text,true,,908,253,548,548,https://restful-booker.herokuapp.com/booking/4487,954,0,0
1789683505626,623,DeleteBooking,200,OK,Thread Group 1-297,text,true,,910,253,548,548,https://restful-booker.herokuapp.com/booking/4207,623,0,0
1789683506042,209,DeleteBooking,200,OK,Thread Group 1-364,text,true,,918,253,547,547,https://restful-booker.herokuapp.com/booking/4254,209,0,0
1789683506066,209,DeleteBooking,200,OK,Thread Group 1-304,text,true,,918,253,546,546,https://restful-booker.herokuapp.com/booking/4193,209,0,0
1789683505608,667,DeleteBooking,200,OK,Thread Group 1-137,text,true,,910,253,546,546,https://restful-booker.herokuapp.com/booking/4126,667,0,0
1789683506072,215,Get Booking,200,OK,Thread Group 1-870,text,true,,916,253,544,544,https://restful-booker.herokuapp.com/booking/4527,215,0,0
1789683502220,4072,Get Booking IDs,200,OK,Thread Group 1-196,text,false,"The operation lasted too long: It took 4,072 milliseconds, but should not have lasted longer than 2,000 milliseconds.",56983,248,544,544,https://restful-booker.herokuapp.com/booking,239,0,0
1789683502121,4179,Login,200,OK,Thread Group 1-526,text,false,"The operation lasted too long: It took 4,179 milliseconds, but should not have lasted longer than 2,000 milliseconds.",774,325,543,543,https://restful-booker.herokuapp.com/auth,4179,0,3974
1789683506041,261,CreateBooking,200,OK,Thread Group 1-986,text,true,,949,522,543,543,https://restful-booker.herokuapp.com/booking,261,0,0
1789683506131,193,Get Booking,200,OK,Thread Group 1-788,text,true,,918,253,543,543,https://restful-booker.herokuapp.com/booking/4511,193,0,0
1789683506131,195,UpdateBooking - PATCH,200,OK,Thread Group 1-231,text,true,,918,333,543,543,https://restful-booker.herokuapp.com/booking/4153,195,0,0
1789683506147,186,Get Booking,200,OK,Thread Group 1-481,text,true,,916,253,543,543,https://restful-booker.herokuapp.com/booking/4502,186,0,0
1789683506074,265,UpdateBooking - PATCH,200,OK,Thread Group 1-684,text,true,,918,333,543,543,https://restful-booker.herokuapp.com/booking/4352,265,0,0
1789683504448,1904,Get Booking IDs,200,OK,Thread Group 1-407,text,true,,60160,248,543,543,https://restful-booker.herokuapp.com/booking,329,0,0
1789683506182,197,CreateBooking,200,OK,Thread Group 1-670,text,true,,949,522,542,542,https://restful-booker.herokuapp.com/booking,197,0,0
1789683504567,1821,Get Booking IDs,200,OK,Thread Group 1-538,text,true,,60388,248,542,542,https://restful-booker.herokuapp.com/booking,166,0,0
1789683506194,195,Get Booking,200,OK,Thread Group 1-844,text,true,,920,253,541,541,https://restful-booker.herokuapp.com/booking/4544,195,0,0
1789683506209,195,Get Booking,200,OK,Thread Group 1-783,text,true,,918,253,541,541,https://restful-booker.herokuapp.com/booking/4538,195,0,0
1789683506209,199,CreateBooking,200,OK,Thread Group 1-837,text,true,,945,518,541,541,https://restful-booker.herokuapp.com/booking,199,0,0
1789683506230,192,Get Booking,200,OK,Thread Group 1-756,text,true,,918,253,541,541,https://restful-booker.herokuapp.com/booking/4543,192,0,0
1789683505659,794,CreateBooking,200,OK,Thread Group 1-878,text,true,,937,518,541,541,https://restful-booker.herokuapp.com/booking,794,0,0
1789683506230,224,DeleteBooking,200,OK,Thread Group 1-637,text,true,,918,253,541,541,https://restful-booker.herokuapp.com/booking/4360,224,0,0
1789683503830,2624,Login,200,OK,Thread Group 1-928,text,false,"The operation lasted too long: It took 2,624 milliseconds, but should not have lasted longer than 2,000 milliseconds.",774,325,541,541,https://restful-booker.herokuapp.com/auth,2624,0,2400
1789683505680,776,Get Booking,200,OK,Thread Group 1-827,text,true,,910,253,540,540,https://restful-booker.herokuapp.com/booking/4514,776,0,0
1789683504545,1914,Get Booking IDs,200,OK,Thread Group 1-716,text,true,,60388,248,540,540,https://restful-booker.herokuapp.com/booking,461,0,0
1789683506279,183,UpdateBooking - PATCH,200,OK,Thread Group 1-417,text,true,,918,333,539,539,https://restful-booker.herokuapp.com/booking/4296,183,0,0
1789683506289,183,Get Booking,200,OK,Thread Group 1-898,text,true,,919,253,539,539,https://restful-booker.herokuapp.com/booking/4547,183,0,0
1789683505602,891,CreateBooking,200,OK,Thread Group 1-816,text,true,,941,522,539,539,https://restful-booker.herokuapp.com/booking,891,0,0
1789683505120,1376,Get Booking IDs,200,OK,Thread Group 1-767,text,true,,61729,248,539,539,https://restful-booker.herokuapp.com/booking,169,0,0
1789683503910,2594,Get Booking IDs,200,OK,Thread Group 1-374,text,false,"The operation lasted too long: It took 2,594 milliseconds, but should not have lasted longer than 2,000 milliseconds.",59286,248,538,538,https://restful-booker.herokuapp.com/booking,395,0,0
1789683503914,2590,Login,200,OK,Thread Group 1-930,text,false,"The operation lasted too long: It took 2,590 milliseconds, but should not have lasted longer than 2,000 milliseconds.",775,327,538,538,https://restful-booker.herokuapp.com/auth,2590,0,2412
1789683504563,1959,Get Booking IDs,200,OK,Thread Group 1-693,text,true,,60407,248,537,537,https://restful-booker.herokuapp.com/booking,617,0,0
1789683505053,1478,Get Booking IDs,200,OK,Thread Group 1-544,text,true,,61691,248,536,536,https://restful-booker.herokuapp.com/booking,163,0,0
1789683505868,691,CreateBooking,200,OK,Thread Group 1-896,text,true,,948,521,536,536,https://restful-booker.herokuapp.com/booking,691,0,0
1789683503190,3369,Login,200,OK,Thread Group 1-765,text,false,"The operation lasted too long: It took 3,369 milliseconds, but should not have lasted longer than 2,000 milliseconds.",775,327,536,536,https://restful-booker.herokuapp.com/auth,3369,0,3189
1789683503559,3002,Login,200,OK,Thread Group 1-862,text,false,"The operation lasted too long: It took 3,002 milliseconds, but should not have lasted longer than 2,000 milliseconds.",766,325,535,535,https://restful-booker.herokuapp.com/auth,3002,0,2096
1789683505731,844,Get Booking,200,OK,Thread Group 1-758,text,true,,920,253,534,534,https://restful-booker.herokuapp.com/booking/4512,844,0,0
1789683504905,1695,Get Booking IDs,200,OK,Thread Group 1-757,text,true,,61387,248,534,534,https://restful-booker.herokuapp.com/booking,214,0,0
1789683505331,1283,Get Booking,200,OK,Thread Group 1-971,text,true,,911,253,534,534,https://restful-booker.herokuapp.com/booking/4501,1283,0,0
1789683506437,179,Get Booking,200,OK,Thread Group 1-960,text,true,,919,253,534,534,https://restful-booker.herokuapp.com/booking/4556,179,0,0
1789683506440,186,UpdateBooking - PATCH,200,OK,Thread Group 1-711,text,true,,918,333,534,534,https://restful-booker.herokuapp.com/booking/4374,186,0,0
1789683505427,1202,Get Booking IDs,200,OK,Thread Group 1-803,text,true,,62090,248,534,534,https://restful-booker.herokuapp.com/booking,232,0,0
1789683505988,648,DeleteBooking,200,OK,Thread Group 1-224,text,true,,918,253,533,533,https://restful-booker.herokuapp.com/booking/4166,648,0,0
1789683506460,180,DeleteBooking,200,OK,Thread Group 1-617,text,true,,918,253,532,532,https://restful-booker.herokuapp.com/booking/4333,180,0,0
1789683503519,3153,Login,200,OK,Thread Group 1-841,text,false,"The operation lasted too long: It took 3,153 milliseconds, but should not have lasted longer than 2,000 milliseconds.",774,325,531,531,https://restful-booker.herokuapp.com/auth,3153,0,2974
1789683505305,1381,Get Booking IDs,200,OK,Thread Group 1-843,text,true,,61995,248,531,531,https://restful-booker.herokuapp.com/booking,209,0,0
1789683506516,174,CreateBooking,200,OK,Thread Group 1-918,text,true,,945,518,530,530,https://restful-booker.herokuapp.com/booking,174,0,0
1789683505926,781,CreateBooking,200,OK,Thread Group 1-814,text,true,,948,521,530,530,https://restful-booker.herokuapp.com/booking,781,0,0
1789683506531,186,CreateBooking,200,OK,Thread Group 1-526,text,true,,948,521,530,530,https://restful-booker.herokuapp.com/booking,186,0,0
1789683506543,180,Get Booking,200,OK,Thread Group 1-750,text,true,,919,253,530,530,https://restful-booker.herokuapp.com/booking/4557,180,0,0
1789683506567,167,UpdateBooking - PATCH,200,OK,Thread Group 1-717,text,true,,918,333,530,530,https://restful-booker.herokuapp.com/booking/4371,167,0,0
1789683505366,1374,Get Booking IDs,200,OK,Thread Group 1-791,text,true,,62033,248,530,530,https://restful-booker.herokuapp.com/booking,237,0,0
1789683504033,2713,Get Booking IDs,200,OK,Thread Group 1-431,text,false,"The operation lasted too long: It took 2,713 milliseconds, but should not have lasted longer than 2,000 milliseconds.",59457,248,530,530,https://restful-booker.herokuapp.com/booking,524,0,0
1789683505981,774,CreateBooking,200,OK,Thread Group 1-988,text,true,,947,520,530,530,https://restful-booker.herokuapp.com/booking,774,0,0
1789683505833,929,Get Booking IDs,200,OK,Thread Group 1-940,text,true,,62478,248,530,530,https://restful-booker.herokuapp.com/booking,159,0,0
1789683506592,171,CreateBooking,200,OK,Thread Group 1-930,text,true,,949,522,529,529,https://restful-booker.herokuapp.com/booking,171,0,0
1789683506074,696,Get Booking,200,OK,Thread Group 1-911,text,true,,919,253,529,529,https://restful-booker.herokuapp.com/booking/4525,696,0,0
1789683504567,2209,Get Booking IDs,200,OK,Thread Group 1-553,text,false,"The operation lasted too long: It took 2,209 milliseconds, but should not have lasted longer than 2,000 milliseconds.",60388,248,529,529,https://restful-booker.herokuapp.com/booking,458,0,0
1789683503498,3288,Login,200,OK,Thread Group 1-830,text,false,"The operation lasted too long: It took 3,288 milliseconds, but should not have lasted longer than 2,000 milliseconds.",775,327,528,528,https://restful-booker.herokuapp.com/auth,3288,0,2439
1789683503793,3053,Get Booking IDs,200,OK,Thread Group 1-404,text,false,"The operation lasted too long: It took 3,053 milliseconds, but should not have lasted longer than 2,000 milliseconds.",59134,248,528,528,https://restful-booker.herokuapp.com/booking,589,0,0
1789683506081,768,Get Booking,200,OK,Thread Group 1-877,text,true,,918,253,528,528,https://restful-booker.herokuapp.com/booking/4542,768,0,0
1789683505231,1621,Get Booking IDs,200,OK,Thread Group 1-654,text,true,,61862,248,528,528,https://restful-booker.herokuapp.com/booking,187,0,0
1789683505186,1670,Get Booking IDs,200,OK,Thread Group 1-561,text,true,,61824,248,527,527,https://restful-booker.herokuapp.com/booking,338,0,0
1789683503065,3819,Login,200,OK,Thread Group 1-738,text,false,"The operation lasted too long: It took 3,819 milliseconds, but should not have lasted longer than 2,000 milliseconds.",774,325,526,526,https://restful-booker.herokuapp.com/auth,3819,0,3639
1789683504757,2131,Get Booking IDs,200,OK,Thread Group 1-698,text,false,"The operation lasted too long: It took 2,131 milliseconds, but should not have lasted longer than 2,000 milliseconds.",60931,248,526,526,https://restful-booker.herokuapp.com/booking,234,0,0
1789683503209,3679,Login,200,OK,Thread Group 1-787,text,false,"The operation lasted too long: It took 3,679 milliseconds, but should not have lasted longer than 2,000 milliseconds.",774,325,526,526,https://restful-booker.herokuapp.com/auth,3679,0,3509
1789683506724,165,DeleteBooking,200,OK,Thread Group 1-684,text,true,,918,253,525,525,https://restful-booker.herokuapp.com/booking/4352,165,0,0
1789683505259,1630,Get Booking,200,OK,Thread Group 1-638,text,true,,911,253,525,525,https://restful-booker.herokuapp.com/booking/4486,1630,0,0
1789683502956,3933,Login,200,OK,Thread Group 1-734,text,false,"The operation lasted too long: It took 3,933 milliseconds, but should not have lasted longer than 2,000 milliseconds.",774,325,525,525,https://restful-booker.herokuapp.com/auth,3933,0,3768
1789683506260,631,DeleteBooking,200,OK,Thread Group 1-217,text,true,,918,253,524,524,https://restful-booker.herokuapp.com/booking/4172,631,0,0
1789683506731,170,Get Booking,200,OK,Thread Group 1-837,text,true,,912,253,523,523,https://restful-booker.herokuapp.com/booking/4563,170,0,0
1789683506129,776,Get Booking,200,OK,Thread Group 1-883,text,true,,916,253,523,523,https://restful-booker.herokuapp.com/booking/4540,776,0,0
1789683506744,166,DeleteBooking,200,OK,Thread Group 1-417,text,true,,914,253,523,523,https://restful-booker.herokuapp.com/booking/4296,166,0,0
1789683505127,1786,Get Booking IDs,200,OK,Thread Group 1-724,text,true,,61729,248,522,522,https://restful-booker.herokuapp.com/booking,382,0,0
1789683506086,827,Get Booking,200,OK,Thread Group 1-811,text,true,,918,253,522,522,https://restful-booker.herokuapp.com/booking/4532,827,0,0
1789683506760,154,Get Booking,200,OK,Thread Group 1-878,text,true,,912,253,522,522,https://restful-booker.herokuapp.com/booking/4541,154,0,0
1789683505120,1817,Get Booking IDs,200,OK,Thread Group 1-747,text,true,,61729,248,522,522,https://restful-booker.herokuapp.com/booking,528,0,0
1789683503528,3433,Login,200,OK,Thread Group 1-867,text,false,"The operation lasted too long: It took 3,433 milliseconds, but should not have lasted longer than 2,000 milliseconds.",770,325,521,521,https://restful-booker.herokuapp.com/auth,3433,0,3266
1789683506791,171,Get Booking,200,OK,Thread Group 1-816,text,true,,916,253,521,521,https://restful-booker.herokuapp.com/booking/4539,171,0,0
1789683504797,2165,Get Booking IDs,200,OK,Thread Group 1-571,text,false,"The operation lasted too long: It took 2,165 milliseconds, but should not have lasted longer than 2,000 milliseconds.",61064,248,521,521,https://restful-booker.herokuapp.com/booking,157,0,0
1789683506801,166,Get Booking,200,OK,Thread Group 1-670,text,true,,916,253,521,521,https://restful-booker.herokuapp.com/booking/4561,166,0,0
1789683506806,165,Get Booking,200,OK,Thread Group 1-988,text,true,,914,253,521,521,https://restful-booker.herokuapp.com/booking/4555,165,0,0
1789683506284,688,Get Booking,200,OK,Thread Group 1-951,text,true,,919,253,521,521,https://restful-booker.herokuapp.com/booking/4548,688,0,0
1789683504492,2488,Get Booking IDs,200,OK,Thread Group 1-394,text,false,"The operation lasted too long: It took 2,488 milliseconds, but should not have lasted longer than 2,000 milliseconds.",60312,248,521,521,https://restful-booker.herokuapp.com/booking,334,0,0
1789683505120,1875,Get Booking IDs,200,OK,Thread Group 1-770,text,true,,61729,248,520,520,https://restful-booker.herokuapp.com/booking,158,0,0
1789683504679,2319,Get Booking IDs,200,OK,Thread Group 1-631,text,false,"The operation lasted too long: It took 2,319 milliseconds, but should not have lasted longer than 2,000 milliseconds.",60806,248,519,519,https://restful-booker.herokuapp.com/booking,440,0,0
1789683506206,809,CreateBooking,200,OK,Thread Group 1-838,text,true,,947,520,519,519,https://restful-booker.herokuapp.com/booking,809,0,0
1789683506866,164,UpdateBooking - PUT,200,OK,Thread Group 1-757,text,true,,914,524,519,519,https://restful-booker.herokuapp.com/booking/4407,164,0,0
1789683504988,2042,Get Booking IDs,200,OK,Thread Group 1-521,text,false,"The operation lasted too long: It took 2,042 milliseconds, but should not have lasted longer than 2,000 milliseconds.",61577,248,519,519,https://restful-booker.herokuapp.com/booking,360,0,0
1789683506342,693,Get Booking,200,OK,Thread Group 1-964,text,true,,919,253,518,518,https://restful-booker.herokuapp.com/booking/4549,693,0,0
1789683506871,164,CreateBooking,200,OK,Thread Group 1-928,text,true,,943,520,518,518,https://restful-booker.herokuapp.com/booking,164,0,0
1789683503682,3359,Get Booking IDs,200,OK,Thread Group 1-380,text,false,"The operation lasted too long: It took 3,359 milliseconds, but should not have lasted longer than 2,000 milliseconds.",59054,248,518,518,https://restful-booker.herokuapp.com/booking,214,0,0
1789683506455,598,DeleteBooking,200,OK,Thread Group 1-564,text,true,,918,253,517,517,https://restful-booker.herokuapp.com/booking/4284,598,0,0
1789683506892,161,Get Booking,200,OK,Thread Group 1-896,text,true,,915,253,517,517,https://restful-booker.herokuapp.com/booking/4550,161,0,0
1789683502877,4176,Login,200,OK,Thread Group 1-696,text,false,"The operation lasted too long: It took 4,176 milliseconds, but should not have lasted longer than 2,000 milliseconds.",770,325,517,517,https://restful-booker.herokuapp.com/auth,4176,0,4011
1789683505320,1763,Get Booking IDs,200,OK,Thread Group 1-743,text,true,,62014,248,516,516,https://restful-booker.herokuapp.com/booking,215,0,0
1789683506933,158,UpdateBooking - PUT,200,OK,Thread Group 1-791,text,true,,914,524,515,515,https://restful-booker.herokuapp.com/booking/4427,158,0,0
1789683506393,711,Get Booking,200,OK,Thread Group 1-518,text,true,,916,253,515,515,https://restful-booker.herokuapp.com/booking/4558,711,0,0
1789683506947,163,UpdateBooking - PUT,200,OK,Thread Group 1-724,text,true,,914,524,515,515,https://restful-booker.herokuapp.com/booking/4382,163,0,0
1789683505150,1962,Get Booking IDs,200,OK,Thread Group 1-708,text,true,,61786,248,515,515,https://restful-booker.herokuapp.com/booking,676,0,0
1789683506948,164,Get Booking,200,OK,Thread Group 1-918,text,true,,912,253,515,515,https://restful-booker.herokuapp.com/booking/4566,164,0,0
1789683506975,166,Get Booking,200,OK,Thread Group 1-814,text,true,,915,253,514,514,https://restful-booker.herokuapp.com/booking/4553,166,0,0
1789683502743,4415,Login,200,OK,Thread Group 1-656,text,false,"The operation lasted too long: It took 4,415 milliseconds, but should not have lasted longer than 2,000 milliseconds.",770,325,514,514,https://restful-booker.herokuapp.com/auth,4415,0,4247
1789683506998,163,CreateBooking,200,OK,Thread Group 1-734,text,true,,945,522,514,514,https://restful-booker.herokuapp.com/booking,163,0,0
1789683505609,1553,Get Booking IDs,200,OK,Thread Group 1-920,text,true,,62318,248,514,514,https://restful-booker.herokuapp.com/booking,994,0,0
1789683507010,162,DeleteBooking,200,OK,Thread Group 1-711,text,true,,914,253,513,513,https://restful-booker.herokuapp.com/booking/4374,162,0,0
1789683505464,1709,Get Booking IDs,200,OK,Thread Group 1-913,text,true,,62128,248,512,512,https://restful-booker.herokuapp.com/booking,233,0,0
1789683507003,171,Get Booking,200,OK,Thread Group 1-526,text,true,,915,253,511,511,https://restful-booker.herokuapp.com/booking/4567,170,0,0
1789683502504,4685,Login,200,OK,Thread Group 1-625,text,false,"The operation lasted too long: It took 4,685 milliseconds, but should not have lasted longer than 2,000 milliseconds.",771,327,511,511,https://restful-booker.herokuapp.com/auth,4685,0,4521
1789683505517,1674,Get Booking IDs,200,OK,Thread Group 1-880,text,true,,62166,248,510,510,https://restful-booker.herokuapp.com/booking,277,0,0
1789683506494,697,Get Booking,200,OK,Thread Group 1-976,text,true,,918,253,510,510,https://restful-booker.herokuapp.com/booking/4551,697,0,0
1789683507044,164,UpdateBooking - PUT,200,OK,Thread Group 1-544,text,true,,914,524,509,509,https://restful-booker.herokuapp.com/booking/4340,164,0,0
1789683507049,165,UpdateBooking - PUT,200,OK,Thread Group 1-631,text,true,,914,524,509,509,https://restful-booker.herokuapp.com/booking/4359,165,0,0
1789683503460,3762,Login,200,OK,Thread Group 1-873,text,false,"The operation lasted too long: It took 3,762 milliseconds, but should not have lasted longer than 2,000 milliseconds.",770,325,509,509,https://restful-booker.herokuapp.com/auth,3762,0,3594
1789683506450,802,CreateBooking,200,OK,Thread Group 1-876,text,true,,948,521,509,509,https://restful-booker.herokuapp.com/booking,802,0,0
1789683507137,170,CreateBooking,200,OK,Thread Group 1-841,text,true,,944,521,509,509,https://restful-booker.herokuapp.com/booking,170,0,0
1789683503924,3387,Login,200,OK,Thread Group 1-985,text,false,"The operation lasted too long: It took 3,387 milliseconds, but should not have lasted longer than 2,000 milliseconds.",775,327,509,509,https://restful-booker.herokuapp.com/auth,3387,0,2716
1789683505785,1545,Get Booking IDs,200,OK,Thread Group 1-774,text,true,,62440,248,508,508,https://restful-booker.herokuapp.com/booking,280,0,0
1789683507171,160,UpdateBooking - PUT,200,OK,Thread Group 1-431,text,true,,914,524,507,507,https://restful-booker.herokuapp.com/booking/4308,160,0,0
1789683506651,680,DeleteBooking,200,OK,Thread Group 1-231,text,true,,918,253,507,507,https://restful-booker.herokuapp.com/booking/4153,680,0,0
1789683507199,153,Get Booking,200,OK,Thread Group 1-838,text,true,,914,253,506,506,https://restful-booker.herokuapp.com/booking/4562,153,0,0
1789683507193,163,CreateBooking,200,OK,Thread Group 1-696,text,true,,941,518,506,506,https://restful-booker.herokuapp.com/booking,163,0,0
1789683505543,1822,Get Booking IDs,200,OK,Thread Group 1-568,text,true,,62204,248,506,506,https://restful-booker.herokuapp.com/booking,530,0,0
1789683507211,166,CreateBooking,200,OK,Thread Group 1-787,text,true,,943,520,505,505,https://restful-booker.herokuapp.com/booking,166,0,0
1789683505316,2070,Get Booking IDs,200,OK,Thread Group 1-781,text,false,"The operation lasted too long: It took 2,070 milliseconds, but should not have lasted longer than 2,000 milliseconds.",61995,248,505,505,https://restful-booker.herokuapp.com/booking,211,0,0
1789683505568,1822,Get Booking IDs,200,OK,Thread Group 1-847,text,true,,62242,248,504,504,https://restful-booker.herokuapp.com/booking,1009,0,0
1789683503083,4314,Login,200,OK,Thread Group 1-771,text,false,"The operation lasted too long: It took 4,314 milliseconds, but should not have lasted longer than 2,000 milliseconds.",770,325,503,503,https://restful-booker.herokuapp.com/auth,4314,0,4153
1789683506381,1016,Get Booking IDs,200,OK,Thread Group 1-797,text,true,,62763,248,503,503,https://restful-booker.herokuapp.com/booking,682,0,0
1789683505645,1761,Get Booking IDs,200,OK,Thread Group 1-983,text,true,,62337,248,503,503,https://restful-booker.herokuapp.com/booking,529,0,0
1789683505553,1856,Get Booking IDs,200,OK,Thread Group 1-823,text,true,,62204,248,502,502,https://restful-booker.herokuapp.com/booking,1006,0,0
1789683507270,158,UpdateBooking - PATCH,200,OK,Thread Group 1-791,text,true,,914,333,501,501,https://restful-booker.herokuapp.com/booking/4427,158,0,0
1789683505380,2052,Get Booking IDs,200,OK,Thread Group 1-620,text,false,"The operation lasted too long: It took 2,052 milliseconds, but should not have lasted longer than 2,000 milliseconds.",62033,248,501,501,https://restful-booker.herokuapp.com/booking,160,0,0
1789683505927,1541,Get Booking IDs,200,OK,Thread Group 1-984,text,true,,62554,248,500,500,https://restful-booker.herokuapp.com/booking,691,0,0
1789683505592,1880,Get Booking IDs,200,OK,Thread Group 1-663,text,true,,62299,248,500,500,https://restful-booker.herokuapp.com/booking,161,0,0
1789683504111,3375,Get Booking IDs,200,OK,Thread Group 1-423,text,false,"The operation lasted too long: It took 3,375 milliseconds, but should not have lasted longer than 2,000 milliseconds.",59590,248,499,499,https://restful-booker.herokuapp.com/booking,345,0,0
1789683506736,751,Get Booking,200,OK,Thread Group 1-986,text,true,,916,253,499,499,https://restful-booker.herokuapp.com/booking/4559,751,0,0
1789683505489,2000,Get Booking IDs,200,OK,Thread Group 1-900,text,true,,62128,248,498,498,https://restful-booker.herokuapp.com/booking,254,0,0
1789683507324,166,CreateBooking,200,OK,Thread Group 1-867,text,true,,944,521,497,497,https://restful-booker.herokuapp.com/booking,166,0,0
1789683503997,3495,Get Booking IDs,200,OK,Thread Group 1-430,text,false,"The operation lasted too long: It took 3,495 milliseconds, but should not have lasted longer than 2,000 milliseconds.",59400,248,497,497,https://restful-booker.herokuapp.com/booking,852,0,0
1789683505789,1721,Get Booking IDs,200,OK,Thread Group 1-993,text,true,,62440,248,496,496,https://restful-booker.herokuapp.com/booking,571,0,0
1789683506395,1118,Get Booking,200,OK,Thread Group 1-888,text,true,,920,253,495,495,https://restful-booker.herokuapp.com/booking/4554,1118,0,0
1789683507352,164,Get Booking,200,OK,Thread Group 1-734,text,true,,916,253,495,495,https://restful-booker.herokuapp.com/booking/4574,164,0,0
1789683507363,155,UpdateBooking - PATCH,200,OK,Thread Group 1-757,text,true,,914,333,495,495,https://restful-booker.herokuapp.com/booking/4407,155,0,0
1789683507377,157,Get Booking,200,OK,Thread Group 1-928,text,true,,914,253,495,495,https://restful-booker.herokuapp.com/booking/4571,157,0,0
1789683505803,1736,Get Booking IDs,200,OK,Thread Group 1-824,text,true,,62459,248,495,495,https://restful-booker.herokuapp.com/booking,160,0,0
1789683504555,2995,Get Booking IDs,200,OK,Thread Group 1-406,text,false,"The operation lasted too long: It took 2,995 milliseconds, but should not have lasted longer than 2,000 milliseconds.",60388,248,495,495,https://restful-booker.herokuapp.com/booking,692,0,0
1789683507391,169,CreateBooking,200,OK,Thread Group 1-656,text,true,,944,521,494,494,https://restful-booker.herokuapp.com/booking,169,0,0
1789683506972,593,UpdateBooking - PUT,200,OK,Thread Group 1-404,text,true,,914,524,494,494,https://restful-booker.herokuapp.com/booking/4292,593,0,0
1789683504851,2714,Get Booking IDs,200,OK,Thread Group 1-456,text,false,"The operation lasted too long: It took 2,714 milliseconds, but should not have lasted longer than 2,000 milliseconds.",61235,248,494,494,https://restful-booker.herokuapp.com/booking,157,0,0
1789683506127,1444,Get Booking IDs,200,OK,Thread Group 1-901,text,true,,62687,248,493,493,https://restful-booker.herokuapp.com/booking,255,0,0
1789683504916,2679,Get Booking IDs,200,OK,Thread Group 1-780,text,false,"The operation lasted too long: It took 2,679 milliseconds, but should not have lasted longer than 2,000 milliseconds.",61425,248,492,492,https://restful-booker.herokuapp.com/booking,203,0,0
1789683507437,164,UpdateBooking - PATCH,200,OK,Thread Group 1-724,text,true,,914,333,491,491,https://restful-booker.herokuapp.com/booking/4382,164,0,0
1789683505472,2134,Get Booking IDs,200,OK,Thread Group 1-784,text,false,"The operation lasted too long: It took 2,134 milliseconds, but should not have lasted longer than 2,000 milliseconds.",62128,248,491,491,https://restful-booker.herokuapp.com/booking,242,0,0
1789683505196,2410,Get Booking IDs,200,OK,Thread Group 1-746,text,false,"The operation lasted too long: It took 2,410 milliseconds, but should not have lasted longer than 2,000 milliseconds.",61862,248,491,491,https://restful-booker.herokuapp.com/booking,425,0,0
1789683505120,2493,Get Booking IDs,200,OK,Thread Group 1-530,text,false,"The operation lasted too long: It took 2,493 milliseconds, but should not have lasted longer than 2,000 milliseconds.",61729,248,490,490,https://restful-booker.herokuapp.com/booking,341,0,0
1789683505256,2367,Get Booking IDs,200,OK,Thread Group 1-786,text,false,"The operation lasted too long: It took 2,367 milliseconds, but should not have lasted longer than 2,000 milliseconds.",61938,248,489,489,https://restful-booker.herokuapp.com/booking,418,0,0
1789683504873,2760,Get Booking IDs,200,OK,Thread Group 1-608,text,false,"The operation lasted too long: It took 2,760 milliseconds, but should not have lasted longer than 2,000 milliseconds.",61311,248,488,488,https://restful-booker.herokuapp.com/booking,512,0,0
1789683507482,160,CreateBooking,200,OK,Thread Group 1-771,text,true,,945,522,487,487,https://restful-booker.herokuapp.com/booking,160,0,0
1789683507481,161,Get Booking,200,OK,Thread Group 1-841,text,true,,915,253,487,487,https://restful-booker.herokuapp.com/booking/4576,161,0,0
1789683507048,595,DeleteBooking,200,OK,Thread Group 1-717,text,true,,914,253,487,487,https://restful-booker.herokuapp.com/booking/4371,595,0,0
1789683505976,1667,Get Booking IDs,200,OK,Thread Group 1-616,text,true,,62573,248,487,487,https://restful-booker.herokuapp.com/booking,444,0,0
1789683507484,162,Get Booking,200,OK,Thread Group 1-876,text,true,,915,253,485,485,https://restful-booker.herokuapp.com/booking/4565,162,0,0
1789683507490,160,UpdateBooking - PUT,200,OK,Thread Group 1-571,text,true,,914,524,485,485,https://restful-booker.herokuapp.com/booking/4375,160,0,0
1789683505892,1783,Get Booking IDs,200,OK,Thread Group 1-736,text,true,,62535,248,485,485,https://restful-booker.herokuapp.com/booking,522,0,0
1789683504645,3038,Get Booking IDs,200,OK,Thread Group 1-614,text,false,"The operation lasted too long: It took 3,038 milliseconds, but should not have lasted longer than 2,000 milliseconds.",60692,248,484,484,https://restful-booker.herokuapp.com/booking,435,0,0
1789683507528,157,UpdateBooking - PATCH,200,OK,Thread Group 1-631,text,true,,914,333,483,483,https://restful-booker.herokuapp.com/booking/4359,157,0,0
1789683506725,964,Get Booking IDs,200,OK,Thread Group 1-756,text,true,,62858,248,483,483,https://restful-booker.herokuapp.com/booking,331,0,0
1789683506345,1345,Get Booking IDs,200,OK,Thread Group 1-751,text,true,,62744,248,482,482,https://restful-booker.herokuapp.com/booking,586,0,0
1789683505306,2385,Get Booking IDs,200,OK,Thread Group 1-907,text,false,"The operation lasted too long: It took 2,385 milliseconds, but should not have lasted longer than 2,000 milliseconds.",61995,248,482,482,https://restful-booker.herokuapp.com/booking,196,0,0
1789683505821,1881,Get Booking IDs,200,OK,Thread Group 1-957,text,true,,62459,248,481,481,https://restful-booker.herokuapp.com/booking,536,0,0
1789683507538,166,Get Booking,200,OK,Thread Group 1-696,text,true,,912,253,481,481,https://restful-booker.herokuapp.com/booking/4578,166,0,0
1789683505387,2322,Get Booking IDs,200,OK,Thread Group 1-660,text,false,"The operation lasted too long: It took 2,322 milliseconds, but should not have lasted longer than 2,000 milliseconds.",62071,248,481,481,https://restful-booker.herokuapp.com/booking,331,0,0
1789683505841,1871,Get Booking IDs,200,OK,Thread Group 1-768,text,true,,62478,248,480,480,https://restful-booker.herokuapp.com/booking,402,0,0
1789683505992,1724,Get Booking IDs,200,OK,Thread Group 1-533,text,true,,62592,248,479,479,https://restful-booker.herokuapp.com/booking,406,0,0
1789683505120,2603,Get Booking IDs,200,OK,Thread Group 1-420,text,false,"The operation lasted too long: It took 2,603 milliseconds, but should not have lasted longer than 2,000 milliseconds.",61729,248,478,478,https://restful-booker.herokuapp.com/booking,499,0,0
1789683505327,2405,Get Booking IDs,200,OK,Thread Group 1-721,text,false,"The operation lasted too long: It took 2,405 milliseconds, but should not have lasted longer than 2,000 milliseconds.",62014,248,477,477,https://restful-booker.herokuapp.com/booking,228,0,0
1789683505991,1742,Get Booking IDs,200,OK,Thread Group 1-723,text,true,,62592,248,476,476,https://restful-booker.herokuapp.com/booking,409,0,0
1789683505443,2296,Get Booking IDs,200,OK,Thread Group 1-713,text,false,"The operation lasted too long: It took 2,296 milliseconds, but should not have lasted longer than 2,000 milliseconds.",62109,248,475,475,https://restful-booker.herokuapp.com/booking,160,0,0
1789683505843,1897,Get Booking IDs,200,OK,Thread Group 1-891,text,true,,62478,248,474,474,https://restful-booker.herokuapp.com/booking,931,0,0
1789683505665,2084,Get Booking IDs,200,OK,Thread Group 1-826,text,false,"The operation lasted too long: It took 2,084 milliseconds, but should not have lasted longer than 2,000 milliseconds.",62356,248,474,474,https://restful-booker.herokuapp.com/booking,547,0,0
1789683505342,2416,Get Booking IDs,200,OK,Thread Group 1-840,text,false,"The operation lasted too long: It took 2,416 milliseconds, but should not have lasted longer than 2,000 milliseconds.",62014,248,473,473,https://restful-booker.herokuapp.com/booking,244,0,0
1789683505673,2086,Get Booking IDs,200,OK,Thread Group 1-954,text,false,"The operation lasted too long: It took 2,086 milliseconds, but should not have lasted longer than 2,000 milliseconds.",62356,248,472,472,https://restful-booker.herokuapp.com/booking,284,0,0
1789683507598,162,UpdateBooking - PATCH,200,OK,Thread Group 1-431,text,true,,914,333,471,471,https://restful-booker.herokuapp.com/booking/4308,162,0,0
1789683505329,2434,Get Booking IDs,200,OK,Thread Group 1-857,text,false,"The operation lasted too long: It took 2,434 milliseconds, but should not have lasted longer than 2,000 milliseconds.",62014,248,471,471,https://restful-booker.herokuapp.com/booking,232,0,0
1789683507608,165,CreateBooking,200,OK,Thread Group 1-873,text,true,,943,520,471,471,https://restful-booker.herokuapp.com/booking,165,0,0
1789683507069,723,Get Booking,200,OK,Thread Group 1-930,text,true,,916,253,471,471,https://restful-booker.herokuapp.com/booking/4569,723,0,0
1789683507634,162,DeleteBooking,200,OK,Thread Group 1-791,text,true,,914,253,471,471,https://restful-booker.herokuapp.com/booking/4427,162,0,0
1789683507646,155,UpdateBooking - PATCH,200,OK,Thread Group 1-544,text,true,,914,333,470,470,https://restful-booker.herokuapp.com/booking/4340,155,0,0
1789683505485,2333,Get Booking IDs,200,OK,Thread Group 1-821,text,false,"The operation lasted too long: It took 2,333 milliseconds, but should not have lasted longer than 2,000 milliseconds.",62128,248,470,470,https://restful-booker.herokuapp.com/booking,245,0,0
1789683504991,2829,Get Booking IDs,200,OK,Thread Group 1-636,text,false,"The operation lasted too long: It took 2,829 milliseconds, but should not have lasted longer than 2,000 milliseconds.",61577,248,469,469,https://restful-booker.herokuapp.com/booking,168,0,0
1789683505748,2078,Get Booking IDs,200,OK,Thread Group 1-914,text,false,"The operation lasted too long: It took 2,078 milliseconds, but should not have lasted longer than 2,000 milliseconds.",62421,248,468,468,https://restful-booker.herokuapp.com/booking,537,0,0
1789683505805,2021,Get Booking IDs,200,OK,Thread Group 1-938,text,false,"The operation lasted too long: It took 2,021 milliseconds, but should not have lasted longer than 2,000 milliseconds.",62459,248,468,468,https://restful-booker.herokuapp.com/booking,279,0,0
1789683504896,2935,Get Booking IDs,200,OK,Thread Group 1-687,text,false,"The operation lasted too long: It took 2,935 milliseconds, but should not have lasted longer than 2,000 milliseconds.",61387,248,466,466,https://restful-booker.herokuapp.com/booking,389,0,0
1789683505757,2075,Get Booking IDs,200,OK,Thread Group 1-963,text,false,"The operation lasted too long: It took 2,075 milliseconds, but should not have lasted longer than 2,000 milliseconds.",62421,248,466,466,https://restful-booker.herokuapp.com/booking,533,0,0
1789683507675,164,UpdateBooking - PATCH,200,OK,Thread Group 1-404,text,true,,914,333,464,464,https://restful-booker.herokuapp.com/booking/4292,164,0,0
1789683506054,1795,Get Booking IDs,200,OK,Thread Group 1-557,text,true,,62668,248,464,464,https://restful-booker.herokuapp.com/booking,208,0,0
1789683507698,151,Get Booking,200,OK,Thread Group 1-867,text,true,,915,253,464,464,https://restful-booker.herokuapp.com/booking/4582,151,0,0
1789683507694,156,UpdateBooking - PUT,200,OK,Thread Group 1-984,text,true,,914,524,464,464,https://restful-booker.herokuapp.com/booking/4476,156,0,0
1789683504084,3777,Get Booking IDs,200,OK,Thread Group 1-460,text,false,"The operation lasted too long: It took 3,777 milliseconds, but should not have lasted longer than 2,000 milliseconds.",59514,248,464,464,https://restful-booker.herokuapp.com/booking,351,0,0
1789683507706,158,UpdateBooking - PUT,200,OK,Thread Group 1-797,text,true,,914,524,463,463,https://restful-booker.herokuapp.com/booking/4520,158,0,0
1789683505248,2620,Get Booking IDs,200,OK,Thread Group 1-627,text,false,"The operation lasted too long: It took 2,620 milliseconds, but should not have lasted longer than 2,000 milliseconds.",61919,248,463,463,https://restful-booker.herokuapp.com/booking,342,0,0
1789683507715,155,UpdateBooking - PUT,200,OK,Thread Group 1-824,text,true,,914,524,462,462,https://restful-booker.herokuapp.com/booking/4485,155,0,0
1789683506841,1046,Get Booking IDs,200,OK,Thread Group 1-960,text,true,,62854,248,462,462,https://restful-booker.herokuapp.com/booking,163,0,0
1789683504935,2952,Get Booking IDs,200,OK,Thread Group 1-500,text,false,"The operation lasted too long: It took 2,952 milliseconds, but should not have lasted longer than 2,000 milliseconds.",61463,248,462,462,https://restful-booker.herokuapp.com/booking,345,0,0
1789683505335,2572,Get Booking IDs,200,OK,Thread Group 1-794,text,false,"The operation lasted too long: It took 2,572 milliseconds, but should not have lasted longer than 2,000 milliseconds.",62014,248,460,460,https://restful-booker.herokuapp.com/booking,524,0,0
1789683506328,1625,Get Booking IDs,200,OK,Thread Group 1-863,text,true,,62744,248,459,459,https://restful-booker.herokuapp.com/booking,682,0,0
1789683507787,167,Get Booking,200,OK,Thread Group 1-656,text,true,,911,253,459,459,https://restful-booker.herokuapp.com/booking/4584,167,0,0
1789683503900,4056,Login,200,OK,Thread Group 1-941,text,false,"The operation lasted too long: It took 4,056 milliseconds, but should not have lasted longer than 2,000 milliseconds.",766,325,458,458,https://restful-booker.herokuapp.com/auth,4056,0,3892
1789683504742,3225,Get Booking IDs,200,OK,Thread Group 1-527,text,false,"The operation lasted too long: It took 3,225 milliseconds, but should not have lasted longer than 2,000 milliseconds.",60912,248,458,458,https://restful-booker.herokuapp.com/booking,394,0,0
1789683505768,2209,Get Booking IDs,200,OK,Thread Group 1-978,text,false,"The operation lasted too long: It took 2,209 milliseconds, but should not have lasted longer than 2,000 milliseconds.",62421,248,457,457,https://restful-booker.herokuapp.com/booking,540,0,0
1789683507824,162,Get Booking,200,OK,Thread Group 1-787,text,true,,910,253,456,456,https://restful-booker.herokuapp.com/booking/4581,162,0,0
1789683505316,2670,Get Booking IDs,200,OK,Thread Group 1-704,text,false,"The operation lasted too long: It took 2,670 milliseconds, but should not have lasted longer than 2,000 milliseconds.",61995,248,456,456,https://restful-booker.herokuapp.com/booking,327,0,0
1789683505559,2429,Get Booking IDs,200,OK,Thread Group 1-934,text,false,"The operation lasted too long: It took 2,429 milliseconds, but should not have lasted longer than 2,000 milliseconds.",62242,248,456,456,https://restful-booker.herokuapp.com/booking,559,0,0
1789683505686,2309,Get Booking IDs,200,OK,Thread Group 1-673,text,false,"The operation lasted too long: It took 2,309 milliseconds, but should not have lasted longer than 2,000 milliseconds.",62356,248,455,455,https://restful-booker.herokuapp.com/booking,611,0,0
1789683505572,2432,Get Booking IDs,200,OK,Thread Group 1-937,text,false,"The operation lasted too long: It took 2,432 milliseconds, but should not have lasted longer than 2,000 milliseconds.",62242,248,454,454,https://restful-booker.herokuapp.com/booking,1033,0,0
1789683507865,145,DeleteBooking,200,OK,Thread Group 1-757,text,true,,910,253,454,454,https://restful-booker.herokuapp.com/booking/4407,145,0,0
1789683506114,1899,Get Booking IDs,200,OK,Thread Group 1-967,text,true,,62668,248,453,453,https://restful-booker.herokuapp.com/booking,445,0,0
1789683507863,159,UpdateBooking - PUT,200,OK,Thread Group 1-751,text,true,,910,524,452,452,https://restful-booker.herokuapp.com/booking/4531,159,0,0
1789683507101,924,Get Booking IDs,200,OK,Thread Group 1-883,text,true,,62930,248,452,452,https://restful-booker.herokuapp.com/booking,168,0,0
1789683502750,5278,Get Booking IDs,200,OK,Thread Group 1-266,text,false,"The operation lasted too long: It took 5,278 milliseconds, but should not have lasted longer than 2,000 milliseconds.",57686,248,451,451,https://restful-booker.herokuapp.com/booking,283,0,0
1789683504534,3501,Get Booking IDs,200,OK,Thread Group 1-441,text,false,"The operation lasted too long: It took 3,501 milliseconds, but should not have lasted longer than 2,000 milliseconds.",60369,248,450,450,https://restful-booker.herokuapp.com/booking,493,0,0
1789683505700,2343,Get Booking IDs,200,OK,Thread Group 1-613,text,false,"The operation lasted too long: It took 2,343 milliseconds, but should not have lasted longer than 2,000 milliseconds.",62394,248,449,449,https://restful-booker.herokuapp.com/booking,367,0,0
1789683505317,2732,Get Booking IDs,200,OK,Thread Group 1-760,text,false,"The operation lasted too long: It took 2,732 milliseconds, but should not have lasted longer than 2,000 milliseconds.",61995,248,448,448,https://restful-booker.herokuapp.com/booking,1237,0,0
1789683507209,840,CreateBooking,200,OK,Thread Group 1-830,text,true,,941,518,448,448,https://restful-booker.herokuapp.com/booking,840,0,0
1789683505658,2393,Get Booking IDs,200,OK,Thread Group 1-884,text,false,"The operation lasted too long: It took 2,393 milliseconds, but should not have lasted longer than 2,000 milliseconds.",62337,248,447,447,https://restful-booker.herokuapp.com/booking,954,0,0
1789683507468,607,Get Booking IDs,200,OK,Thread Group 1-918,text,true,,63120,248,447,447,https://restful-booker.herokuapp.com/booking,157,0,0
1789683507919,161,Get Booking,200,OK,Thread Group 1-771,text,true,,912,253,446,446,https://restful-booker.herokuapp.com/booking/4586,161,0,0
1789683507919,161,UpdateBooking - PATCH,200,OK,Thread Group 1-571,text,true,,910,333,446,446,https://restful-booker.herokuapp.com/booking/4375,161,0,0
1789683505725,2359,Get Booking IDs,200,OK,Thread Group 1-994,text,false,"The operation lasted too long: It took 2,359 milliseconds, but should not have lasted longer than 2,000 milliseconds.",62394,248,446,446,https://restful-booker.herokuapp.com/booking,925,0,0
1789683505121,2965,Get Booking IDs,200,OK,Thread Group 1-483,text,false,"The operation lasted too long: It took 2,965 milliseconds, but should not have lasted longer than 2,000 milliseconds.",61729,248,445,445,https://restful-booker.herokuapp.com/booking,194,0,0
1789683505140,2956,Get Booking IDs,200,OK,Thread Group 1-763,text,false,"The operation lasted too long: It took 2,956 milliseconds, but should not have lasted longer than 2,000 milliseconds.",61748,248,444,444,https://restful-booker.herokuapp.com/booking,656,0,0
1789683507197,909,CreateBooking,200,OK,Thread Group 1-738,text,true,,944,521,443,443,https://restful-booker.herokuapp.com/booking,909,0,0
1789683507964,143,DeleteBooking,200,OK,Thread Group 1-631,text,true,,910,253,443,443,https://restful-booker.herokuapp.com/booking/4359,143,0,0
1789683505999,2108,Get Booking IDs,200,OK,Thread Group 1-968,text,false,"The operation lasted too long: It took 2,108 milliseconds, but should not have lasted longer than 2,000 milliseconds.",62611,248,443,443,https://restful-booker.herokuapp.com/booking,477,0,0
1789683506039,2068,Get Booking IDs,200,OK,Thread Group 1-834,text,false,"The operation lasted too long: It took 2,068 milliseconds, but should not have lasted longer than 2,000 milliseconds.",62649,248,443,443,https://restful-booker.herokuapp.com/booking,471,0,0
1789683506978,1130,Get Booking IDs,200,OK,Thread Group 1-878,text,true,,62911,248,443,443,https://restful-booker.herokuapp.com/booking,474,0,0
1789683506003,2110,Get Booking IDs,200,OK,Thread Group 1-828,text,false,"The operation lasted too long: It took 2,110 milliseconds, but should not have lasted longer than 2,000 milliseconds.",62611,248,439,439,https://restful-booker.herokuapp.com/booking,594,0,0
1789683507982,142,DeleteBooking,200,OK,Thread Group 1-724,text,true,,910,253,438,438,https://restful-booker.herokuapp.com/booking/4382,142,0,0
1789683507061,1069,Get Booking IDs,200,OK,Thread Group 1-911,text,true,,62930,248,437,437,https://restful-booker.herokuapp.com/booking,328,0,0
1789683505921,2225,Get Booking IDs,200,OK,Thread Group 1-908,text,false,"The operation lasted too long: It took 2,225 milliseconds, but should not have lasted longer than 2,000 milliseconds.",62516,248,437,437,https://restful-booker.herokuapp.com/booking,1020,0,0
1789683506391,1756,Get Booking IDs,200,OK,Thread Group 1-484,text,true,,62763,248,436,436,https://restful-booker.herokuapp.com/booking,572,0,0
1789683504958,3197,Get Booking IDs,200,OK,Thread Group 1-584,text,false,"The operation lasted too long: It took 3,197 milliseconds, but should not have lasted longer than 2,000 milliseconds.",61501,248,436,436,https://restful-booker.herokuapp.com/booking,1819,0,0
1789683507997,160,UpdateBooking - PATCH,200,OK,Thread Group 1-824,text,true,,910,333,436,436,https://restful-booker.herokuapp.com/booking/4485,160,0,0
1789683505872,2286,Get Booking IDs,200,OK,Thread Group 1-1000,text,false,"The operation lasted too long: It took 2,286 milliseconds, but should not have lasted longer than 2,000 milliseconds.",62535,248,436,436,https://restful-booker.herokuapp.com/booking,587,0,0
1789683505554,2611,Get Booking IDs,200,OK,Thread Group 1-796,text,false,"The operation lasted too long: It took 2,611 milliseconds, but should not have lasted longer than 2,000 milliseconds.",62223,248,435,435,https://restful-booker.herokuapp.com/booking,866,0,0
1789683508039,135,UpdateBooking - PUT,200,OK,Thread Group 1-784,text,true,,910,524,434,434,https://restful-booker.herokuapp.com/booking/4421,135,0,0
1789683505823,2351,Get Booking IDs,200,OK,Thread Group 1-927,text,false,"The operation lasted too long: It took 2,351 milliseconds, but should not have lasted longer than 2,000 milliseconds.",62478,248,434,434,https://restful-booker.herokuapp.com/booking,924,0,0
1789683505652,2541,Get Booking IDs,200,OK,Thread Group 1-611,text,false,"The operation lasted too long: It took 2,541 milliseconds, but should not have lasted longer than 2,000 milliseconds.",62337,248,433,433,https://restful-booker.herokuapp.com/booking,322,0,0
1789683505933,2261,Get Booking IDs,200,OK,Thread Group 1-887,text,false,"The operation lasted too long: It took 2,261 milliseconds, but should not have lasted longer than 2,000 milliseconds.",62573,248,433,433,https://restful-booker.herokuapp.com/booking,693,0,0
1789683505695,2500,Get Booking IDs,200,OK,Thread Group 1-868,text,false,"The operation lasted too long: It took 2,500 milliseconds, but should not have lasted longer than 2,000 milliseconds.",62394,248,433,433,https://restful-booker.herokuapp.com/booking,282,0,0
1789683508055,159,DeleteBooking,200,OK,Thread Group 1-544,text,true,,910,253,431,431,https://restful-booker.herokuapp.com/booking/4340,159,0,0
1789683508093,135,UpdateBooking - PUT,200,OK,Thread Group 1-957,text,true,,910,524,430,430,https://restful-booker.herokuapp.com/booking/4483,135,0,0
1789683508065,165,Get Booking,200,OK,Thread Group 1-873,text,true,,910,253,430,430,https://restful-booker.herokuapp.com/booking/4587,165,0,0
1789683506500,1733,Get Booking IDs,200,OK,Thread Group 1-946,text,true,,62782,248,430,430,https://restful-booker.herokuapp.com/booking,324,0,0
1789683504902,3336,Get Booking IDs,200,OK,Thread Group 1-463,text,false,"The operation lasted too long: It took 3,336 milliseconds, but should not have lasted longer than 2,000 milliseconds.",61387,248,429,429,https://restful-booker.herokuapp.com/booking,176,0,0
1789683505489,2754,Get Booking IDs,200,OK,Thread Group 1-740,text,false,"The operation lasted too long: It took 2,754 milliseconds, but should not have lasted longer than 2,000 milliseconds.",62128,248,428,428,https://restful-booker.herokuapp.com/booking,572,0,0
1789683506515,1730,Get Booking IDs,200,OK,Thread Group 1-870,text,true,,62782,248,427,427,https://restful-booker.herokuapp.com/booking,671,0,0
1789683508082,165,UpdateBooking - PUT,200,OK,Thread Group 1-891,text,true,,910,524,426,426,https://restful-booker.herokuapp.com/booking/4471,165,0,0
1789683508100,162,DeleteBooking,200,OK,Thread Group 1-431,text,true,,910,253,426,426,https://restful-booker.herokuapp.com/booking/4308,162,0,0
1789683508127,135,UpdateBooking - PATCH,200,OK,Thread Group 1-984,text,true,,910,333,426,426,https://restful-booker.herokuapp.com/booking/4476,135,0,0
1789683503419,4843,Login,200,OK,Thread Group 1-810,text,false,"The operation lasted too long: It took 4,843 milliseconds, but should not have lasted longer than 2,000 milliseconds.",775,327,426,426,https://restful-booker.herokuapp.com/auth,4843,0,2533
1789683506114,2157,Get Booking IDs,200,OK,Thread Group 1-924,text,false,"The operation lasted too long: It took 2,157 milliseconds, but should not have lasted longer than 2,000 milliseconds.",62668,248,425,425,https://restful-booker.herokuapp.com/booking,775,0,0
1789683505956,2324,Get Booking IDs,200,OK,Thread Group 1-710,text,false,"The operation lasted too long: It took 2,324 milliseconds, but should not have lasted longer than 2,000 milliseconds.",62573,248,425,425,https://restful-booker.herokuapp.com/booking,192,0,0
1789683505579,2708,Get Booking IDs,200,OK,Thread Group 1-893,text,false,"The operation lasted too long: It took 2,708 milliseconds, but should not have lasted longer than 2,000 milliseconds.",62280,248,424,424,https://restful-booker.herokuapp.com/booking,287,0,0
1789683506061,2232,Get Booking IDs,200,OK,Thread Group 1-990,text,false,"The operation lasted too long: It took 2,232 milliseconds, but should not have lasted longer than 2,000 milliseconds.",62668,248,423,423,https://restful-booker.herokuapp.com/booking,629,0,0
1789683507265,1033,Get Booking IDs,200,OK,Thread Group 1-816,text,true,,63044,248,422,422,https://restful-booker.herokuapp.com/booking,156,0,0
1789683508198,134,UpdateBooking - PUT,200,OK,Thread Group 1-857,text,true,,910,524,421,421,https://restful-booker.herokuapp.com/booking/4422,134,0,0
1789683506337,2009,Get Booking IDs,200,OK,Thread Group 1-731,text,false,"The operation lasted too long: It took 2,009 milliseconds, but should not have lasted longer than 2,000 milliseconds.",62744,248,421,421,https://restful-booker.herokuapp.com/booking,362,0,0
1789683505576,2784,Get Booking IDs,200,OK,Thread Group 1-718,text,false,"The operation lasted too long: It took 2,784 milliseconds, but should not have lasted longer than 2,000 milliseconds.",62280,248,421,421,https://restful-booker.herokuapp.com/booking,1877,0,0
1789683506244,2123,Get Booking IDs,200,OK,Thread Group 1-817,text,false,"The operation lasted too long: It took 2,123 milliseconds, but should not have lasted longer than 2,000 milliseconds.",62744,248,420,420,https://restful-booker.herokuapp.com/booking,399,0,0
1789683506697,1682,Get Booking IDs,200,OK,Thread Group 1-856,text,true,,62877,248,420,420,https://restful-booker.herokuapp.com/booking,804,0,0
1789683506205,2190,Get Booking IDs,200,OK,Thread Group 1-598,text,false,"The operation lasted too long: It took 2,190 milliseconds, but should not have lasted longer than 2,000 milliseconds.",62706,248,419,419,https://restful-booker.herokuapp.com/booking,1082,0,0
1789683508261,134,UpdateBooking - PUT,200,OK,Thread Group 1-937,text,true,,910,524,419,419,https://restful-booker.herokuapp.com/booking/4438,134,0,0
1789683505824,2577,Get Booking IDs,200,OK,Thread Group 1-854,text,false,"The operation lasted too long: It took 2,577 milliseconds, but should not have lasted longer than 2,000 milliseconds.",62478,248,418,418,https://restful-booker.herokuapp.com/booking,159,0,0
1789683508244,160,UpdateBooking - PUT,200,OK,Thread Group 1-557,text,true,,910,524,417,417,https://restful-booker.herokuapp.com/booking/4437,160,0,0
1789683505694,2712,Get Booking IDs,200,OK,Thread Group 1-906,text,false,"The operation lasted too long: It took 2,712 milliseconds, but should not have lasted longer than 2,000 milliseconds.",62394,248,417,417,https://restful-booker.herokuapp.com/booking,573,0,0
1789683506290,2120,Get Booking IDs,200,OK,Thread Group 1-886,text,false,"The operation lasted too long: It took 2,120 milliseconds, but should not have lasted longer than 2,000 milliseconds.",62744,248,416,416,https://restful-booker.herokuapp.com/booking,624,0,0
1789683506439,1975,Get Booking IDs,200,OK,Thread Group 1-728,text,true,,62763,248,415,415,https://restful-booker.herokuapp.com/booking,976,0,0
1789683508259,165,Get Booking,200,OK,Thread Group 1-830,text,true,,908,253,414,414,https://restful-booker.herokuapp.com/booking/4580,165,0,0
1789683507428,1006,Get Booking IDs,200,OK,Thread Group 1-838,text,true,,63101,248,414,414,https://restful-booker.herokuapp.com/booking,471,0,0
1789683505732,2710,Get Booking IDs,200,OK,Thread Group 1-926,text,false,"The operation lasted too long: It took 2,710 milliseconds, but should not have lasted longer than 2,000 milliseconds.",62402,248,413,413,https://restful-booker.herokuapp.com/booking,1763,0,0
1789683508313,134,UpdateBooking - PUT,200,OK,Thread Group 1-911,text,true,,910,524,412,412,https://restful-booker.herokuapp.com/booking/4525,134,0,0
1789683508289,165,CreateBooking,200,OK,Thread Group 1-941,text,true,,940,521,412,412,https://restful-booker.herokuapp.com/booking,165,0,0
1789683505276,3179,Get Booking IDs,200,OK,Thread Group 1-680,text,false,"The operation lasted too long: It took 3,179 milliseconds, but should not have lasted longer than 2,000 milliseconds.",61976,248,412,412,https://restful-booker.herokuapp.com/booking,1504,0,0
1789683505869,2594,Get Booking IDs,200,OK,Thread Group 1-996,text,false,"The operation lasted too long: It took 2,594 milliseconds, but should not have lasted longer than 2,000 milliseconds.",62535,248,411,411,https://restful-booker.herokuapp.com/booking,414,0,0
1789683506700,1769,Get Booking IDs,200,OK,Thread Group 1-898,text,true,,62858,248,410,410,https://restful-booker.herokuapp.com/booking,497,0,0
1789683508321,157,UpdateBooking - PATCH,200,OK,Thread Group 1-797,text,true,,910,333,409,409,https://restful-booker.herokuapp.com/booking/4520,157,0,0
1789683508318,162,DeleteBooking,200,OK,Thread Group 1-404,text,true,,910,253,409,409,https://restful-booker.herokuapp.com/booking/4292,162,0,0
1789683505859,2623,Get Booking IDs,200,OK,Thread Group 1-944,text,false,"The operation lasted too long: It took 2,623 milliseconds, but should not have lasted longer than 2,000 milliseconds.",62516,248,408,408,https://restful-booker.herokuapp.com/booking,537,0,0
1789683505988,2499,Get Booking IDs,200,OK,Thread Group 1-977,text,false,"The operation lasted too long: It took 2,499 milliseconds, but should not have lasted longer than 2,000 milliseconds.",62592,248,408,408,https://restful-booker.herokuapp.com/booking,195,0,0
1789683508368,149,DeleteBooking,200,OK,Thread Group 1-571,text,true,,910,253,408,408,https://restful-booker.herokuapp.com/booking/4375,149,0,0
1789683508396,134,UpdateBooking - PUT,200,OK,Thread Group 1-884,text,true,,910,524,407,407,https://restful-booker.herokuapp.com/booking/4453,134,0,0
1789683508381,151,DeleteBooking,200,OK,Thread Group 1-824,text,true,,910,253,407,407,https://restful-booker.herokuapp.com/booking/4485,151,0,0
1789683506439,2103,Get Booking IDs,200,OK,Thread Group 1-761,text,false,"The operation lasted too long: It took 2,103 milliseconds, but should not have lasted longer than 2,000 milliseconds.",62763,248,406,406,https://restful-booker.herokuapp.com/booking,350,0,0
1789683506916,1634,Get Booking IDs,200,OK,Thread Group 1-758,text,true,,62873,248,405,405,https://restful-booker.herokuapp.com/booking,333,0,0
1789683508399,152,UpdateBooking - PUT,200,OK,Thread Group 1-611,text,true,,910,524,404,404,https://restful-booker.herokuapp.com/booking/4480,152,0,0
1789683505908,2646,Get Booking IDs,200,OK,Thread Group 1-628,text,false,"The operation lasted too long: It took 2,646 milliseconds, but should not have lasted longer than 2,000 milliseconds.",62535,248,404,404,https://restful-booker.herokuapp.com/booking,192,0,0
1789683505125,3433,Get Booking IDs,200,OK,Thread Group 1-651,text,false,"The operation lasted too long: It took 3,433 milliseconds, but should not have lasted longer than 2,000 milliseconds.",61729,248,403,403,https://restful-booker.herokuapp.com/booking,628,0,0
1789683508425,134,UpdateBooking - PUT,200,OK,Thread Group 1-924,text,true,,910,524,403,403,https://restful-booker.herokuapp.com/booking/4454,134,0,0
1789683506112,2464,Get Booking IDs,200,OK,Thread Group 1-691,text,false,"The operation lasted too long: It took 2,464 milliseconds, but should not have lasted longer than 2,000 milliseconds.",62668,248,403,403,https://restful-booker.herokuapp.com/booking,610,0,0
1789683506846,1741,Get Booking IDs,200,OK,Thread Group 1-783,text,true,,62854,248,403,403,https://restful-booker.herokuapp.com/booking,664,0,0
1789683508440,147,UpdateBooking - PUT,200,OK,Thread Group 1-584,text,true,,910,524,403,403,https://restful-booker.herokuapp.com/booking/4377,147,0,0
1789683508438,155,UpdateBooking - PATCH,200,OK,Thread Group 1-751,text,true,,910,333,402,402,https://restful-booker.herokuapp.com/booking/4531,155,0,0
1789683508447,156,Get Booking,200,OK,Thread Group 1-738,text,true,,911,253,402,402,https://restful-booker.herokuapp.com/booking/4579,156,0,0
1789683508455,152,UpdateBooking - PUT,200,OK,Thread Group 1-704,text,true,,910,524,402,402,https://restful-booker.herokuapp.com/booking/4424,152,0,0
1789683508474,136,UpdateBooking - PATCH,200,OK,Thread Group 1-957,text,true,,910,333,402,402,https://restful-booker.herokuapp.com/booking/4483,136,0,0
1789683506846,1769,Get Booking IDs,200,OK,Thread Group 1-971,text,true,,62854,248,402,402,https://restful-booker.herokuapp.com/booking,329,0,0
1789683506789,1834,Get Booking IDs,200,OK,Thread Group 1-827,text,true,,62854,248,402,402,https://restful-booker.herokuapp.com/booking,492,0,0
1789683508473,151,UpdateBooking - PUT,200,OK,Thread Group 1-484,text,true,,910,524,401,401,https://restful-booker.herokuapp.com/booking/4529,151,0,0
1789683506004,2620,Get Booking IDs,200,OK,Thread Group 1-748,text,false,"The operation lasted too long: It took 2,620 milliseconds, but should not have lasted longer than 2,000 milliseconds.",62611,248,401,401,https://restful-booker.herokuapp.com/booking,806,0,0
1789683506266,2361,Get Booking IDs,200,OK,Thread Group 1-874,text,false,"The operation lasted too long: It took 2,361 milliseconds, but should not have lasted longer than 2,000 milliseconds.",62744,248,400,400,https://restful-booker.herokuapp.com/booking,546,0,0
1789683505847,2786,Get Booking IDs,200,OK,Thread Group 1-641,text,false,"The operation lasted too long: It took 2,786 milliseconds, but should not have lasted longer than 2,000 milliseconds.",62497,248,399,399,https://restful-booker.herokuapp.com/booking,780,0,0
1789683505975,2665,Get Booking IDs,200,OK,Thread Group 1-933,text,false,"The operation lasted too long: It took 2,665 milliseconds, but should not have lasted longer than 2,000 milliseconds.",62573,248,398,398,https://restful-booker.herokuapp.com/booking,431,0,0
1789683507936,714,Get Booking IDs,200,OK,Thread Group 1-928,text,true,,63192,248,397,397,https://restful-booker.herokuapp.com/booking,274,0,0
1789683508519,135,UpdateBooking - PATCH,200,OK,Thread Group 1-784,text,true,,910,333,396,396,https://restful-booker.herokuapp.com/booking/4421,135,0,0
1789683508540,134,DeleteBooking,200,OK,Thread Group 1-984,text,true,,910,253,396,396,https://restful-booker.herokuapp.com/booking/4476,134,0,0
1789683505988,2695,Get Booking IDs,200,OK,Thread Group 1-807,text,false,"The operation lasted too long: It took 2,695 milliseconds, but should not have lasted longer than 2,000 milliseconds.",62592,248,395,395,https://restful-booker.herokuapp.com/booking,758,0,0
1789683506664,2029,Get Booking IDs,200,OK,Thread Group 1-788,text,false,"The operation lasted too long: It took 2,029 milliseconds, but should not have lasted longer than 2,000 milliseconds.",62858,248,394,394,https://restful-booker.herokuapp.com/booking,527,0,0
1789683505414,3283,Get Booking IDs,200,OK,Thread Group 1-703,text,false,"The operation lasted too long: It took 3,283 milliseconds, but should not have lasted longer than 2,000 milliseconds.",62071,248,393,393,https://restful-booker.herokuapp.com/booking,235,0,0
1789683505855,2843,Get Booking IDs,200,OK,Thread Group 1-681,text,false,"The operation lasted too long: It took 2,843 milliseconds, but should not have lasted longer than 2,000 milliseconds.",62516,248,392,392,https://restful-booker.herokuapp.com/booking,584,0,0
1789683508555,150,CreateBooking,200,OK,Thread Group 1-810,text,true,,937,518,391,391,https://restful-booker.herokuapp.com/booking,150,0,0
1789683507973,742,Get Booking IDs,200,OK,Thread Group 1-986,text,true,,63192,248,391,391,https://restful-booker.herokuapp.com/booking,140,0,0
1789683508590,132,UpdateBooking - PATCH,200,OK,Thread Group 1-857,text,true,,910,333,390,390,https://restful-booker.herokuapp.com/booking/4422,132,0,0
1789683506950,1781,Get Booking IDs,200,OK,Thread Group 1-750,text,true,,62892,248,390,390,https://restful-booker.herokuapp.com/booking,329,0,0
1789683504925,3809,Get Booking IDs,200,OK,Thread Group 1-393,text,false,"The operation lasted too long: It took 3,809 milliseconds, but should not have lasted longer than 2,000 milliseconds.",61425,248,389,389,https://restful-booker.herokuapp.com/booking,337,0,0
1789683506247,2495,Get Booking IDs,200,OK,Thread Group 1-871,text,false,"The operation lasted too long: It took 2,495 milliseconds, but should not have lasted longer than 2,000 milliseconds.",62744,248,388,388,https://restful-booker.herokuapp.com/booking,542,0,0
1789683505190,3608,Get Booking IDs,200,OK,Thread Group 1-451,text,false,"The operation lasted too long: It took 3,608 milliseconds, but should not have lasted longer than 2,000 milliseconds.",61862,248,388,388,https://restful-booker.herokuapp.com/booking,496,0,0
1789683508672,133,UpdateBooking - PATCH,200,OK,Thread Group 1-937,text,true,,910,333,388,388,https://restful-booker.herokuapp.com/booking/4438,133,0,0
1789683504858,3956,Get Booking IDs,200,OK,Thread Group 1-486,text,false,"The operation lasted too long: It took 3,956 milliseconds, but should not have lasted longer than 2,000 milliseconds.",61254,248,388,388,https://restful-booker.herokuapp.com/booking,165,0,0
1789683506460,2357,Get Booking IDs,200,OK,Thread Group 1-820,text,false,"The operation lasted too long: It took 2,357 milliseconds, but should not have lasted longer than 2,000 milliseconds.",62782,248,387,387,https://restful-booker.herokuapp.com/booking,829,0,0
1789683507091,1727,Get Booking IDs,200,OK,Thread Group 1-877,text,true,,62930,248,386,386,https://restful-booker.herokuapp.com/booking,488,0,0
1789683508677,148,DeleteBooking,200,OK,Thread Group 1-797,text,true,,910,253,386,386,https://restful-booker.herokuapp.com/booking/4520,148,0,0
1789683508687,143,UpdateBooking - PATCH,200,OK,Thread Group 1-557,text,true,,910,333,385,385,https://restful-booker.herokuapp.com/booking/4437,143,0,0
1789683508690,152,UpdateBooking - PUT,200,OK,Thread Group 1-731,text,true,,910,524,385,385,https://restful-booker.herokuapp.com/booking/4519,152,0,0
1789683508710,134,UpdateBooking - PUT,200,OK,Thread Group 1-817,text,true,,910,524,385,385,https://restful-booker.herokuapp.com/booking/4450,134,0,0
1789683507132,1720,Get Booking IDs,200,OK,Thread Group 1-638,text,true,,62949,248,385,385,https://restful-booker.herokuapp.com/booking,323,0,0
1789683507455,1402,Get Booking IDs,200,OK,Thread Group 1-896,text,true,,63120,248,384,384,https://restful-booker.herokuapp.com/booking,481,0,0
1789683508739,133,UpdateBooking - PATCH,200,OK,Thread Group 1-884,text,true,,910,333,383,383,https://restful-booker.herokuapp.com/booking/4453,133,0,0
1789683508734,139,UpdateBooking - PUT,200,OK,Thread Group 1-977,text,true,,910,524,383,383,https://restful-booker.herokuapp.com/booking/4508,139,0,0
1789683508729,144,DeleteBooking,200,OK,Thread Group 1-751,text,true,,910,253,383,383,https://restful-booker.herokuapp.com/booking/4531,144,0,0
1789683508733,140,UpdateBooking - PATCH,200,OK,Thread Group 1-891,text,true,,910,333,383,383,https://restful-booker.herokuapp.com/booking/4471,140,0,0
1789683506182,2698,Get Booking IDs,200,OK,Thread Group 1-706,text,false,"The operation lasted too long: It took 2,698 milliseconds, but should not have lasted longer than 2,000 milliseconds.",62687,248,382,382,https://restful-booker.herokuapp.com/booking,200,0,0
1789683507971,928,Get Booking IDs,200,OK,Thread Group 1-841,text,true,,63192,248,381,381,https://restful-booker.herokuapp.com/booking,326,0,0
1789683507285,1615,Get Booking IDs,200,OK,Thread Group 1-811,text,true,,63044,248,380,380,https://restful-booker.herokuapp.com/booking,320,0,0
1789683508775,132,UpdateBooking - PATCH,200,OK,Thread Group 1-924,text,true,,910,333,380,380,https://restful-booker.herokuapp.com/booking/4454,132,0,0
1789683505847,3066,Get Booking IDs,200,OK,Thread Group 1-516,text,false,"The operation lasted too long: It took 3,066 milliseconds, but should not have lasted longer than 2,000 milliseconds.",62497,248,380,380,https://restful-booker.herokuapp.com/booking,443,0,0
1789683506437,2480,Get Booking IDs,200,OK,Thread Group 1-903,text,false,"The operation lasted too long: It took 2,480 milliseconds, but should not have lasted longer than 2,000 milliseconds.",62763,248,379,379,https://restful-booker.herokuapp.com/booking,510,0,0
1789683506177,2755,Get Booking IDs,200,OK,Thread Group 1-694,text,false,"The operation lasted too long: It took 2,755 milliseconds, but should not have lasted longer than 2,000 milliseconds.",62687,248,378,378,https://restful-booker.herokuapp.com/booking,192,0,0
1789683505224,3708,Get Booking IDs,200,OK,Thread Group 1-547,text,false,"The operation lasted too long: It took 3,708 milliseconds, but should not have lasted longer than 2,000 milliseconds.",61862,248,378,378,https://restful-booker.herokuapp.com/booking,502,0,0
1789683508783,152,Get Booking,200,OK,Thread Group 1-941,text,true,,911,253,376,376,https://restful-booker.herokuapp.com/booking/4593,152,0,0
1789683504911,4027,Get Booking IDs,200,OK,Thread Group 1-428,text,false,"The operation lasted too long: It took 4,027 milliseconds, but should not have lasted longer than 2,000 milliseconds.",61406,248,376,376,https://restful-booker.herokuapp.com/booking,416,0,0
1789683508805,133,DeleteBooking,200,OK,Thread Group 1-957,text,true,,910,253,376,376,https://restful-booker.herokuapp.com/booking/4483,133,0,0
1789683508791,149,UpdateBooking - PATCH,200,OK,Thread Group 1-584,text,true,,910,333,374,374,https://restful-booker.herokuapp.com/booking/4377,149,0,0
1789683508809,135,UpdateBooking - PUT,200,OK,Thread Group 1-651,text,true,,910,524,374,374,https://restful-booker.herokuapp.com/booking/4394,135,0,0
1789683506202,2754,Get Booking IDs,200,OK,Thread Group 1-400,text,false,"The operation lasted too long: It took 2,754 milliseconds, but should not have lasted longer than 2,000 milliseconds.",62706,248,374,374,https://restful-booker.herokuapp.com/booking,1690,0,0
1789683508841,134,UpdateBooking - PUT,200,OK,Thread Group 1-944,text,true,,910,524,373,373,https://restful-booker.herokuapp.com/booking/4451,134,0,0
1789683508854,143,UpdateBooking - PATCH,200,OK,Thread Group 1-484,text,true,,910,333,373,373,https://restful-booker.herokuapp.com/booking/4529,143,0,0
1789683507292,1717,Get Booking IDs,200,OK,Thread Group 1-988,text,true,,63044,248,373,373,https://restful-booker.herokuapp.com/booking,321,0,0
1789683508876,135,DeleteBooking,200,OK,Thread Group 1-857,text,true,,910,253,372,372,https://restful-booker.herokuapp.com/booking/4422,134,0,0
1789683508876,135,UpdateBooking - PUT,200,OK,Thread Group 1-971,text,true,,910,524,372,372,https://restful-booker.herokuapp.com/booking/4501,135,0,0
1789683505499,3525,Get Booking IDs,200,OK,Thread Group 1-890,text,false,"The operation lasted too long: It took 3,525 milliseconds, but should not have lasted longer than 2,000 milliseconds.",62128,248,371,371,https://restful-booker.herokuapp.com/booking,1611,0,0
1789683507703,1329,Get Booking IDs,200,OK,Thread Group 1-888,text,true,,63158,248,370,370,https://restful-booker.herokuapp.com/booking,616,0,0
1789683508911,132,UpdateBooking - PATCH,200,OK,Thread Group 1-704,text,true,,910,333,369,369,https://restful-booker.herokuapp.com/booking/4424,132,0,0
1789683508949,131,UpdateBooking - PATCH,200,OK,Thread Group 1-911,text,true,,910,333,369,369,https://restful-booker.herokuapp.com/booking/4525,131,0,0
1789683506539,2556,Get Booking IDs,200,OK,Thread Group 1-623,text,false,"The operation lasted too long: It took 2,556 milliseconds, but should not have lasted longer than 2,000 milliseconds.",62820,248,369,369,https://restful-booker.herokuapp.com/booking,1520,0,0
1789683508977,133,UpdateBooking - PUT,200,OK,Thread Group 1-811,text,true,,910,524,368,368,https://restful-booker.herokuapp.com/booking/4532,133,0,0
1789683506798,2317,Get Booking IDs,200,OK,Thread Group 1-844,text,false,"The operation lasted too long: It took 2,317 milliseconds, but should not have lasted longer than 2,000 milliseconds.",62854,248,368,368,https://restful-booker.herokuapp.com/booking,1024,0,0
1789683508998,136,UpdateBooking - PATCH,200,OK,Thread Group 1-611,text,true,,910,333,368,368,https://restful-booker.herokuapp.com/booking/4480,136,0,0
1789683506643,2492,Get Booking IDs,200,OK,Thread Group 1-481,text,false,"The operation lasted too long: It took 2,492 milliseconds, but should not have lasted longer than 2,000 milliseconds.",62858,248,368,368,https://restful-booker.herokuapp.com/booking,331,0,0
1789683505825,3310,Get Booking IDs,200,OK,Thread Group 1-597,text,false,"The operation lasted too long: It took 3,310 milliseconds, but should not have lasted longer than 2,000 milliseconds.",62478,248,368,368,https://restful-booker.herokuapp.com/booking,1722,0,0
1789683509017,134,UpdateBooking - PUT,200,OK,Thread Group 1-691,text,true,,910,524,367,367,https://restful-booker.herokuapp.com/booking/4518,134,0,0
1789683509026,134,UpdateBooking - PUT,200,OK,Thread Group 1-877,text,true,,910,524,367,367,https://restful-booker.herokuapp.com/booking/4542,134,0,0
1789683509029,133,UpdateBooking - PATCH,200,OK,Thread Group 1-817,text,true,,910,333,367,367,https://restful-booker.herokuapp.com/booking/4450,133,0,0
1789683509032,133,DeleteBooking,200,OK,Thread Group 1-884,text,true,,910,253,367,367,https://restful-booker.herokuapp.com/booking/4453,133,0,0
1789683509043,136,Get Booking,200,OK,Thread Group 1-810,text,true,,908,253,366,366,https://restful-booker.herokuapp.com/booking/4595,136,0,0
1789683509043,136,DeleteBooking,200,OK,Thread Group 1-557,text,true,,910,253,366,366,https://restful-booker.herokuapp.com/booking/4437,136,0,0
1789683507532,1685,Get Booking IDs,200,OK,Thread Group 1-526,text,true,,63139,248,365,365,https://restful-booker.herokuapp.com/booking,643,0,0
1789683507543,1689,Get Booking IDs,200,OK,Thread Group 1-814,text,true,,63139,248,364,364,https://restful-booker.herokuapp.com/booking,468,0,0
1789683509102,133,UpdateBooking - PATCH,200,OK,Thread Group 1-651,text,true,,910,333,363,363,https://restful-booker.herokuapp.com/booking/4394,133,0,0
1789683507371,1868,Get Booking IDs,200,OK,Thread Group 1-964,text,true,,63082,248,363,363,https://restful-booker.herokuapp.com/booking,369,0,0
1789683509109,133,DeleteBooking,200,OK,Thread Group 1-891,text,true,,910,253,363,363,https://restful-booker.herokuapp.com/booking/4471,133,0,0
1789683509117,133,DeleteBooking,200,OK,Thread Group 1-704,text,true,,910,253,362,362,https://restful-booker.herokuapp.com/booking/4424,133,0,0
1789683509127,134,DeleteBooking,200,OK,Thread Group 1-784,text,true,,910,253,361,361,https://restful-booker.herokuapp.com/booking/4421,134,0,0
1789683506609,2653,Get Booking IDs,200,OK,Thread Group 1-434,text,false,"The operation lasted too long: It took 2,653 milliseconds, but should not have lasted longer than 2,000 milliseconds.",62858,248,360,360,https://restful-booker.herokuapp.com/booking,665,0,0
1789683509129,138,UpdateBooking - PUT,200,OK,Thread Group 1-871,text,true,,910,524,359,359,https://restful-booker.herokuapp.com/booking/4509,138,0,0
1789683505593,3682,Get Booking IDs,200,OK,Thread Group 1-493,text,false,"The operation lasted too long: It took 3,682 milliseconds, but should not have lasted longer than 2,000 milliseconds.",62299,248,359,359,https://restful-booker.herokuapp.com/booking,529,0,0
1789683505676,3600,Get Booking IDs,200,OK,Thread Group 1-513,text,false,"The operation lasted too long: It took 3,600 milliseconds, but should not have lasted longer than 2,000 milliseconds.",62356,248,359,359,https://restful-booker.herokuapp.com/booking,927,0,0
1789683509156,132,UpdateBooking - PUT,200,OK,Thread Group 1-451,text,true,,910,524,357,357,https://restful-booker.herokuapp.com/booking/4418,132,0,0
1789683505807,3524,Get Booking IDs,200,OK,Thread Group 1-537,text,false,"The operation lasted too long: It took 3,524 milliseconds, but should not have lasted longer than 2,000 milliseconds.",62459,248,357,357,https://restful-booker.herokuapp.com/booking,1111,0,0
1789683505671,3666,Get Booking IDs,200,OK,Thread Group 1-727,text,false,"The operation lasted too long: It took 3,666 milliseconds, but should not have lasted longer than 2,000 milliseconds.",62356,248,357,357,https://restful-booker.herokuapp.com/booking,273,0,0
1789683507353,1991,Get Booking IDs,200,OK,Thread Group 1-518,text,true,,63063,248,356,356,https://restful-booker.herokuapp.com/booking,487,0,0
1789683509213,131,DeleteBooking,200,OK,Thread Group 1-937,text,true,,910,253,356,356,https://restful-booker.herokuapp.com/booking/4438,131,0,0
1789683509226,133,UpdateBooking - PATCH,200,OK,Thread Group 1-977,text,true,,910,333,354,354,https://restful-booker.herokuapp.com/booking/4508,133,0,0
1789683509222,142,UpdateBooking - PATCH,200,OK,Thread Group 1-731,text,true,,910,333,354,354,https://restful-booker.herokuapp.com/booking/4519,142,0,0
1789683506247,3117,Get Booking IDs,200,OK,Thread Group 1-677,text,false,"The operation lasted too long: It took 3,117 milliseconds, but should not have lasted longer than 2,000 milliseconds.",62744,248,354,354,https://restful-booker.herokuapp.com/booking,574,0,0
1789683509235,132,DeleteBooking,200,OK,Thread Group 1-584,text,true,,910,253,354,354,https://restful-booker.herokuapp.com/booking/4377,132,0,0
1789683506227,3148,Get Booking IDs,200,OK,Thread Group 1-921,text,false,"The operation lasted too long: It took 3,148 milliseconds, but should not have lasted longer than 2,000 milliseconds.",62744,248,353,353,https://restful-booker.herokuapp.com/booking,1122,0,0
1789683509244,136,DeleteBooking,200,OK,Thread Group 1-484,text,true,,910,253,352,352,https://restful-booker.herokuapp.com/booking/4529,136,0,0
1789683509261,132,DeleteBooking,200,OK,Thread Group 1-924,text,true,,910,253,351,351,https://restful-booker.herokuapp.com/booking/4454,132,0,0
1789683509299,133,UpdateBooking - PATCH,200,OK,Thread Group 1-944,text,true,,910,333,350,350,https://restful-booker.herokuapp.com/booking/4451,133,0,0
1789683506966,2470,Get Booking IDs,200,OK,Thread Group 1-837,text,false,"The operation lasted too long: It took 2,470 milliseconds, but should not have lasted longer than 2,000 milliseconds.",62911,248,350,350,https://restful-booker.herokuapp.com/booking,374,0,0
1789683507661,1803,Get Booking IDs,200,OK,Thread Group 1-734,text,true,,63158,248,350,350,https://restful-booker.herokuapp.com/booking,311,0,0
1789683507895,1583,Get Booking IDs,200,OK,Thread Group 1-876,text,true,,63192,248,349,349,https://restful-booker.herokuapp.com/booking,314,0,0
1789683507382,2110,Get Booking IDs,200,OK,Thread Group 1-670,text,false,"The operation lasted too long: It took 2,110 milliseconds, but should not have lasted longer than 2,000 milliseconds.",63082,248,348,348,https://restful-booker.herokuapp.com/booking,1037,0,0
1789683509357,141,UpdateBooking - PUT,200,OK,Thread Group 1-844,text,true,,910,524,347,347,https://restful-booker.herokuapp.com/booking/4544,141,0,0
1789683509380,132,UpdateBooking - PATCH,200,OK,Thread Group 1-971,text,true,,910,333,347,347,https://restful-booker.herokuapp.com/booking/4501,132,0,0
1789683508617,895,Get Booking IDs,200,OK,Thread Group 1-873,text,true,,63249,248,347,347,https://restful-booker.herokuapp.com/booking,154,0,0
1789683509403,133,UpdateBooking - PATCH,200,OK,Thread Group 1-811,text,true,,910,333,346,346,https://restful-booker.herokuapp.com/booking/4532,133,0,0
1789683508222,1331,Get Booking IDs,200,OK,Thread Group 1-656,text,true,,63192,248,346,346,https://restful-booker.herokuapp.com/booking,471,0,0
1789683507302,2267,Get Booking IDs,200,OK,Thread Group 1-951,text,false,"The operation lasted too long: It took 2,267 milliseconds, but should not have lasted longer than 2,000 milliseconds.",63044,248,345,345,https://restful-booker.herokuapp.com/booking,1164,0,0
1789683509453,133,DeleteBooking,200,OK,Thread Group 1-911,text,true,,910,253,345,345,https://restful-booker.herokuapp.com/booking/4525,133,0,0
1789683509456,132,DeleteBooking,200,OK,Thread Group 1-817,text,true,,910,253,344,344,https://restful-booker.herokuapp.com/booking/4450,132,0,0
1789683509508,133,UpdateBooking - PATCH,200,OK,Thread Group 1-691,text,true,,910,333,343,343,https://restful-booker.herokuapp.com/booking/4518,133,0,0
1789683508115,1539,Get Booking IDs,200,OK,Thread Group 1-930,text,true,,63192,248,343,343,https://restful-booker.herokuapp.com/booking,313,0,0
1789683509547,133,UpdateBooking - PUT,200,OK,Thread Group 1-597,text,true,,910,524,342,342,https://restful-booker.herokuapp.com/booking/4467,133,0,0
1789683509554,136,UpdateBooking - PATCH,200,OK,Thread Group 1-844,text,true,,910,333,342,342,https://restful-booker.herokuapp.com/booking/4544,136,0,0
1789683509593,135,UpdateBooking - PUT,200,OK,Thread Group 1-964,text,true,,910,524,342,342,https://restful-booker.herokuapp.com/booking/4549,135,0,0
1789683509626,135,DeleteBooking,200,OK,Thread Group 1-651,text,true,,910,253,342,342,https://restful-booker.herokuapp.com/booking/4394,135,0,0
1789683509611,155,UpdateBooking - PATCH,200,OK,Thread Group 1-877,text,true,,910,333,341,341,https://restful-booker.herokuapp.com/booking/4542,155,0,0
1789683509627,142,UpdateBooking - PATCH,200,OK,Thread Group 1-871,text,true,,910,333,341,341,https://restful-booker.herokuapp.com/booking/4509,142,0,0
1789683509214,557,Get Booking IDs,200,OK,Thread Group 1-941,text,true,,63325,248,341,341,https://restful-booker.herokuapp.com/booking,276,0,0
1789683509637,138,UpdateBooking - PATCH,200,OK,Thread Group 1-451,text,true,,910,333,340,340,https://restful-booker.herokuapp.com/booking/4418,138,0,0
1789683506314,3461,Get Booking IDs,200,OK,Thread Group 1-626,text,false,"The operation lasted too long: It took 3,461 milliseconds, but should not have lasted longer than 2,000 milliseconds.",62744,248,340,340,https://restful-booker.herokuapp.com/booking,583,0,0
1789683508252,1541,Get Booking IDs,200,OK,Thread Group 1-787,text,true,,63211,248,339,339,https://restful-booker.herokuapp.com/booking,609,0,0
1789683509665,136,UpdateBooking - PUT,200,OK,Thread Group 1-837,text,true,,910,524,338,338,https://restful-booker.herokuapp.com/booking/4563,136,0,0
1789683509679,130,UpdateBooking - PUT,200,OK,Thread Group 1-677,text,true,,910,524,338,338,https://restful-booker.herokuapp.com/booking/4528,130,0,0
1789683509680,134,DeleteBooking,200,OK,Thread Group 1-731,text,true,,910,253,338,338,https://restful-booker.herokuapp.com/booking/4519,134,0,0
1789683509694,134,DeleteBooking,200,OK,Thread Group 1-811,text,true,,910,253,337,337,https://restful-booker.herokuapp.com/booking/4532,134,0,0
1789683509701,130,DeleteBooking,200,OK,Thread Group 1-977,text,true,,910,253,336,336,https://restful-booker.herokuapp.com/booking/4508,130,0,0
1789683509722,132,DeleteBooking,200,OK,Thread Group 1-611,text,true,,910,253,335,335,https://restful-booker.herokuapp.com/booking/4480,132,0,0
1789683508094,1796,Get Booking IDs,200,OK,Thread Group 1-867,text,true,,63192,248,334,334,https://restful-booker.herokuapp.com/booking,668,0,0
1789683509759,135,DeleteBooking,200,OK,Thread Group 1-944,text,true,,918,253,333,333,https://restful-booker.herokuapp.com/booking/4451,135,0,0
1789683508010,1887,Get Booking IDs,200,OK,Thread Group 1-696,text,true,,63192,248,332,332,https://restful-booker.herokuapp.com/booking,372,0,0
1789683507498,2433,Get Booking IDs,200,OK,Thread Group 1-976,text,false,"The operation lasted too long: It took 2,433 milliseconds, but should not have lasted longer than 2,000 milliseconds.",63139,248,331,331,https://restful-booker.herokuapp.com/booking,518,0,0
1789683509844,134,UpdateBooking - PUT,200,OK,Thread Group 1-537,text,true,,918,524,330,330,https://restful-booker.herokuapp.com/booking/4496,134,0,0
1789683509861,131,UpdateBooking - PATCH,200,OK,Thread Group 1-677,text,true,,918,333,330,330,https://restful-booker.herokuapp.com/booking/4528,131,0,0
1789683509861,132,UpdateBooking - PUT,200,OK,Thread Group 1-951,text,true,,918,524,330,330,https://restful-booker.herokuapp.com/booking/4548,132,0,0
1789683509877,131,DeleteBooking,200,OK,Thread Group 1-971,text,true,,918,253,330,330,https://restful-booker.herokuapp.com/booking/4501,131,0,0
1789683509890,133,UpdateBooking - PATCH,200,OK,Thread Group 1-597,text,true,,918,333,329,329,https://restful-booker.herokuapp.com/booking/4467,133,0,0
1789683509925,133,DeleteBooking,200,OK,Thread Group 1-844,text,true,,918,253,329,329,https://restful-booker.herokuapp.com/booking/4544,133,0,0
1789683509950,136,DeleteBooking,200,OK,Thread Group 1-871,text,true,,918,253,328,328,https://restful-booker.herokuapp.com/booking/4509,136,0,0
1789683508497,1610,Get Booking IDs,200,OK,Thread Group 1-771,text,true,,63211,248,327,327,https://restful-booker.herokuapp.com/booking,285,0,0
1789683508607,1502,Get Booking IDs,200,OK,Thread Group 1-830,text,true,,63249,248,327,327,https://restful-booker.herokuapp.com/booking,298,0,0
1789683510021,135,DeleteBooking,200,OK,Thread Group 1-877,text,true,,918,253,326,326,https://restful-booker.herokuapp.com/booking/4542,135,0,0
1789683510145,131,DeleteBooking,200,OK,Thread Group 1-451,text,true,,918,253,325,325,https://restful-booker.herokuapp.com/booking/4418,131,0,0
1789683510181,133,DeleteBooking,200,OK,Thread Group 1-691,text,true,,918,253,324,324,https://restful-booker.herokuapp.com/booking/4518,133,0,0
1789683510207,133,UpdateBooking - PATCH,200,OK,Thread Group 1-964,text,true,,918,333,323,323,https://restful-booker.herokuapp.com/booking/4549,133,0,0
1789683510215,135,UpdateBooking - PATCH,200,OK,Thread Group 1-837,text,true,,918,333,323,323,https://restful-booker.herokuapp.com/booking/4563,135,0,0
1789683510278,133,DeleteBooking,200,OK,Thread Group 1-597,text,true,,918,253,323,323,https://restful-booker.herokuapp.com/booking/4467,133,0,0
1789683510294,133,UpdateBooking - PATCH,200,OK,Thread Group 1-537,text,true,,918,333,322,322,https://restful-booker.herokuapp.com/booking/4496,133,0,0
1789683510337,131,UpdateBooking - PUT,200,OK,Thread Group 1-771,text,true,,918,524,322,322,https://restful-booker.herokuapp.com/booking/4586,131,0,0
1789683510371,135,UpdateBooking - PATCH,200,OK,Thread Group 1-951,text,true,,918,333,322,322,https://restful-booker.herokuapp.com/booking/4548,135,0,0
1789683510396,131,DeleteBooking,200,OK,Thread Group 1-677,text,true,,918,253,322,322,https://restful-booker.herokuapp.com/booking/4528,131,0,0
1789683510527,139,DeleteBooking,200,OK,Thread Group 1-837,text,true,,918,253,321,321,https://restful-booker.herokuapp.com/booking/4563,139,0,0
1789683509299,1437,Get Booking IDs,200,OK,Thread Group 1-810,text,true,,63306,248,320,320,https://restful-booker.herokuapp.com/booking,260,0,0
1789683509087,1668,Get Booking IDs,200,OK,Thread Group 1-738,text,true,,63325,248,319,319,https://restful-booker.herokuapp.com/booking,416,0,0
1789683510724,133,DeleteBooking,200,OK,Thread Group 1-951,text,true,,918,253,318,318,https://restful-booker.herokuapp.com/booking/4548,133,0,0
1789683510740,132,DeleteBooking,200,OK,Thread Group 1-537,text,true,,914,253,317,317,https://restful-booker.herokuapp.com/booking/4496,132,0,0
1789683510742,132,DeleteBooking,200,OK,Thread Group 1-964,text,true,,914,253,316,316,https://restful-booker.herokuapp.com/booking/4549,132,0,0
1789683510871,131,UpdateBooking - PATCH,200,OK,Thread Group 1-771,text,true,,914,333,315,315,https://restful-booker.herokuapp.com/booking/4586,131,0,0
1789683511141,132,DeleteBooking,200,OK,Thread Group 1-771,text,true,,914,253,315,315,https://restful-booker.herokuapp.com/booking/4586,132,0,0
1789683498761,21678,Login,200,OK,Thread Group 1-5,text,false,"The operation lasted too long: It took 21,678 milliseconds, but should not have lasted longer than 2,000 milliseconds.",771,327,314,314,https://restful-booker.herokuapp.com/auth,21677,0,21548
1789683498858,21582,Login,200,OK,Thread Group 1-39,text,false,"The operation lasted too long: It took 21,582 milliseconds, but should not have lasted longer than 2,000 milliseconds.",770,325,314,314,https://restful-booker.herokuapp.com/auth,21582,0,21451
1789683498884,21571,Login,200,OK,Thread Group 1-23,text,false,"The operation lasted too long: It took 21,571 milliseconds, but should not have lasted longer than 2,000 milliseconds.",770,325,313,313,https://restful-booker.herokuapp.com/auth,21571,0,21440
1789683498840,21617,Login,200,OK,Thread Group 1-12,text,false,"The operation lasted too long: It took 21,617 milliseconds, but should not have lasted longer than 2,000 milliseconds.",770,325,313,313,https://restful-booker.herokuapp.com/auth,21617,0,21481
1789683498827,21630,Login,200,OK,Thread Group 1-2,text,false,"The operation lasted too long: It took 21,630 milliseconds, but should not have lasted longer than 2,000 milliseconds.",770,325,313,313,https://restful-booker.herokuapp.com/auth,21630,0,21496
1789683498965,21568,Login,200,OK,Thread Group 1-13,text,false,"The operation lasted too long: It took 21,568 milliseconds, but should not have lasted longer than 2,000 milliseconds.",770,325,312,312,https://restful-booker.herokuapp.com/auth,21568,0,21438
1789683498967,21568,Login,200,OK,Thread Group 1-28,text,false,"The operation lasted too long: It took 21,568 milliseconds, but should not have lasted longer than 2,000 milliseconds.",770,325,312,312,https://restful-booker.herokuapp.com/auth,21568,0,21438
1789683498969,21582,Login,200,OK,Thread Group 1-17,text,false,"The operation lasted too long: It took 21,582 milliseconds, but should not have lasted longer than 2,000 milliseconds.",770,325,312,312,https://restful-booker.herokuapp.com/auth,21582,0,21446
1789683499011,21561,Login,200,OK,Thread Group 1-18,text,false,"The operation lasted too long: It took 21,561 milliseconds, but should not have lasted longer than 2,000 milliseconds.",770,325,312,312,https://restful-booker.herokuapp.com/auth,21561,0,21426
1789683499025,21561,Login,200,OK,Thread Group 1-30,text,false,"The operation lasted too long: It took 21,561 milliseconds, but should not have lasted longer than 2,000 milliseconds.",771,327,312,312,https://restful-booker.herokuapp.com/auth,21561,0,21429
1789683499027,21575,Login,200,OK,Thread Group 1-6,text,false,"The operation lasted too long: It took 21,575 milliseconds, but should not have lasted longer than 2,000 milliseconds.",771,327,312,312,https://restful-booker.herokuapp.com/auth,21575,0,21439
1789683499042,21561,Login,200,OK,Thread Group 1-34,text,false,"The operation lasted too long: It took 21,561 milliseconds, but should not have lasted longer than 2,000 milliseconds.",770,325,312,312,https://restful-booker.herokuapp.com/auth,21561,0,21427
1789683499042,21564,Login,200,OK,Thread Group 1-37,text,false,"The operation lasted too long: It took 21,564 milliseconds, but should not have lasted longer than 2,000 milliseconds.",770,325,312,312,https://restful-booker.herokuapp.com/auth,21564,0,21431
1789683499111,21568,Login,200,OK,Thread Group 1-51,text,false,"The operation lasted too long: It took 21,568 milliseconds, but should not have lasted longer than 2,000 milliseconds.",770,325,312,312,https://restful-booker.herokuapp.com/auth,21568,0,21436
1789683499098,21585,Login,200,OK,Thread Group 1-40,text,false,"The operation lasted too long: It took 21,585 milliseconds, but should not have lasted longer than 2,000 milliseconds.",771,327,312,312,https://restful-booker.herokuapp.com/auth,21585,0,21451
1789683499140,21572,Login,200,OK,Thread Group 1-56,text,false,"The operation lasted too long: It took 21,572 milliseconds, but should not have lasted longer than 2,000 milliseconds.",770,325,312,312,https://restful-booker.herokuapp.com/auth,21572,0,21439
1789683499143,21585,Login,200,OK,Thread Group 1-35,text,false,"The operation lasted too long: It took 21,585 milliseconds, but should not have lasted longer than 2,000 milliseconds.",771,327,312,312,https://restful-booker.herokuapp.com/auth,21585,0,21453
1789683499143,21587,Login,200,OK,Thread Group 1-55,text,false,"The operation lasted too long: It took 21,587 milliseconds, but should not have lasted longer than 2,000 milliseconds.",771,327,311,311,https://restful-booker.herokuapp.com/auth,21587,0,21454
1789683499181,21554,Login,200,OK,Thread Group 1-64,text,false,"The operation lasted too long: It took 21,554 milliseconds, but should not have lasted longer than 2,000 milliseconds.",770,325,310,310,https://restful-booker.herokuapp.com/auth,21554,0,21425
1789683499180,21580,Login,200,OK,Thread Group 1-65,text,false,"The operation lasted too long: It took 21,580 milliseconds, but should not have lasted longer than 2,000 milliseconds.",771,327,310,310,https://restful-booker.herokuapp.com/auth,21580,0,21442
1789683499192,21570,Login,200,OK,Thread Group 1-68,text,false,"The operation lasted too long: It took 21,570 milliseconds, but should not have lasted longer than 2,000 milliseconds.",770,325,309,309,https://restful-booker.herokuapp.com/auth,21570,0,21437
1789683520639,131,CreateBooking,200,OK,Thread Group 1-23,text,true,,943,520,309,309,https://restful-booker.herokuapp.com/booking,131,0,0
1789683520671,129,CreateBooking,200,OK,Thread Group 1-5,text,true,,944,521,309,309,https://restful-booker.herokuapp.com/booking,129,0,0
1789683499208,21596,Login,200,OK,Thread Group 1-44,text,false,"The operation lasted too long: It took 21,596 milliseconds, but should not have lasted longer than 2,000 milliseconds.",770,325,309,309,https://restful-booker.herokuapp.com/auth,21596,0,21461
1789683499246,21574,Login,200,OK,Thread Group 1-43,text,false,"The operation lasted too long: It took 21,574 milliseconds, but should not have lasted longer than 2,000 milliseconds.",770,325,309,309,https://restful-booker.herokuapp.com/auth,21574,0,21442
1789683499254,21573,Login,200,OK,Thread Group 1-54,text,false,"The operation lasted too long: It took 21,573 milliseconds, but should not have lasted longer than 2,000 milliseconds.",770,325,309,309,https://restful-booker.herokuapp.com/auth,21573,0,21439
1789683520711,131,CreateBooking,200,OK,Thread Group 1-28,text,true,,941,518,309,309,https://restful-booker.herokuapp.com/booking,131,0,0
1789683499286,21557,Login,200,OK,Thread Group 1-67,text,false,"The operation lasted too long: It took 21,557 milliseconds, but should not have lasted longer than 2,000 milliseconds.",770,325,309,309,https://restful-booker.herokuapp.com/auth,21557,0,21428
1789683499255,21598,Login,200,OK,Thread Group 1-77,text,false,"The operation lasted too long: It took 21,598 milliseconds, but should not have lasted longer than 2,000 milliseconds.",770,325,309,309,https://restful-booker.herokuapp.com/auth,21598,0,21462
1789683520723,131,CreateBooking,200,OK,Thread Group 1-18,text,true,,943,520,309,309,https://restful-booker.herokuapp.com/booking,131,0,0
1789683520751,134,CreateBooking,200,OK,Thread Group 1-34,text,true,,941,518,309,309,https://restful-booker.herokuapp.com/booking,134,0,0
1789683499301,21592,Login,200,OK,Thread Group 1-89,text,false,"The operation lasted too long: It took 21,592 milliseconds, but should not have lasted longer than 2,000 milliseconds.",770,325,309,309,https://restful-booker.herokuapp.com/auth,21592,0,21459
1789683520810,137,CreateBooking,200,OK,Thread Group 1-17,text,true,,944,521,308,308,https://restful-booker.herokuapp.com/booking,137,0,0
1789683499362,21585,Login,200,OK,Thread Group 1-72,text,false,"The operation lasted too long: It took 21,585 milliseconds, but should not have lasted longer than 2,000 milliseconds.",770,325,308,308,https://restful-booker.herokuapp.com/auth,21585,0,21451
1789683499360,21588,Login,200,OK,Thread Group 1-98,text,false,"The operation lasted too long: It took 21,588 milliseconds, but should not have lasted longer than 2,000 milliseconds.",770,325,307,307,https://restful-booker.herokuapp.com/auth,21588,0,21455
1789683499360,21592,Login,200,OK,Thread Group 1-94,text,false,"The operation lasted too long: It took 21,592 milliseconds, but should not have lasted longer than 2,000 milliseconds.",770,325,307,307,https://restful-booker.herokuapp.com/auth,21592,0,21459
1789683520831,134,CreateBooking,200,OK,Thread Group 1-2,text,true,,945,522,307,307,https://restful-booker.herokuapp.com/booking,134,0,0
1789683520849,130,CreateBooking,200,OK,Thread Group 1-64,text,true,,941,518,307,307,https://restful-booker.herokuapp.com/booking,130,0,0
1789683520868,135,CreateBooking,200,OK,Thread Group 1-6,text,true,,944,521,307,307,https://restful-booker.herokuapp.com/booking,135,0,0
1789683499430,21581,Login,200,OK,Thread Group 1-90,text,false,"The operation lasted too long: It took 21,581 milliseconds, but should not have lasted longer than 2,000 milliseconds.",771,327,307,307,https://restful-booker.herokuapp.com/auth,21581,0,21449
1789683520909,129,CreateBooking,200,OK,Thread Group 1-13,text,true,,944,521,307,307,https://restful-booker.herokuapp.com/booking,129,0,0
1789683499466,21592,Login,200,OK,Thread Group 1-96,text,false,"The operation lasted too long: It took 21,592 milliseconds, but should not have lasted longer than 2,000 milliseconds.",770,325,307,307,https://restful-booker.herokuapp.com/auth,21592,0,21459
1789683520946,132,CreateBooking,200,OK,Thread Group 1-40,text,true,,945,522,307,307,https://restful-booker.herokuapp.com/booking,132,0,0
1789683499512,21572,Login,200,OK,Thread Group 1-102,text,false,"The operation lasted too long: It took 21,572 milliseconds, but should not have lasted longer than 2,000 milliseconds.",770,325,307,307,https://restful-booker.herokuapp.com/auth,21572,0,21440
1789683499521,21578,Login,200,OK,Thread Group 1-100,text,false,"The operation lasted too long: It took 21,578 milliseconds, but should not have lasted longer than 2,000 milliseconds.",771,327,306,306,https://restful-booker.herokuapp.com/auth,21578,0,21443
1789683499555,21574,Login,200,OK,Thread Group 1-112,text,false,"The operation lasted too long: It took 21,574 milliseconds, but should not have lasted longer than 2,000 milliseconds.",770,325,306,306,https://restful-booker.herokuapp.com/auth,21574,0,21443
1789683521000,132,CreateBooking,200,OK,Thread Group 1-37,text,true,,944,521,305,305,https://restful-booker.herokuapp.com/booking,132,0,0
1789683521001,131,CreateBooking,200,OK,Thread Group 1-51,text,true,,943,520,305,305,https://restful-booker.herokuapp.com/booking,131,0,0
1789683499562,21573,Login,200,OK,Thread Group 1-82,text,false,"The operation lasted too long: It took 21,573 milliseconds, but should not have lasted longer than 2,000 milliseconds.",770,325,305,305,https://restful-booker.herokuapp.com/auth,21573,0,21442
1789683521005,130,CreateBooking,200,OK,Thread Group 1-30,text,true,,945,522,305,305,https://restful-booker.herokuapp.com/booking,130,0,0
1789683499610,21563,Login,200,OK,Thread Group 1-130,text,false,"The operation lasted too long: It took 21,563 milliseconds, but should not have lasted longer than 2,000 milliseconds.",771,327,304,304,https://restful-booker.herokuapp.com/auth,21563,0,21432
1789683499604,21573,Login,200,OK,Thread Group 1-136,text,false,"The operation lasted too long: It took 21,573 milliseconds, but should not have lasted longer than 2,000 milliseconds.",770,325,304,304,https://restful-booker.herokuapp.com/auth,21573,0,21438
1789683499608,21573,Login,200,OK,Thread Group 1-83,text,false,"The operation lasted too long: It took 21,573 milliseconds, but should not have lasted longer than 2,000 milliseconds.",770,325,304,304,https://restful-booker.herokuapp.com/auth,21573,0,21438
1789683521067,131,Get Booking,200,OK,Thread Group 1-18,text,true,,914,253,304,304,https://restful-booker.herokuapp.com/booking/4703,131,0,0
1789683521069,131,Get Booking,200,OK,Thread Group 1-23,text,true,,914,253,304,304,https://restful-booker.herokuapp.com/booking/4700,131,0,0
1789683521073,134,CreateBooking,200,OK,Thread Group 1-54,text,true,,944,521,304,304,https://restful-booker.herokuapp.com/booking,134,0,0
1789683521086,132,CreateBooking,200,OK,Thread Group 1-94,text,true,,945,522,304,304,https://restful-booker.herokuapp.com/booking,132,0,0
1789683499675,21565,Login,200,OK,Thread Group 1-120,text,false,"The operation lasted too long: It took 21,565 milliseconds, but should not have lasted longer than 2,000 milliseconds.",771,327,304,304,https://restful-booker.herokuapp.com/auth,21565,0,21430
1789683521115,131,CreateBooking,200,OK,Thread Group 1-67,text,true,,941,518,304,304,https://restful-booker.herokuapp.com/booking,131,0,0
1789683499674,21575,Login,200,OK,Thread Group 1-122,text,false,"The operation lasted too long: It took 21,575 milliseconds, but should not have lasted longer than 2,000 milliseconds.",770,325,304,304,https://restful-booker.herokuapp.com/auth,21575,0,21440
1789683521130,133,CreateBooking,200,OK,Thread Group 1-98,text,true,,943,520,303,303,https://restful-booker.herokuapp.com/booking,133,0,0
1789683521144,131,CreateBooking,200,OK,Thread Group 1-68,text,true,,944,521,303,303,https://restful-booker.herokuapp.com/booking,131,0,0
1789683521151,131,Get Booking,200,OK,Thread Group 1-34,text,true,,912,253,303,303,https://restful-booker.herokuapp.com/booking/4704,131,0,0
1789683499717,21566,Login,200,OK,Thread Group 1-105,text,false,"The operation lasted too long: It took 21,566 milliseconds, but should not have lasted longer than 2,000 milliseconds.",771,327,303,303,https://restful-booker.herokuapp.com/auth,21566,0,21435
1789683521156,135,Get Booking,200,OK,Thread Group 1-6,text,true,,915,253,302,302,https://restful-booker.herokuapp.com/booking/4710,135,0,0
1789683499722,21570,Login,200,OK,Thread Group 1-118,text,false,"The operation lasted too long: It took 21,570 milliseconds, but should not have lasted longer than 2,000 milliseconds.",770,325,302,302,https://restful-booker.herokuapp.com/auth,21570,0,21437
1789683499731,21564,Login,200,OK,Thread Group 1-109,text,false,"The operation lasted too long: It took 21,564 milliseconds, but should not have lasted longer than 2,000 milliseconds.",770,325,301,301,https://restful-booker.herokuapp.com/auth,21564,0,21434
1789683521168,131,Get Booking,200,OK,Thread Group 1-28,text,true,,912,253,300,300,https://restful-booker.herokuapp.com/booking/4702,131,0,0
1789683499731,21570,Login,200,OK,Thread Group 1-121,text,false,"The operation lasted too long: It took 21,570 milliseconds, but should not have lasted longer than 2,000 milliseconds.",770,325,300,300,https://restful-booker.herokuapp.com/auth,21570,0,21438
1789683499737,21569,Login,200,OK,Thread Group 1-131,text,false,"The operation lasted too long: It took 21,569 milliseconds, but should not have lasted longer than 2,000 milliseconds.",770,325,300,300,https://restful-booker.herokuapp.com/auth,21569,0,21436
1789683521185,135,CreateBooking,200,OK,Thread Group 1-44,text,true,,943,520,300,300,https://restful-booker.herokuapp.com/booking,135,0,0
1789683499785,21560,Login,200,OK,Thread Group 1-125,text,false,"The operation lasted too long: It took 21,560 milliseconds, but should not have lasted longer than 2,000 milliseconds.",771,327,300,300,https://restful-booker.herokuapp.com/auth,21560,0,21428
1789683521258,131,CreateBooking,200,OK,Thread Group 1-43,text,true,,945,522,299,299,https://restful-booker.herokuapp.com/booking,131,0,0
1789683521273,131,Get Booking,200,OK,Thread Group 1-5,text,true,,915,253,299,299,https://restful-booker.herokuapp.com/booking/4701,131,0,0
1789683521275,131,CreateBooking,200,OK,Thread Group 1-56,text,true,,944,521,299,299,https://restful-booker.herokuapp.com/booking,131,0,0
1789683521280,134,Get Booking,200,OK,Thread Group 1-17,text,true,,915,253,299,299,https://restful-booker.herokuapp.com/booking/4705,134,0,0
1789683521322,132,CreateBooking,200,OK,Thread Group 1-90,text,true,,944,521,299,299,https://restful-booker.herokuapp.com/booking,132,0,0
1789683521329,135,Get Booking,200,OK,Thread Group 1-2,text,true,,916,253,299,299,https://restful-booker.herokuapp.com/booking/4707,135,0,0
1789683499887,21578,Login,200,OK,Thread Group 1-155,text,false,"The operation lasted too long: It took 21,578 milliseconds, but should not have lasted longer than 2,000 milliseconds.",771,327,299,299,https://restful-booker.herokuapp.com/auth,21578,0,21443
1789683521338,135,CreateBooking,200,OK,Thread Group 1-77,text,true,,944,521,298,298,https://restful-booker.herokuapp.com/booking,135,0,0
1789683521348,131,Get Booking,200,OK,Thread Group 1-30,text,true,,916,253,298,298,https://restful-booker.herokuapp.com/booking/4715,131,0,0
1789683521365,129,Get Booking,200,OK,Thread Group 1-64,text,true,,912,253,298,298,https://restful-booker.herokuapp.com/booking/4708,129,0,0
1789683499925,21586,Login,200,OK,Thread Group 1-153,text,false,"The operation lasted too long: It took 21,586 milliseconds, but should not have lasted longer than 2,000 milliseconds.",770,325,298,298,https://restful-booker.herokuapp.com/auth,21586,0,21456
1789683499957,21564,Login,200,OK,Thread Group 1-174,text,false,"The operation lasted too long: It took 21,564 milliseconds, but should not have lasted longer than 2,000 milliseconds.",770,325,298,298,https://restful-booker.herokuapp.com/auth,21564,0,21431
1789683521401,131,Get Booking,200,OK,Thread Group 1-40,text,true,,916,253,298,298,https://restful-booker.herokuapp.com/booking/4712,131,0,0
1789683521405,130,Get Booking,200,OK,Thread Group 1-51,text,true,,914,253,298,298,https://restful-booker.herokuapp.com/booking/4714,130,0,0
1789683521419,134,CreateBooking,200,OK,Thread Group 1-131,text,true,,943,520,298,298,https://restful-booker.herokuapp.com/booking,134,0,0
1789683521423,130,CreateBooking,200,OK,Thread Group 1-130,text,true,,943,520,298,298,https://restful-booker.herokuapp.com/booking,130,0,0
1789683521426,135,CreateBooking,200,OK,Thread Group 1-100,text,true,,944,521,298,298,https://restful-booker.herokuapp.com/booking,134,0,0
1789683521431,131,Get Booking,200,OK,Thread Group 1-13,text,true,,915,253,298,298,https://restful-booker.herokuapp.com/booking/4711,131,0,0
1789683521429,134,Get Booking,200,OK,Thread Group 1-54,text,true,,915,253,298,298,https://restful-booker.herokuapp.com/booking/4716,134,0,0
1789683521431,139,Get Booking,200,OK,Thread Group 1-37,text,true,,915,253,298,298,https://restful-booker.herokuapp.com/booking/4713,139,0,0
1789683500005,21565,Login,200,OK,Thread Group 1-185,text,false,"The operation lasted too long: It took 21,565 milliseconds, but should not have lasted longer than 2,000 milliseconds.",771,327,298,298,https://restful-booker.herokuapp.com/auth,21565,0,21433
1789683500029,21556,Login,200,OK,Thread Group 1-176,text,false,"The operation lasted too long: It took 21,556 milliseconds, but should not have lasted longer than 2,000 milliseconds.",770,325,297,297,https://restful-booker.herokuapp.com/auth,21556,0,21424
1789683500052,21555,Login,200,OK,Thread Group 1-166,text,false,"The operation lasted too long: It took 21,555 milliseconds, but should not have lasted longer than 2,000 milliseconds.",770,325,297,297,https://restful-booker.herokuapp.com/auth,21555,0,21421
1789683500066,21573,Login,200,OK,Thread Group 1-168,text,false,"The operation lasted too long: It took 21,573 milliseconds, but should not have lasted longer than 2,000 milliseconds.",770,325,297,297,https://restful-booker.herokuapp.com/auth,21573,0,21443
1789683521521,133,CreateBooking,200,OK,Thread Group 1-120,text,true,,941,518,297,297,https://restful-booker.herokuapp.com/booking,133,0,0
1789683521522,132,CreateBooking,200,OK,Thread Group 1-96,text,true,,941,518,297,297,https://restful-booker.herokuapp.com/booking,132,0,0
1789683500082,21584,Login,200,OK,Thread Group 1-171,text,false,"The operation lasted too long: It took 21,584 milliseconds, but should not have lasted longer than 2,000 milliseconds.",770,325,297,297,https://restful-booker.herokuapp.com/auth,21584,0,21452
1789683521533,134,CreateBooking,200,OK,Thread Group 1-83,text,true,,944,521,297,297,https://restful-booker.herokuapp.com/booking,134,0,0
1789683521536,132,Get Booking,200,OK,Thread Group 1-94,text,true,,916,253,297,297,https://restful-booker.herokuapp.com/booking/4717,132,0,0
1789683500109,21566,Login,200,OK,Thread Group 1-172,text,false,"The operation lasted too long: It took 21,566 milliseconds, but should not have lasted longer than 2,000 milliseconds.",770,325,297,297,https://restful-booker.herokuapp.com/auth,21566,0,21435
1789683521542,133,CreateBooking,200,OK,Thread Group 1-121,text,true,,944,521,297,297,https://restful-booker.herokuapp.com/booking,133,0,0
1789683521562,132,Get Booking,200,OK,Thread Group 1-68,text,true,,915,253,296,296,https://restful-booker.herokuapp.com/booking/4720,132,0,0
1789683521568,133,Get Booking,200,OK,Thread Group 1-98,text,true,,914,253,296,296,https://restful-booker.herokuapp.com/booking/4719,132,0,0
1789683521587,137,Get Booking,200,OK,Thread Group 1-44,text,true,,914,253,296,296,https://restful-booker.herokuapp.com/booking/4723,137,0,0
1789683521587,137,Get Booking,200,OK,Thread Group 1-56,text,true,,915,253,296,296,https://restful-booker.herokuapp.com/booking/4725,137,0,0
1789683521332,401,Get Booking IDs,200,OK,Thread Group 1-34,text,true,,65115,248,296,296,https://restful-booker.herokuapp.com/booking,133,0,0
1789683521611,134,Get Booking,200,OK,Thread Group 1-67,text,true,,912,253,295,295,https://restful-booker.herokuapp.com/booking/4718,134,0,0
1789683500185,21564,Login,200,OK,Thread Group 1-213,text,false,"The operation lasted too long: It took 21,564 milliseconds, but should not have lasted longer than 2,000 milliseconds.",770,325,295,295,https://restful-booker.herokuapp.com/auth,21564,0,21435
1789683500179,21590,Login,200,OK,Thread Group 1-180,text,false,"The operation lasted too long: It took 21,590 milliseconds, but should not have lasted longer than 2,000 milliseconds.",771,327,295,295,https://restful-booker.herokuapp.com/auth,21590,0,21456
1789683521644,137,CreateBooking,200,OK,Thread Group 1-136,text,true,,945,522,295,295,https://restful-booker.herokuapp.com/booking,137,0,0
1789683500228,21565,Login,200,OK,Thread Group 1-214,text,false,"The operation lasted too long: It took 21,565 milliseconds, but should not have lasted longer than 2,000 milliseconds.",770,325,295,295,https://restful-booker.herokuapp.com/auth,21565,0,21433
1789683521681,133,Get Booking,200,OK,Thread Group 1-131,text,true,,914,253,295,295,https://restful-booker.herokuapp.com/booking/4730,133,0,0
1789683521684,131,Get Booking,200,OK,Thread Group 1-43,text,true,,916,253,295,295,https://restful-booker.herokuapp.com/booking/4724,131,0,0
1789683500249,21566,Login,200,OK,Thread Group 1-190,text,false,"The operation lasted too long: It took 21,566 milliseconds, but should not have lasted longer than 2,000 milliseconds.",771,327,295,295,https://restful-booker.herokuapp.com/auth,21566,0,21436
1789683521694,136,Get Booking,200,OK,Thread Group 1-90,text,true,,915,253,295,295,https://restful-booker.herokuapp.com/booking/4727,136,0,0
1789683521431,403,Get Booking IDs,200,OK,Thread Group 1-18,text,true,,65210,248,295,295,https://restful-booker.herokuapp.com/booking,262,0,0
1789683500252,21585,Login,200,OK,Thread Group 1-208,text,false,"The operation lasted too long: It took 21,585 milliseconds, but should not have lasted longer than 2,000 milliseconds.",770,325,294,294,https://restful-booker.herokuapp.com/auth,21585,0,21451
1789683500252,21585,Login,200,OK,Thread Group 1-203,text,false,"The operation lasted too long: It took 21,585 milliseconds, but should not have lasted longer than 2,000 milliseconds.",770,325,294,294,https://restful-booker.herokuapp.com/auth,21585,0,21450
1789683521710,143,Get Booking,200,OK,Thread Group 1-77,text,true,,915,253,294,294,https://restful-booker.herokuapp.com/booking/4728,142,0,0
1789683521450,402,Get Booking IDs,200,OK,Thread Group 1-23,text,true,,65210,248,294,294,https://restful-booker.herokuapp.com/booking,262,0,0
1789683500260,21601,Login,200,OK,Thread Group 1-210,text,false,"The operation lasted too long: It took 21,601 milliseconds, but should not have lasted longer than 2,000 milliseconds.",771,327,293,293,https://restful-booker.herokuapp.com/auth,21601,0,21465
1789683521492,422,Get Booking IDs,200,OK,Thread Group 1-6,text,true,,65229,248,293,293,https://restful-booker.herokuapp.com/booking,281,0,0
1789683521791,131,Get Booking,200,OK,Thread Group 1-130,text,true,,914,253,292,292,https://restful-booker.herokuapp.com/booking/4731,131,0,0
1789683500355,21567,Login,200,OK,Thread Group 1-197,text,false,"The operation lasted too long: It took 21,567 milliseconds, but should not have lasted longer than 2,000 milliseconds.",770,325,292,292,https://restful-booker.herokuapp.com/auth,21567,0,21436
1789683521796,133,CreateBooking,200,OK,Thread Group 1-174,text,true,,944,521,292,292,https://restful-booker.herokuapp.com/booking,133,0,0
1789683500377,21561,Login,200,OK,Thread Group 1-223,text,false,"The operation lasted too long: It took 21,561 milliseconds, but should not have lasted longer than 2,000 milliseconds.",770,325,292,292,https://restful-booker.herokuapp.com/auth,21561,0,21431
1789683500350,21589,Login,200,OK,Thread Group 1-202,text,false,"The operation lasted too long: It took 21,589 milliseconds, but should not have lasted longer than 2,000 milliseconds.",770,325,292,292,https://restful-booker.herokuapp.com/auth,21589,0,21453
1789683500353,21592,Login,200,OK,Thread Group 1-237,text,false,"The operation lasted too long: It took 21,592 milliseconds, but should not have lasted longer than 2,000 milliseconds.",770,325,291,291,https://restful-booker.herokuapp.com/auth,21592,0,21461
1789683521819,130,CreateBooking,200,OK,Thread Group 1-153,text,true,,945,522,291,291,https://restful-booker.herokuapp.com/booking,130,0,0
1789683521821,131,CreateBooking,200,OK,Thread Group 1-171,text,true,,945,522,291,291,https://restful-booker.herokuapp.com/booking,131,0,0
1789683521833,135,Get Booking,200,OK,Thread Group 1-136,text,true,,916,253,291,291,https://restful-booker.herokuapp.com/booking/4739,135,0,0
1789683521853,133,CreateBooking,200,OK,Thread Group 1-166,text,true,,944,521,291,291,https://restful-booker.herokuapp.com/booking,133,0,0
1789683521579,411,Get Booking IDs,200,OK,Thread Group 1-28,text,true,,65324,248,291,291,https://restful-booker.herokuapp.com/booking,263,0,0
1789683521607,399,Get Booking IDs,200,OK,Thread Group 1-5,text,true,,65305,248,290,290,https://restful-booker.herokuapp.com/booking,263,0,0
1789683500430,21576,Login,200,OK,Thread Group 1-226,text,false,"The operation lasted too long: It took 21,576 milliseconds, but should not have lasted longer than 2,000 milliseconds.",770,325,290,290,https://restful-booker.herokuapp.com/auth,21576,0,21443
1789683500422,21584,Login,200,OK,Thread Group 1-249,text,false,"The operation lasted too long: It took 21,584 milliseconds, but should not have lasted longer than 2,000 milliseconds.",770,325,289,289,https://restful-booker.herokuapp.com/auth,21584,0,21452
1789683521889,133,CreateBooking,200,OK,Thread Group 1-176,text,true,,941,518,288,288,https://restful-booker.herokuapp.com/booking,133,0,0
1789683500425,21597,Login,200,OK,Thread Group 1-222,text,false,"The operation lasted too long: It took 21,597 milliseconds, but should not have lasted longer than 2,000 milliseconds.",770,325,288,288,https://restful-booker.herokuapp.com/auth,21597,0,21460
1789683500454,21576,Login,200,OK,Thread Group 1-233,text,false,"The operation lasted too long: It took 21,576 milliseconds, but should not have lasted longer than 2,000 milliseconds.",770,325,287,287,https://restful-booker.herokuapp.com/auth,21576,0,21442
1789683500456,21583,Login,200,OK,Thread Group 1-227,text,false,"The operation lasted too long: It took 21,583 milliseconds, but should not have lasted longer than 2,000 milliseconds.",770,325,287,287,https://restful-booker.herokuapp.com/auth,21583,0,21450
1789683500481,21573,Login,200,OK,Thread Group 1-230,text,false,"The operation lasted too long: It took 21,573 milliseconds, but should not have lasted longer than 2,000 milliseconds.",771,327,287,287,https://restful-booker.herokuapp.com/auth,21572,0,21439
1789683500488,21588,Login,200,OK,Thread Group 1-219,text,false,"The operation lasted too long: It took 21,588 milliseconds, but should not have lasted longer than 2,000 milliseconds.",770,325,287,287,https://restful-booker.herokuapp.com/auth,21588,0,21452
1789683500518,21584,Login,200,OK,Thread Group 1-240,text,false,"The operation lasted too long: It took 21,584 milliseconds, but should not have lasted longer than 2,000 milliseconds.",771,327,286,286,https://restful-booker.herokuapp.com/auth,21584,0,21451
1789683521973,131,CreateBooking,200,OK,Thread Group 1-168,text,true,,943,520,286,286,https://restful-booker.herokuapp.com/booking,131,0,0
1789683500517,21592,Login,200,OK,Thread Group 1-252,text,false,"The operation lasted too long: It took 21,592 milliseconds, but should not have lasted longer than 2,000 milliseconds.",770,325,286,286,https://restful-booker.herokuapp.com/auth,21592,0,21454
1789683521711,408,Get Booking IDs,200,OK,Thread Group 1-30,text,true,,65305,248,285,285,https://restful-booker.herokuapp.com/booking,269,0,0
1789683500538,21585,Login,200,OK,Thread Group 1-192,text,false,"The operation lasted too long: It took 21,585 milliseconds, but should not have lasted longer than 2,000 milliseconds.",770,325,284,284,https://restful-booker.herokuapp.com/auth,21585,0,21454
1789683500543,21585,Login,200,OK,Thread Group 1-259,text,false,"The operation lasted too long: It took 21,585 milliseconds, but should not have lasted longer than 2,000 milliseconds.",770,325,283,283,https://restful-booker.herokuapp.com/auth,21585,0,21451
1789683500561,21569,Login,200,OK,Thread Group 1-267,text,false,"The operation lasted too long: It took 21,569 milliseconds, but should not have lasted longer than 2,000 milliseconds.",770,325,282,282,https://restful-booker.herokuapp.com/auth,21569,0,21438
1789683521998,133,CreateBooking,200,OK,Thread Group 1-180,text,true,,941,518,282,282,https://restful-booker.herokuapp.com/booking,133,0,0
1789683500560,21575,Login,200,OK,Thread Group 1-251,text,false,"The operation lasted too long: It took 21,575 milliseconds, but should not have lasted longer than 2,000 milliseconds.",770,325,282,282,https://restful-booker.herokuapp.com/auth,21575,0,21443
1789683522011,135,Get Booking,200,OK,Thread Group 1-100,text,true,,915,253,282,282,https://restful-booker.herokuapp.com/booking/4732,135,0,0
1789683522018,129,CreateBooking,200,OK,Thread Group 1-213,text,true,,944,521,282,282,https://restful-booker.herokuapp.com/booking,129,0,0
1789683521755,411,Get Booking IDs,200,OK,Thread Group 1-2,text,true,,65305,248,282,282,https://restful-booker.herokuapp.com/booking,138,0,0
1789683500624,21561,Login,200,OK,Thread Group 1-277,text,false,"The operation lasted too long: It took 21,561 milliseconds, but should not have lasted longer than 2,000 milliseconds.",770,325,282,282,https://restful-booker.herokuapp.com/auth,21561,0,21430
1789683522055,151,CreateBooking,200,OK,Thread Group 1-210,text,true,,941,518,282,282,https://restful-booker.herokuapp.com/booking,151,0,0
1789683522064,143,Get Booking,200,OK,Thread Group 1-83,text,true,,915,253,282,282,https://restful-booker.herokuapp.com/booking/4736,143,0,0
1789683521801,419,Get Booking IDs,200,OK,Thread Group 1-54,text,true,,65324,248,282,282,https://restful-booker.herokuapp.com/booking,266,0,0
1789683521829,396,Get Booking IDs,200,OK,Thread Group 1-64,text,true,,65362,248,281,281,https://restful-booker.herokuapp.com/booking,259,0,0
1789683522093,135,Get Booking,200,OK,Thread Group 1-96,text,true,,912,253,281,281,https://restful-booker.herokuapp.com/booking/4735,135,0,0
1789683521824,412,Get Booking IDs,200,OK,Thread Group 1-17,text,true,,65362,248,281,281,https://restful-booker.herokuapp.com/booking,269,0,0
1789683522108,135,Get Booking,200,OK,Thread Group 1-121,text,true,,915,253,281,281,https://restful-booker.herokuapp.com/booking/4737,135,0,0
1789683521839,405,Get Booking IDs,200,OK,Thread Group 1-13,text,true,,65381,248,281,281,https://restful-booker.herokuapp.com/booking,263,0,0
1789683500656,21588,Login,200,OK,Thread Group 1-248,text,false,"The operation lasted too long: It took 21,588 milliseconds, but should not have lasted longer than 2,000 milliseconds.",770,325,281,281,https://restful-booker.herokuapp.com/auth,21588,0,21454
1789683500659,21585,Login,200,OK,Thread Group 1-255,text,false,"The operation lasted too long: It took 21,585 milliseconds, but should not have lasted longer than 2,000 milliseconds.",771,327,281,281,https://restful-booker.herokuapp.com/auth,21585,0,21450
1789683500662,21582,Login,200,OK,Thread Group 1-269,text,false,"The operation lasted too long: It took 21,582 milliseconds, but should not have lasted longer than 2,000 milliseconds.",770,325,281,281,https://restful-booker.herokuapp.com/auth,21582,0,21447
1789683522111,140,Get Booking,200,OK,Thread Group 1-120,text,true,,912,253,278,278,https://restful-booker.herokuapp.com/booking/4734,140,0,0
1789683522114,137,CreateBooking,200,OK,Thread Group 1-190,text,true,,943,520,278,278,https://restful-booker.herokuapp.com/booking,137,0,0
1789683500656,21597,Login,200,OK,Thread Group 1-254,text,false,"The operation lasted too long: It took 21,597 milliseconds, but should not have lasted longer than 2,000 milliseconds.",770,325,278,278,https://restful-booker.herokuapp.com/auth,21597,0,21460
1789683522133,135,CreateBooking,200,OK,Thread Group 1-203,text,true,,944,521,278,278,https://restful-booker.herokuapp.com/booking,135,0,0
1789683500693,21576,Login,200,OK,Thread Group 1-282,text,false,"The operation lasted too long: It took 21,576 milliseconds, but should not have lasted longer than 2,000 milliseconds.",770,325,278,278,https://restful-booker.herokuapp.com/auth,21576,0,21444
1789683522140,132,CreateBooking,200,OK,Thread Group 1-237,text,true,,945,522,277,277,https://restful-booker.herokuapp.com/booking,132,0,0
1789683522142,132,CreateBooking,200,OK,Thread Group 1-214,text,true,,944,521,277,277,https://restful-booker.herokuapp.com/booking,132,0,0
1789683521884,402,Get Booking IDs,200,OK,Thread Group 1-37,text,true,,65400,248,277,277,https://restful-booker.herokuapp.com/booking,138,0,0
1789683500703,21583,Login,200,OK,Thread Group 1-272,text,false,"The operation lasted too long: It took 21,583 milliseconds, but should not have lasted longer than 2,000 milliseconds.",770,325,277,277,https://restful-booker.herokuapp.com/auth,21583,0,21451
1789683522187,132,Get Booking,200,OK,Thread Group 1-153,text,true,,916,253,276,276,https://restful-booker.herokuapp.com/booking/4741,131,0,0
1789683521902,417,Get Booking IDs,200,OK,Thread Group 1-77,text,true,,65438,248,276,276,https://restful-booker.herokuapp.com/booking,138,0,0
1789683521911,409,Get Booking IDs,200,OK,Thread Group 1-40,text,true,,65438,248,276,276,https://restful-booker.herokuapp.com/booking,134,0,0
1789683500755,21581,Login,200,OK,Thread Group 1-290,text,false,"The operation lasted too long: It took 21,581 milliseconds, but should not have lasted longer than 2,000 milliseconds.",771,327,275,275,https://restful-booker.herokuapp.com/auth,21581,0,21447
1789683521917,420,Get Booking IDs,200,OK,Thread Group 1-51,text,true,,65438,248,275,275,https://restful-booker.herokuapp.com/booking,133,0,0
1789683521946,402,Get Booking IDs,200,OK,Thread Group 1-68,text,true,,65438,248,275,275,https://restful-booker.herokuapp.com/booking,133,0,0
1789683500762,21586,Login,200,OK,Thread Group 1-316,text,false,"The operation lasted too long: It took 21,586 milliseconds, but should not have lasted longer than 2,000 milliseconds.",770,325,275,275,https://restful-booker.herokuapp.com/auth,21586,0,21447
1789683522221,137,CreateBooking,200,OK,Thread Group 1-230,text,true,,943,520,274,274,https://restful-booker.herokuapp.com/booking,137,0,0
1789683500777,21587,Login,200,OK,Thread Group 1-298,text,false,"The operation lasted too long: It took 21,587 milliseconds, but should not have lasted longer than 2,000 milliseconds.",770,325,274,274,https://restful-booker.herokuapp.com/auth,21587,0,21452
1789683522241,142,Get Booking,200,OK,Thread Group 1-166,text,true,,915,253,274,274,https://restful-booker.herokuapp.com/booking/4744,142,0,0
1789683521975,412,Get Booking IDs,200,OK,Thread Group 1-56,text,true,,65457,248,274,274,https://restful-booker.herokuapp.com/booking,135,0,0
1789683521986,411,Get Booking IDs,200,OK,Thread Group 1-98,text,true,,65457,248,273,273,https://restful-booker.herokuapp.com/booking,265,0,0
1789683500830,21577,Login,200,OK,Thread Group 1-317,text,false,"The operation lasted too long: It took 21,577 milliseconds, but should not have lasted longer than 2,000 milliseconds.",770,325,272,272,https://restful-booker.herokuapp.com/auth,21577,0,21445
1789683522278,131,CreateBooking,200,OK,Thread Group 1-197,text,true,,944,521,272,272,https://restful-booker.herokuapp.com/booking,131,0,0
1789683522277,132,Get Booking,200,OK,Thread Group 1-171,text,true,,916,253,272,272,https://restful-booker.herokuapp.com/booking/4742,132,0,0
1789683522279,131,CreateBooking,200,OK,Thread Group 1-227,text,true,,944,521,272,272,https://restful-booker.herokuapp.com/booking,131,0,0
1789683522286,130,CreateBooking,200,OK,Thread Group 1-208,text,true,,945,522,272,272,https://restful-booker.herokuapp.com/booking,130,0,0
1789683522293,129,CreateBooking,200,OK,Thread Group 1-223,text,true,,943,520,272,272,https://restful-booker.herokuapp.com/booking,129,0,0
1789683522295,130,Get Booking,200,OK,Thread Group 1-176,text,true,,912,253,272,272,https://restful-booker.herokuapp.com/booking/4745,130,0,0
1789683522302,132,CreateBooking,200,OK,Thread Group 1-233,text,true,,941,518,272,272,https://restful-booker.herokuapp.com/booking,132,0,0
1789683522316,135,Get Booking,200,OK,Thread Group 1-174,text,true,,915,253,272,272,https://restful-booker.herokuapp.com/booking/4740,135,0,0
1789683522322,131,CreateBooking,200,OK,Thread Group 1-226,text,true,,944,521,272,272,https://restful-booker.herokuapp.com/booking,131,0,0
1789683522041,420,Get Booking IDs,200,OK,Thread Group 1-94,text,true,,65495,248,272,272,https://restful-booker.herokuapp.com/booking,142,0,0
1789683522325,136,CreateBooking,200,OK,Thread Group 1-240,text,true,,945,522,272,272,https://restful-booker.herokuapp.com/booking,136,0,0
1789683522048,438,Get Booking IDs,200,OK,Thread Group 1-44,text,true,,65495,248,271,271,https://restful-booker.herokuapp.com/booking,155,0,0
1789683500910,21577,Login,200,OK,Thread Group 1-305,text,false,"The operation lasted too long: It took 21,577 milliseconds, but should not have lasted longer than 2,000 milliseconds.",771,327,271,271,https://restful-booker.herokuapp.com/auth,21577,0,21445
1789683500862,21627,Login,200,OK,Thread Group 1-321,text,false,"The operation lasted too long: It took 21,627 milliseconds, but should not have lasted longer than 2,000 milliseconds.",770,325,270,270,https://restful-booker.herokuapp.com/auth,21627,0,21486
1789683522073,421,Get Booking IDs,200,OK,Thread Group 1-90,text,true,,65533,248,270,270,https://restful-booker.herokuapp.com/booking,147,0,0
1789683522367,132,Get Booking,200,OK,Thread Group 1-168,text,true,,914,253,269,269,https://restful-booker.herokuapp.com/booking/4747,132,0,0
1789683500901,21605,Login,200,OK,Thread Group 1-345,text,false,"The operation lasted too long: It took 21,605 milliseconds, but should not have lasted longer than 2,000 milliseconds.",771,327,269,269,https://restful-booker.herokuapp.com/auth,21605,0,21464
1789683522098,412,Get Booking IDs,200,OK,Thread Group 1-131,text,true,,65533,248,268,268,https://restful-booker.herokuapp.com/booking,141,0,0
1789683522113,399,Get Booking IDs,200,OK,Thread Group 1-67,text,true,,65533,248,268,268,https://restful-booker.herokuapp.com/booking,134,0,0
1789683522119,405,Get Booking IDs,200,OK,Thread Group 1-43,text,true,,65552,248,267,267,https://restful-booker.herokuapp.com/booking,134,0,0
1789683500954,21579,Login,200,OK,Thread Group 1-341,text,false,"The operation lasted too long: It took 21,579 milliseconds, but should not have lasted longer than 2,000 milliseconds.",770,325,266,266,https://restful-booker.herokuapp.com/auth,21579,0,21446
1789683522397,136,CreateBooking,200,OK,Thread Group 1-254,text,true,,945,522,266,266,https://restful-booker.herokuapp.com/booking,136,0,0
1789683522397,138,UpdateBooking - PUT,200,OK,Thread Group 1-2,text,true,,914,524,266,266,https://restful-booker.herokuapp.com/booking/4707,138,0,0
1789683522406,132,UpdateBooking - PUT,200,OK,Thread Group 1-37,text,true,,914,524,266,266,https://restful-booker.herokuapp.com/booking/4713,132,0,0
1789683500965,21575,Login,200,OK,Thread Group 1-346,text,false,"The operation lasted too long: It took 21,575 milliseconds, but should not have lasted longer than 2,000 milliseconds.",770,325,266,266,https://restful-booker.herokuapp.com/auth,21575,0,21444
1789683500969,21581,Login,200,OK,Thread Group 1-300,text,false,"The operation lasted too long: It took 21,581 milliseconds, but should not have lasted longer than 2,000 milliseconds.",771,327,266,266,https://restful-booker.herokuapp.com/auth,21581,0,21449
1789683522424,131,CreateBooking,200,OK,Thread Group 1-251,text,true,,941,518,266,266,https://restful-booker.herokuapp.com/booking,131,0,0
1789683522434,129,CreateBooking,200,OK,Thread Group 1-277,text,true,,944,521,266,266,https://restful-booker.herokuapp.com/booking,129,0,0
1789683500977,21604,Login,200,OK,Thread Group 1-301,text,false,"The operation lasted too long: It took 21,604 milliseconds, but should not have lasted longer than 2,000 milliseconds.",770,325,266,266,https://restful-booker.herokuapp.com/auth,21604,0,21469
1789683500997,21586,Login,200,OK,Thread Group 1-349,text,false,"The operation lasted too long: It took 21,586 milliseconds, but should not have lasted longer than 2,000 milliseconds.",770,325,266,266,https://restful-booker.herokuapp.com/auth,21586,0,21453
1789683522454,139,Get Booking,200,OK,Thread Group 1-180,text,true,,912,253,265,265,https://restful-booker.herokuapp.com/booking/4748,139,0,0
1789683522464,131,CreateBooking,200,OK,Thread Group 1-248,text,true,,943,520,265,265,https://restful-booker.herokuapp.com/booking,131,0,0
1789683522471,133,CreateBooking,200,OK,Thread Group 1-290,text,true,,944,521,265,265,https://restful-booker.herokuapp.com/booking,133,0,0
1789683501006,21603,Login,200,OK,Thread Group 1-337,text,false,"The operation lasted too long: It took 21,603 milliseconds, but should not have lasted longer than 2,000 milliseconds.",770,325,265,265,https://restful-booker.herokuapp.com/auth,21603,0,21471
1789683522481,129,Get Booking,200,OK,Thread Group 1-213,text,true,,915,253,265,265,https://restful-booker.herokuapp.com/booking/4749,129,0,0
1789683501042,21576,Login,200,OK,Thread Group 1-354,text,false,"The operation lasted too long: It took 21,576 milliseconds, but should not have lasted longer than 2,000 milliseconds.",770,325,265,265,https://restful-booker.herokuapp.com/auth,21576,0,21445
1789683501046,21575,Login,200,OK,Thread Group 1-325,text,false,"The operation lasted too long: It took 21,575 milliseconds, but should not have lasted longer than 2,000 milliseconds.",771,327,265,265,https://restful-booker.herokuapp.com/auth,21575,0,21446
1789683501052,21578,Login,200,OK,Thread Group 1-353,text,false,"The operation lasted too long: It took 21,578 milliseconds, but should not have lasted longer than 2,000 milliseconds.",770,325,264,264,https://restful-booker.herokuapp.com/auth,21578,0,21447
1789683522497,137,Get Booking,200,OK,Thread Group 1-203,text,true,,915,253,264,264,https://restful-booker.herokuapp.com/booking/4753,137,0,0
1789683501034,21600,Login,200,OK,Thread Group 1-342,text,false,"The operation lasted too long: It took 21,600 milliseconds, but should not have lasted longer than 2,000 milliseconds.",770,325,264,264,https://restful-booker.herokuapp.com/auth,21600,0,21465
1789683522223,420,Get Booking IDs,200,OK,Thread Group 1-136,text,true,,65647,248,263,263,https://restful-booker.herokuapp.com/booking,138,0,0
1789683501053,21590,Login,200,OK,Thread Group 1-359,text,false,"The operation lasted too long: It took 21,590 milliseconds, but should not have lasted longer than 2,000 milliseconds.",770,325,263,263,https://restful-booker.herokuapp.com/auth,21590,0,21453
1789683522250,409,Get Booking IDs,200,OK,Thread Group 1-130,text,true,,65647,248,261,261,https://restful-booker.herokuapp.com/booking,271,0,0
1789683501097,21569,Login,200,OK,Thread Group 1-350,text,false,"The operation lasted too long: It took 21,569 milliseconds, but should not have lasted longer than 2,000 milliseconds.",771,327,260,260,https://restful-booker.herokuapp.com/auth,21568,0,21435
1789683501099,21583,Login,200,OK,Thread Group 1-388,text,false,"The operation lasted too long: It took 21,583 milliseconds, but should not have lasted longer than 2,000 milliseconds.",770,325,260,260,https://restful-booker.herokuapp.com/auth,21583,0,21448
1789683501108,21578,Login,200,OK,Thread Group 1-371,text,false,"The operation lasted too long: It took 21,578 milliseconds, but should not have lasted longer than 2,000 milliseconds.",770,325,260,260,https://restful-booker.herokuapp.com/auth,21578,0,21446
1789683522551,136,Get Booking,200,OK,Thread Group 1-210,text,true,,912,253,260,260,https://restful-booker.herokuapp.com/booking/4750,136,0,0
1789683522557,131,Get Booking,200,OK,Thread Group 1-223,text,true,,914,253,260,260,https://restful-booker.herokuapp.com/booking/4761,131,0,0
1789683522562,132,Get Booking,200,OK,Thread Group 1-190,text,true,,914,253,260,260,https://restful-booker.herokuapp.com/booking/4752,132,0,0
1789683522564,131,CreateBooking,200,OK,Thread Group 1-267,text,true,,944,521,260,260,https://restful-booker.herokuapp.com/booking,131,0,0
1789683522602,133,Get Booking,200,OK,Thread Group 1-208,text,true,,916,253,260,260,https://restful-booker.herokuapp.com/booking/4760,133,0,0
1789683522610,131,Get Booking,200,OK,Thread Group 1-197,text,true,,915,253,260,260,https://restful-booker.herokuapp.com/booking/4758,131,0,0
1789683501153,21590,Login,200,OK,Thread Group 1-343,text,false,"The operation lasted too long: It took 21,590 milliseconds, but should not have lasted longer than 2,000 milliseconds.",770,325,260,260,https://restful-booker.herokuapp.com/auth,21590,0,21458
1789683501136,21608,Login,200,OK,Thread Group 1-357,text,false,"The operation lasted too long: It took 21,608 milliseconds, but should not have lasted longer than 2,000 milliseconds.",770,325,260,260,https://restful-booker.herokuapp.com/auth,21608,0,21471
1789683501151,21596,Login,200,OK,Thread Group 1-383,text,false,"The operation lasted too long: It took 21,596 milliseconds, but should not have lasted longer than 2,000 milliseconds.",770,325,260,260,https://restful-booker.herokuapp.com/auth,21596,0,21465
1789683501178,21590,Login,200,OK,Thread Group 1-401,text,false,"The operation lasted too long: It took 21,590 milliseconds, but should not have lasted longer than 2,000 milliseconds.",770,325,260,260,https://restful-booker.herokuapp.com/auth,21590,0,21455
1789683522365,408,Get Booking IDs,200,OK,Thread Group 1-121,text,true,,65799,248,260,260,https://restful-booker.herokuapp.com/booking,138,0,0
1789683522641,134,Get Booking,200,OK,Thread Group 1-237,text,true,,916,253,259,259,https://restful-booker.herokuapp.com/booking/4755,134,0,0
1789683522649,134,UpdateBooking - PUT,200,OK,Thread Group 1-17,text,true,,914,524,259,259,https://restful-booker.herokuapp.com/booking/4705,133,0,0
1789683501195,21594,Login,200,OK,Thread Group 1-352,text,false,"The operation lasted too long: It took 21,594 milliseconds, but should not have lasted longer than 2,000 milliseconds.",770,325,259,259,https://restful-booker.herokuapp.com/auth,21594,0,21463
1789683522659,131,Get Booking,200,OK,Thread Group 1-227,text,true,,915,253,258,258,https://restful-booker.herokuapp.com/booking/4759,131,0,0
1789683501212,21592,Login,200,OK,Thread Group 1-381,text,false,"The operation lasted too long: It took 21,592 milliseconds, but should not have lasted longer than 2,000 milliseconds.",770,325,258,258,https://restful-booker.herokuapp.com/auth,21592,0,21456
1789683522678,141,UpdateBooking - PUT,200,OK,Thread Group 1-77,text,true,,914,524,258,258,https://restful-booker.herokuapp.com/booking/4728,141,0,0
1789683501239,21580,Login,200,OK,Thread Group 1-390,text,false,"The operation lasted too long: It took 21,580 milliseconds, but should not have lasted longer than 2,000 milliseconds.",771,327,258,258,https://restful-booker.herokuapp.com/auth,21580,0,21449
1789683501252,21567,Login,200,OK,Thread Group 1-399,text,false,"The operation lasted too long: It took 21,567 milliseconds, but should not have lasted longer than 2,000 milliseconds.",770,325,258,258,https://restful-booker.herokuapp.com/auth,21567,0,21436
1789683522694,131,CreateBooking,200,OK,Thread Group 1-298,text,true,,944,521,257,257,https://restful-booker.herokuapp.com/booking,131,0,0
1789683522705,136,UpdateBooking - PUT,200,OK,Thread Group 1-64,text,true,,914,524,257,257,https://restful-booker.herokuapp.com/booking/4708,136,0,0
1789683501269,21575,Login,200,OK,Thread Group 1-355,text,false,"The operation lasted too long: It took 21,575 milliseconds, but should not have lasted longer than 2,000 milliseconds.",771,327,257,257,https://restful-booker.herokuapp.com/auth,21574,0,21441
1789683522722,132,UpdateBooking - PUT,200,OK,Thread Group 1-51,text,true,,914,524,256,256,https://restful-booker.herokuapp.com/booking/4714,132,0,0
1789683522722,136,Get Booking,200,OK,Thread Group 1-254,text,true,,916,253,256,256,https://restful-booker.herokuapp.com/booking/4767,136,0,0
1789683522719,139,CreateBooking,200,OK,Thread Group 1-301,text,true,,943,520,256,256,https://restful-booker.herokuapp.com/booking,139,0,0
1789683522449,414,Get Booking IDs,200,OK,Thread Group 1-100,text,true,,65894,248,256,256,https://restful-booker.herokuapp.com/booking,138,0,0
1789683501293,21588,Login,200,OK,Thread Group 1-378,text,false,"The operation lasted too long: It took 21,588 milliseconds, but should not have lasted longer than 2,000 milliseconds.",774,325,255,255,https://restful-booker.herokuapp.com/auth,21588,0,21452
1789683522752,134,UpdateBooking - PUT,200,OK,Thread Group 1-131,text,true,,918,524,255,255,https://restful-booker.herokuapp.com/booking/4730,134,0,0
1789683522768,131,Get Booking,200,OK,Thread Group 1-226,text,true,,919,253,255,255,https://restful-booker.herokuapp.com/booking/4763,131,0,0
1789683522770,131,CreateBooking,200,OK,Thread Group 1-317,text,true,,947,520,255,255,https://restful-booker.herokuapp.com/booking,131,0,0
1789683501326,21585,Login,200,OK,Thread Group 1-392,text,false,"The operation lasted too long: It took 21,585 milliseconds, but should not have lasted longer than 2,000 milliseconds.",774,325,255,255,https://restful-booker.herokuapp.com/auth,21585,0,21449
1789683522770,141,UpdateBooking - PUT,200,OK,Thread Group 1-44,text,true,,918,524,255,255,https://restful-booker.herokuapp.com/booking/4723,141,0,0
1789683501330,21581,Login,200,OK,Thread Group 1-373,text,false,"The operation lasted too long: It took 21,581 milliseconds, but should not have lasted longer than 2,000 milliseconds.",774,325,255,255,https://restful-booker.herokuapp.com/auth,21581,0,21449
1789683522781,132,Get Booking,200,OK,Thread Group 1-214,text,true,,919,253,254,254,https://restful-booker.herokuapp.com/booking/4756,132,0,0
1789683501335,21579,Login,200,OK,Thread Group 1-395,text,false,"The operation lasted too long: It took 21,579 milliseconds, but should not have lasted longer than 2,000 milliseconds.",775,327,254,254,https://restful-booker.herokuapp.com/auth,21579,0,21450
1789683522530,404,Get Booking IDs,200,OK,Thread Group 1-120,text,true,,65894,248,253,253,https://restful-booker.herokuapp.com/booking,137,0,0
1789683501368,21570,Login,200,OK,Thread Group 1-398,text,false,"The operation lasted too long: It took 21,570 milliseconds, but should not have lasted longer than 2,000 milliseconds.",774,325,252,252,https://restful-booker.herokuapp.com/auth,21570,0,21438
1789683522807,139,CreateBooking,200,OK,Thread Group 1-316,text,true,,945,518,252,252,https://restful-booker.herokuapp.com/booking,139,0,0
1789683522816,131,Get Booking,200,OK,Thread Group 1-240,text,true,,920,253,252,252,https://restful-booker.herokuapp.com/booking/4764,131,0,0
1789683522818,131,CreateBooking,200,OK,Thread Group 1-337,text,true,,949,522,252,252,https://restful-booker.herokuapp.com/booking,131,0,0
1789683501391,21561,Login,200,OK,Thread Group 1-411,text,false,"The operation lasted too long: It took 21,561 milliseconds, but should not have lasted longer than 2,000 milliseconds.",774,325,252,252,https://restful-booker.herokuapp.com/auth,21561,0,21426
1789683522821,132,CreateBooking,200,OK,Thread Group 1-341,text,true,,948,521,252,252,https://restful-booker.herokuapp.com/booking,132,0,0
1789683522821,135,CreateBooking,200,OK,Thread Group 1-321,text,true,,949,522,252,252,https://restful-booker.herokuapp.com/booking,135,0,0
1789683522826,133,Get Booking,200,OK,Thread Group 1-251,text,true,,916,253,252,252,https://restful-booker.herokuapp.com/booking/4769,133,0,0
1789683501378,21584,Login,200,OK,Thread Group 1-442,text,false,"The operation lasted too long: It took 21,584 milliseconds, but should not have lasted longer than 2,000 milliseconds.",774,325,252,252,https://restful-booker.herokuapp.com/auth,21584,0,21447
1789683522837,142,CreateBooking,200,OK,Thread Group 1-388,text,true,,947,520,251,251,https://restful-booker.herokuapp.com/booking,142,0,0
1789683501407,21577,Login,200,OK,Thread Group 1-377,text,false,"The operation lasted too long: It took 21,577 milliseconds, but should not have lasted longer than 2,000 milliseconds.",774,325,251,251,https://restful-booker.herokuapp.com/auth,21577,0,21437
1789683501417,21588,Login,200,OK,Thread Group 1-414,text,false,"The operation lasted too long: It took 21,588 milliseconds, but should not have lasted longer than 2,000 milliseconds.",774,325,251,251,https://restful-booker.herokuapp.com/auth,21588,0,21456
1789683522876,132,Get Booking,200,OK,Thread Group 1-230,text,true,,918,253,251,251,https://restful-booker.herokuapp.com/booking/4757,132,0,0
1789683522605,406,Get Booking IDs,200,OK,Thread Group 1-96,text,true,,65913,248,251,251,https://restful-booker.herokuapp.com/booking,266,0,0
1789683501433,21579,Login,200,OK,Thread Group 1-396,text,false,"The operation lasted too long: It took 21,579 milliseconds, but should not have lasted longer than 2,000 milliseconds.",774,325,250,250,https://restful-booker.herokuapp.com/auth,21579,0,21446
1789683522889,133,Get Booking,200,OK,Thread Group 1-233,text,true,,916,253,250,250,https://restful-booker.herokuapp.com/booking/4762,133,0,0
1789683522617,427,Get Booking IDs,200,OK,Thread Group 1-83,text,true,,65913,248,250,250,https://restful-booker.herokuapp.com/booking,149,0,0
1789683522911,133,Get Booking,200,OK,Thread Group 1-277,text,true,,919,253,250,250,https://restful-booker.herokuapp.com/booking/4770,133,0,0
1789683522908,136,CreateBooking,200,OK,Thread Group 1-300,text,true,,948,521,250,250,https://restful-booker.herokuapp.com/booking,136,0,0
1789683522918,131,CreateBooking,200,OK,Thread Group 1-346,text,true,,945,518,249,249,https://restful-booker.herokuapp.com/booking,131,0,0
1789683522920,135,UpdateBooking - PATCH,200,OK,Thread Group 1-2,text,true,,918,333,249,249,https://restful-booker.herokuapp.com/booking/4707,135,0,0
1789683522931,135,CreateBooking,200,OK,Thread Group 1-353,text,true,,945,518,249,249,https://restful-booker.herokuapp.com/booking,135,0,0
1789683522674,402,Get Booking IDs,200,OK,Thread Group 1-153,text,true,,65932,248,249,249,https://restful-booker.herokuapp.com/booking,264,0,0
1789683501498,21580,Login,200,OK,Thread Group 1-448,text,false,"The operation lasted too long: It took 21,580 milliseconds, but should not have lasted longer than 2,000 milliseconds.",774,325,248,248,https://restful-booker.herokuapp.com/auth,21580,0,21448
1789683522950,132,CreateBooking,200,OK,Thread Group 1-401,text,true,,947,520,248,248,https://restful-booker.herokuapp.com/booking,132,0,0
1789683501512,21574,Login,200,OK,Thread Group 1-454,text,false,"The operation lasted too long: It took 21,574 milliseconds, but should not have lasted longer than 2,000 milliseconds.",774,325,248,248,https://restful-booker.herokuapp.com/auth,21573,0,21440
1789683522959,132,CreateBooking,200,OK,Thread Group 1-390,text,true,,948,521,248,248,https://restful-booker.herokuapp.com/booking,132,0,0
1789683522694,401,Get Booking IDs,200,OK,Thread Group 1-171,text,true,,65970,248,248,248,https://restful-booker.herokuapp.com/booking,133,0,0
1789683522966,132,Get Booking,200,OK,Thread Group 1-248,text,true,,918,253,248,248,https://restful-booker.herokuapp.com/booking/4771,132,0,0
1789683522965,134,UpdateBooking - PATCH,200,OK,Thread Group 1-37,text,true,,918,333,248,248,https://restful-booker.herokuapp.com/booking/4713,134,0,0
1789683522975,133,CreateBooking,200,OK,Thread Group 1-343,text,true,,948,521,248,248,https://restful-booker.herokuapp.com/booking,133,0,0
1789683501545,21565,Login,200,OK,Thread Group 1-446,text,false,"The operation lasted too long: It took 21,565 milliseconds, but should not have lasted longer than 2,000 milliseconds.",774,325,248,248,https://restful-booker.herokuapp.com/auth,21565,0,21429
1789683522703,408,Get Booking IDs,200,OK,Thread Group 1-166,text,true,,65970,248,248,248,https://restful-booker.herokuapp.com/booking,134,0,0
1789683522714,403,Get Booking IDs,200,OK,Thread Group 1-213,text,true,,65970,248,247,247,https://restful-booker.herokuapp.com/booking,131,0,0
1789683522983,135,Get Booking,200,OK,Thread Group 1-290,text,true,,919,253,246,246,https://restful-booker.herokuapp.com/booking/4772,135,0,0
1789683501547,21571,Login,200,OK,Thread Group 1-421,text,false,"The operation lasted too long: It took 21,571 milliseconds, but should not have lasted longer than 2,000 milliseconds.",774,325,246,246,https://restful-booker.herokuapp.com/auth,21571,0,21438
1789683501541,21583,Login,200,OK,Thread Group 1-432,text,false,"The operation lasted too long: It took 21,583 milliseconds, but should not have lasted longer than 2,000 milliseconds.",774,325,246,246,https://restful-booker.herokuapp.com/auth,21583,0,21448
1789683522723,411,Get Booking IDs,200,OK,Thread Group 1-180,text,true,,66008,248,245,245,https://restful-booker.herokuapp.com/booking,138,0,0
1789683523012,131,CreateBooking,200,OK,Thread Group 1-354,text,true,,948,521,244,244,https://restful-booker.herokuapp.com/booking,131,0,0
1789683523013,131,CreateBooking,200,OK,Thread Group 1-350,text,true,,948,521,244,244,https://restful-booker.herokuapp.com/booking,131,0,0
1789683523012,132,CreateBooking,200,OK,Thread Group 1-383,text,true,,948,521,244,244,https://restful-booker.herokuapp.com/booking,132,0,0
1789683523018,137,CreateBooking,200,OK,Thread Group 1-357,text,true,,945,518,244,244,https://restful-booker.herokuapp.com/booking,137,0,0
1789683522771,398,Get Booking IDs,200,OK,Thread Group 1-176,text,true,,66031,248,244,244,https://restful-booker.herokuapp.com/booking,133,0,0
1789683523051,131,Get Booking,200,OK,Thread Group 1-298,text,true,,919,253,243,243,https://restful-booker.herokuapp.com/booking/4776,131,0,0
1789683523060,134,CreateBooking,200,OK,Thread Group 1-373,text,true,,948,521,243,243,https://restful-booker.herokuapp.com/booking,134,0,0
1789683522798,408,Get Booking IDs,200,OK,Thread Group 1-168,text,true,,66031,248,243,243,https://restful-booker.herokuapp.com/booking,133,0,0
1789683523078,132,CreateBooking,200,OK,Thread Group 1-381,text,true,,949,522,242,242,https://restful-booker.herokuapp.com/booking,132,0,0
1789683522799,422,Get Booking IDs,200,OK,Thread Group 1-203,text,true,,66031,248,242,242,https://restful-booker.herokuapp.com/booking,138,0,0
1789683501635,21586,Login,200,OK,Thread Group 1-425,text,false,"The operation lasted too long: It took 21,586 milliseconds, but should not have lasted longer than 2,000 milliseconds.",775,327,241,241,https://restful-booker.herokuapp.com/auth,21586,0,21447
1789683501633,21588,Login,200,OK,Thread Group 1-450,text,false,"The operation lasted too long: It took 21,588 milliseconds, but should not have lasted longer than 2,000 milliseconds.",775,327,241,241,https://restful-booker.herokuapp.com/auth,21588,0,21457
1789683523092,131,Get Booking,200,OK,Thread Group 1-267,text,true,,919,253,240,240,https://restful-booker.herokuapp.com/booking/4773,131,0,0
1789683523091,135,UpdateBooking - PATCH,200,OK,Thread Group 1-77,text,true,,918,333,240,240,https://restful-booker.herokuapp.com/booking/4728,135,0,0
1789683523109,132,CreateBooking,200,OK,Thread Group 1-414,text,true,,945,518,240,240,https://restful-booker.herokuapp.com/booking,132,0,0
1789683501673,21577,Login,200,OK,Thread Group 1-480,text,false,"The operation lasted too long: It took 21,577 milliseconds, but should not have lasted longer than 2,000 milliseconds.",775,327,240,240,https://restful-booker.herokuapp.com/auth,21577,0,21444
1789683501656,21595,Login,200,OK,Thread Group 1-461,text,false,"The operation lasted too long: It took 21,595 milliseconds, but should not have lasted longer than 2,000 milliseconds.",774,325,240,240,https://restful-booker.herokuapp.com/auth,21595,0,21461
1789683501666,21586,Login,200,OK,Thread Group 1-449,text,false,"The operation lasted too long: It took 21,586 milliseconds, but should not have lasted longer than 2,000 milliseconds.",774,325,240,240,https://restful-booker.herokuapp.com/auth,21586,0,21451
1789683501678,21579,Login,200,OK,Thread Group 1-459,text,false,"The operation lasted too long: It took 21,579 milliseconds, but should not have lasted longer than 2,000 milliseconds.",774,325,239,239,https://restful-booker.herokuapp.com/auth,21579,0,21444
1789683501676,21582,Login,200,OK,Thread Group 1-457,text,false,"The operation lasted too long: It took 21,582 milliseconds, but should not have lasted longer than 2,000 milliseconds.",774,325,238,238,https://restful-booker.herokuapp.com/auth,21582,0,21448
1789683523124,136,Get Booking,200,OK,Thread Group 1-337,text,true,,920,253,238,238,https://restful-booker.herokuapp.com/booking/4781,136,0,0
1789683522855,411,Get Booking IDs,200,OK,Thread Group 1-174,text,true,,66145,248,238,238,https://restful-booker.herokuapp.com/booking,135,0,0
1789683523132,143,UpdateBooking - PATCH,200,OK,Thread Group 1-44,text,true,,918,333,237,237,https://restful-booker.herokuapp.com/booking/4723,143,0,0
1789683501680,21595,Login,200,OK,Thread Group 1-462,text,false,"The operation lasted too long: It took 21,595 milliseconds, but should not have lasted longer than 2,000 milliseconds.",774,325,237,237,https://restful-booker.herokuapp.com/auth,21595,0,21460
1789683523147,132,UpdateBooking - PATCH,200,OK,Thread Group 1-51,text,true,,918,333,236,236,https://restful-booker.herokuapp.com/booking/4714,132,0,0
1789683523143,138,Get Booking,200,OK,Thread Group 1-321,text,true,,920,253,236,236,https://restful-booker.herokuapp.com/booking/4783,138,0,0
1789683501722,21570,Login,200,OK,Thread Group 1-443,text,false,"The operation lasted too long: It took 21,570 milliseconds, but should not have lasted longer than 2,000 milliseconds.",774,325,236,236,https://restful-booker.herokuapp.com/auth,21570,0,21438
1789683523158,139,Get Booking,200,OK,Thread Group 1-301,text,true,,918,253,236,236,https://restful-booker.herokuapp.com/booking/4777,139,0,0
1789683523165,135,Get Booking,200,OK,Thread Group 1-316,text,true,,916,253,236,236,https://restful-booker.herokuapp.com/booking/4780,135,0,0
1789683523168,132,CreateBooking,200,OK,Thread Group 1-396,text,true,,948,521,236,236,https://restful-booker.herokuapp.com/booking,132,0,0
1789683522905,407,Get Booking IDs,200,OK,Thread Group 1-190,text,true,,66145,248,236,236,https://restful-booker.herokuapp.com/booking,137,0,0
1789683501761,21567,Login,200,OK,Thread Group 1-482,text,false,"The operation lasted too long: It took 21,567 milliseconds, but should not have lasted longer than 2,000 milliseconds.",774,325,235,235,https://restful-booker.herokuapp.com/auth,21567,0,21434
1789683501753,21602,Login,200,OK,Thread Group 1-437,text,false,"The operation lasted too long: It took 21,602 milliseconds, but should not have lasted longer than 2,000 milliseconds.",774,325,234,234,https://restful-booker.herokuapp.com/auth,21602,0,21467
1789683523228,131,Get Booking,200,OK,Thread Group 1-353,text,true,,916,253,234,234,https://restful-booker.herokuapp.com/booking/4788,131,0,0
1789683523225,136,CreateBooking,200,OK,Thread Group 1-378,text,true,,945,518,234,234,https://restful-booker.herokuapp.com/booking,136,0,0
1789683523233,130,Get Booking,200,OK,Thread Group 1-390,text,true,,919,253,234,234,https://restful-booker.herokuapp.com/booking/4792,130,0,0
1789683522973,404,Get Booking IDs,200,OK,Thread Group 1-208,text,true,,66259,248,234,234,https://restful-booker.herokuapp.com/booking,265,0,0
1789683523245,132,CreateBooking,200,OK,Thread Group 1-371,text,true,,949,522,234,234,https://restful-booker.herokuapp.com/booking,132,0,0
1789683523244,141,Get Booking,200,OK,Thread Group 1-388,text,true,,918,253,233,233,https://restful-booker.herokuapp.com/booking/4785,141,0,0
1789683523255,134,CreateBooking,200,OK,Thread Group 1-411,text,true,,949,522,233,233,https://restful-booker.herokuapp.com/booking,134,0,0
1789683523261,130,UpdateBooking - PATCH,200,OK,Thread Group 1-64,text,true,,918,333,233,233,https://restful-booker.herokuapp.com/booking/4708,130,0,0
1789683523261,134,Get Booking,200,OK,Thread Group 1-354,text,true,,919,253,233,233,https://restful-booker.herokuapp.com/booking/4794,134,0,0
1789683523266,132,Get Booking,200,OK,Thread Group 1-317,text,true,,918,253,233,233,https://restful-booker.herokuapp.com/booking/4779,132,0,0
1789683523000,407,Get Booking IDs,200,OK,Thread Group 1-223,text,true,,66278,248,233,233,https://restful-booker.herokuapp.com/booking,268,0,0
1789683523270,138,UpdateBooking - PATCH,200,OK,Thread Group 1-17,text,true,,918,333,233,233,https://restful-booker.herokuapp.com/booking/4705,138,0,0
1789683523275,133,UpdateBooking - PATCH,200,OK,Thread Group 1-131,text,true,,918,333,232,232,https://restful-booker.herokuapp.com/booking/4730,133,0,0
1789683523012,417,Get Booking IDs,200,OK,Thread Group 1-210,text,true,,66336,248,232,232,https://restful-booker.herokuapp.com/booking,138,0,0
1789683523290,139,DeleteBooking,200,OK,Thread Group 1-2,text,true,,918,253,232,232,https://restful-booker.herokuapp.com/booking/4707,139,0,0
1789683523305,130,Get Booking,200,OK,Thread Group 1-350,text,true,,919,253,230,230,https://restful-booker.herokuapp.com/booking/4795,130,0,0
1789683523319,132,CreateBooking,200,OK,Thread Group 1-454,text,true,,949,522,230,230,https://restful-booker.herokuapp.com/booking,132,0,0
1789683501859,21592,Login,200,OK,Thread Group 1-506,text,false,"The operation lasted too long: It took 21,592 milliseconds, but should not have lasted longer than 2,000 milliseconds.",774,325,230,230,https://restful-booker.herokuapp.com/auth,21592,0,21458
1789683523056,405,Get Booking IDs,200,OK,Thread Group 1-251,text,true,,66355,248,230,230,https://restful-booker.herokuapp.com/booking,135,0,0
1789683523063,408,Get Booking IDs,200,OK,Thread Group 1-197,text,true,,66374,248,230,230,https://restful-booker.herokuapp.com/booking,135,0,0
1789683501877,21600,Login,200,OK,Thread Group 1-503,text,false,"The operation lasted too long: It took 21,600 milliseconds, but should not have lasted longer than 2,000 milliseconds.",774,325,230,230,https://restful-booker.herokuapp.com/auth,21600,0,21455
1789683501896,21582,Login,200,OK,Thread Group 1-514,text,false,"The operation lasted too long: It took 21,582 milliseconds, but should not have lasted longer than 2,000 milliseconds.",774,325,230,230,https://restful-booker.herokuapp.com/auth,21582,0,21448
1789683523349,132,CreateBooking,200,OK,Thread Group 1-448,text,true,,947,520,230,230,https://restful-booker.herokuapp.com/booking,132,0,0
1789683501889,21592,Login,200,OK,Thread Group 1-471,text,false,"The operation lasted too long: It took 21,592 milliseconds, but should not have lasted longer than 2,000 milliseconds.",774,325,230,230,https://restful-booker.herokuapp.com/auth,21592,0,21454
1789683501897,21590,Login,200,OK,Thread Group 1-509,text,false,"The operation lasted too long: It took 21,590 milliseconds, but should not have lasted longer than 2,000 milliseconds.",774,325,230,230,https://restful-booker.herokuapp.com/auth,21590,0,21448
1789683501877,21612,Login,200,OK,Thread Group 1-497,text,false,"The operation lasted too long: It took 21,612 milliseconds, but should not have lasted longer than 2,000 milliseconds.",774,325,229,229,https://restful-booker.herokuapp.com/auth,21612,0,21469
1789683523352,139,DeleteBooking,200,OK,Thread Group 1-37,text,true,,918,253,229,229,https://restful-booker.herokuapp.com/booking/4713,139,0,0
1789683523353,138,Get Booking,200,OK,Thread Group 1-341,text,true,,919,253,229,229,https://restful-booker.herokuapp.com/booking/4784,138,0,0
1789683501917,21581,Login,200,OK,Thread Group 1-501,text,false,"The operation lasted too long: It took 21,581 milliseconds, but should not have lasted longer than 2,000 milliseconds.",774,325,228,228,https://restful-booker.herokuapp.com/auth,21581,0,21449
1789683523109,409,Get Booking IDs,200,OK,Thread Group 1-227,text,true,,66412,248,228,228,https://restful-booker.herokuapp.com/booking,138,0,0
1789683501936,21582,Login,200,OK,Thread Group 1-495,text,false,"The operation lasted too long: It took 21,582 milliseconds, but should not have lasted longer than 2,000 milliseconds.",775,327,228,228,https://restful-booker.herokuapp.com/auth,21582,0,21450
1789683523392,132,Get Booking,200,OK,Thread Group 1-346,text,true,,916,253,226,226,https://restful-booker.herokuapp.com/booking/4787,132,0,0
1789683523383,141,DeleteBooking,200,OK,Thread Group 1-44,text,true,,918,253,226,226,https://restful-booker.herokuapp.com/booking/4723,141,0,0
1789683523117,410,Get Booking IDs,200,OK,Thread Group 1-237,text,true,,66412,248,225,225,https://restful-booker.herokuapp.com/booking,269,0,0
1789683501959,21583,Login,200,OK,Thread Group 1-531,text,false,"The operation lasted too long: It took 21,583 milliseconds, but should not have lasted longer than 2,000 milliseconds.",774,325,225,225,https://restful-booker.herokuapp.com/auth,21583,0,21451
1789683523150,404,Get Booking IDs,200,OK,Thread Group 1-226,text,true,,66412,248,225,225,https://restful-booker.herokuapp.com/booking,133,0,0
1789683523420,134,Get Booking,200,OK,Thread Group 1-401,text,true,,918,253,225,225,https://restful-booker.herokuapp.com/booking/4790,134,0,0
1789683501970,21587,Login,200,OK,Thread Group 1-512,text,false,"The operation lasted too long: It took 21,587 milliseconds, but should not have lasted longer than 2,000 milliseconds.",774,325,224,224,https://restful-booker.herokuapp.com/auth,21587,0,21452
1789683501988,21575,Login,200,OK,Thread Group 1-510,text,false,"The operation lasted too long: It took 21,575 milliseconds, but should not have lasted longer than 2,000 milliseconds.",775,327,223,223,https://restful-booker.herokuapp.com/auth,21575,0,21441
1789683502001,21574,Login,200,OK,Thread Group 1-546,text,false,"The operation lasted too long: It took 21,574 milliseconds, but should not have lasted longer than 2,000 milliseconds.",774,325,223,223,https://restful-booker.herokuapp.com/auth,21574,0,21440
1789683502003,21572,Login,200,OK,Thread Group 1-498,text,false,"The operation lasted too long: It took 21,572 milliseconds, but should not have lasted longer than 2,000 milliseconds.",774,325,223,223,https://restful-booker.herokuapp.com/auth,21572,0,21438
1789683501999,21588,Login,200,OK,Thread Group 1-492,text,false,"The operation lasted too long: It took 21,588 milliseconds, but should not have lasted longer than 2,000 milliseconds.",774,325,223,223,https://restful-booker.herokuapp.com/auth,21588,0,21454
1789683523178,418,Get Booking IDs,200,OK,Thread Group 1-214,text,true,,66450,248,222,222,https://restful-booker.herokuapp.com/booking,135,0,0
1789683502011,21586,Login,200,OK,Thread Group 1-525,text,false,"The operation lasted too long: It took 21,586 milliseconds, but should not have lasted longer than 2,000 milliseconds.",775,327,221,221,https://restful-booker.herokuapp.com/auth,21586,0,21451
1789683502000,21598,Login,200,OK,Thread Group 1-524,text,false,"The operation lasted too long: It took 21,598 milliseconds, but should not have lasted longer than 2,000 milliseconds.",774,325,220,220,https://restful-booker.herokuapp.com/auth,21598,0,21461
1789683502021,21579,Login,200,OK,Thread Group 1-541,text,false,"The operation lasted too long: It took 21,579 milliseconds, but should not have lasted longer than 2,000 milliseconds.",774,325,220,220,https://restful-booker.herokuapp.com/auth,21579,0,21446
1789683523474,134,Get Booking,200,OK,Thread Group 1-343,text,true,,919,253,220,220,https://restful-booker.herokuapp.com/booking/4793,134,0,0
1789683523200,412,Get Booking IDs,200,OK,Thread Group 1-230,text,true,,66450,248,220,220,https://restful-booker.herokuapp.com/booking,272,0,0
1789683502025,21589,Login,200,OK,Thread Group 1-522,text,false,"The operation lasted too long: It took 21,589 milliseconds, but should not have lasted longer than 2,000 milliseconds.",774,325,219,219,https://restful-booker.herokuapp.com/auth,21589,0,21453
1789683523201,413,Get Booking IDs,200,OK,Thread Group 1-254,text,true,,66450,248,219,219,https://restful-booker.herokuapp.com/booking,137,0,0
1789683523493,132,CreateBooking,200,OK,Thread Group 1-377,text,true,,948,521,217,217,https://restful-booker.herokuapp.com/booking,132,0,0
1789683523494,132,CreateBooking,200,OK,Thread Group 1-461,text,true,,949,522,217,217,https://restful-booker.herokuapp.com/booking,132,0,0
1789683523493,136,CreateBooking,200,OK,Thread Group 1-446,text,true,,948,521,217,217,https://restful-booker.herokuapp.com/booking,136,0,0
1789683523496,136,Get Booking,200,OK,Thread Group 1-357,text,true,,916,253,217,217,https://restful-booker.herokuapp.com/booking/4797,136,0,0
1789683502055,21582,Login,200,OK,Thread Group 1-540,text,false,"The operation lasted too long: It took 21,582 milliseconds, but should not have lasted longer than 2,000 milliseconds.",775,327,217,217,https://restful-booker.herokuapp.com/auth,21581,0,21449
1789683523507,136,Get Booking,200,OK,Thread Group 1-373,text,true,,919,253,217,217,https://restful-booker.herokuapp.com/booking/4798,136,0,0
1789683502055,21588,Login,200,OK,Thread Group 1-548,text,false,"The operation lasted too long: It took 21,588 milliseconds, but should not have lasted longer than 2,000 milliseconds.",774,325,217,217,https://restful-booker.herokuapp.com/auth,21588,0,21453
1789683523511,132,Get Booking,200,OK,Thread Group 1-381,text,true,,920,253,217,217,https://restful-booker.herokuapp.com/booking/4799,132,0,0
1789683523520,136,CreateBooking,200,OK,Thread Group 1-480,text,true,,947,520,217,217,https://restful-booker.herokuapp.com/booking,136,0,0
1789683523540,132,Get Booking,200,OK,Thread Group 1-383,text,true,,919,253,217,217,https://restful-booker.herokuapp.com/booking/4796,132,0,0
1789683502094,21579,Login,200,OK,Thread Group 1-511,text,false,"The operation lasted too long: It took 21,579 milliseconds, but should not have lasted longer than 2,000 milliseconds.",774,325,217,217,https://restful-booker.herokuapp.com/auth,21579,0,21448
1789683502100,21586,Login,200,OK,Thread Group 1-529,text,false,"The operation lasted too long: It took 21,586 milliseconds, but should not have lasted longer than 2,000 milliseconds.",774,325,217,217,https://restful-booker.herokuapp.com/auth,21586,0,21454
1789683523561,136,DeleteBooking,200,OK,Thread Group 1-77,text,true,,918,253,216,216,https://restful-booker.herokuapp.com/booking/4728,136,0,0
1789683523573,135,CreateBooking,200,OK,Thread Group 1-421,text,true,,945,518,215,215,https://restful-booker.herokuapp.com/booking,135,0,0
1789683523301,410,Get Booking IDs,200,OK,Thread Group 1-290,text,true,,66526,248,215,215,https://restful-booker.herokuapp.com/booking,139,0,0
1789683523587,135,Get Booking,200,OK,Thread Group 1-300,text,true,,919,253,214,214,https://restful-booker.herokuapp.com/booking/4786,135,0,0
1789683523593,131,CreateBooking,200,OK,Thread Group 1-398,text,true,,947,520,214,214,https://restful-booker.herokuapp.com/booking,131,0,0
1789683523311,418,Get Booking IDs,200,OK,Thread Group 1-233,text,true,,66526,248,214,214,https://restful-booker.herokuapp.com/booking,139,0,0
1789683502143,21591,Login,200,OK,Thread Group 1-559,text,false,"The operation lasted too long: It took 21,591 milliseconds, but should not have lasted longer than 2,000 milliseconds.",774,325,213,213,https://restful-booker.herokuapp.com/auth,21591,0,21454
1789683502174,21561,Login,200,OK,Thread Group 1-528,text,false,"The operation lasted too long: It took 21,561 milliseconds, but should not have lasted longer than 2,000 milliseconds.",774,325,212,212,https://restful-booker.herokuapp.com/auth,21561,0,21429
1789683523606,134,CreateBooking,200,OK,Thread Group 1-437,text,true,,948,521,212,212,https://restful-booker.herokuapp.com/booking,134,0,0
1789683523617,134,CreateBooking,200,OK,Thread Group 1-457,text,true,,948,521,212,212,https://restful-booker.herokuapp.com/booking,134,0,0
1789683502172,21579,Login,200,OK,Thread Group 1-586,text,false,"The operation lasted too long: It took 21,579 milliseconds, but should not have lasted longer than 2,000 milliseconds.",774,325,212,212,https://restful-booker.herokuapp.com/auth,21579,0,21445
1789683523344,413,Get Booking IDs,200,OK,Thread Group 1-240,text,true,,66526,248,212,212,https://restful-booker.herokuapp.com/booking,140,0,0
1789683502185,21575,Login,200,OK,Thread Group 1-579,text,false,"The operation lasted too long: It took 21,575 milliseconds, but should not have lasted longer than 2,000 milliseconds.",774,325,211,211,https://restful-booker.herokuapp.com/auth,21575,0,21444
1789683502174,21588,Login,200,OK,Thread Group 1-581,text,false,"The operation lasted too long: It took 21,588 milliseconds, but should not have lasted longer than 2,000 milliseconds.",774,325,210,210,https://restful-booker.herokuapp.com/auth,21587,0,21455
1789683502172,21597,Login,200,OK,Thread Group 1-539,text,false,"The operation lasted too long: It took 21,597 milliseconds, but should not have lasted longer than 2,000 milliseconds.",774,325,210,210,https://restful-booker.herokuapp.com/auth,21597,0,21459
1789683523657,130,CreateBooking,200,OK,Thread Group 1-443,text,true,,945,518,209,209,https://restful-booker.herokuapp.com/booking,130,0,0
1789683523377,415,Get Booking IDs,200,OK,Thread Group 1-248,text,true,,66545,248,209,209,https://restful-booker.herokuapp.com/booking,133,0,0
1789683502199,21594,Login,200,OK,Thread Group 1-573,text,false,"The operation lasted too long: It took 21,594 milliseconds, but should not have lasted longer than 2,000 milliseconds.",774,325,208,208,https://restful-booker.herokuapp.com/auth,21594,0,21454
1789683523659,136,UpdateBooking - PUT,200,OK,Thread Group 1-171,text,true,,918,524,208,208,https://restful-booker.herokuapp.com/booking/4742,136,0,0
1789683523662,136,UpdateBooking - PUT,200,OK,Thread Group 1-197,text,true,,918,524,208,208,https://restful-booker.herokuapp.com/booking/4758,136,0,0
1789683523661,137,DeleteBooking,200,OK,Thread Group 1-51,text,true,,918,253,208,208,https://restful-booker.herokuapp.com/booking/4714,137,0,0
1789683523401,399,Get Booking IDs,200,OK,Thread Group 1-298,text,true,,66545,248,207,207,https://restful-booker.herokuapp.com/booking,132,0,0
1789683502221,21587,Login,200,OK,Thread Group 1-560,text,false,"The operation lasted too long: It took 21,587 milliseconds, but should not have lasted longer than 2,000 milliseconds.",775,327,206,206,https://restful-booker.herokuapp.com/auth,21587,0,21450
1789683523679,130,DeleteBooking,200,OK,Thread Group 1-64,text,true,,918,253,206,206,https://restful-booker.herokuapp.com/booking/4708,130,0,0
1789683502250,21577,Login,200,OK,Thread Group 1-554,text,false,"The operation lasted too long: It took 21,577 milliseconds, but should not have lasted longer than 2,000 milliseconds.",774,325,205,205,https://restful-booker.herokuapp.com/auth,21577,0,21441
1789683523419,421,Get Booking IDs,200,OK,Thread Group 1-316,text,true,,66545,248,205,205,https://restful-booker.herokuapp.com/booking,138,0,0
1789683502266,21578,Login,200,OK,Thread Group 1-567,text,false,"The operation lasted too long: It took 21,578 milliseconds, but should not have lasted longer than 2,000 milliseconds.",774,325,204,204,https://restful-booker.herokuapp.com/auth,21578,0,21438
1789683523450,403,Get Booking IDs,200,OK,Thread Group 1-277,text,true,,66564,248,204,204,https://restful-booker.herokuapp.com/booking,133,0,0
1789683502267,21586,Login,200,OK,Thread Group 1-563,text,false,"The operation lasted too long: It took 21,586 milliseconds, but should not have lasted longer than 2,000 milliseconds.",774,325,204,204,https://restful-booker.herokuapp.com/auth,21586,0,21451
1789683502259,21594,Login,200,OK,Thread Group 1-551,text,false,"The operation lasted too long: It took 21,594 milliseconds, but should not have lasted longer than 2,000 milliseconds.",774,325,204,204,https://restful-booker.herokuapp.com/auth,21594,0,21459
1789683523722,132,Get Booking,200,OK,Thread Group 1-371,text,true,,920,253,204,204,https://restful-booker.herokuapp.com/booking/4805,132,0,0
1789683523728,137,Get Booking,200,OK,Thread Group 1-378,text,true,,916,253,204,204,https://restful-booker.herokuapp.com/booking/4803,137,0,0
1789683502296,21576,Login,200,OK,Thread Group 1-558,text,false,"The operation lasted too long: It took 21,576 milliseconds, but should not have lasted longer than 2,000 milliseconds.",778,325,204,204,https://restful-booker.herokuapp.com/auth,21576,0,21443
1789683523741,132,CreateBooking,200,OK,Thread Group 1-450,text,true,,952,521,204,204,https://restful-booker.herokuapp.com/booking,132,0,0
1789683502276,21598,Login,200,OK,Thread Group 1-549,text,false,"The operation lasted too long: It took 21,598 milliseconds, but should not have lasted longer than 2,000 milliseconds.",778,325,204,204,https://restful-booker.herokuapp.com/auth,21598,0,21462
1789683523741,134,CreateBooking,200,OK,Thread Group 1-541,text,true,,953,522,203,203,https://restful-booker.herokuapp.com/booking,134,0,0
1789683523745,134,DeleteBooking,200,OK,Thread Group 1-17,text,true,,922,253,203,203,https://restful-booker.herokuapp.com/booking/4705,134,0,0
1789683523751,133,Get Booking,200,OK,Thread Group 1-411,text,true,,924,253,202,202,https://restful-booker.herokuapp.com/booking/4807,133,0,0
1789683502320,21566,Login,200,OK,Thread Group 1-578,text,false,"The operation lasted too long: It took 21,566 milliseconds, but should not have lasted longer than 2,000 milliseconds.",778,325,202,202,https://restful-booker.herokuapp.com/auth,21566,0,21433
1789683523762,131,CreateBooking,200,OK,Thread Group 1-471,text,true,,949,518,202,202,https://restful-booker.herokuapp.com/booking,131,0,0
1789683502351,21547,Login,200,OK,Thread Group 1-580,text,false,"The operation lasted too long: It took 21,547 milliseconds, but should not have lasted longer than 2,000 milliseconds.",779,327,202,202,https://restful-booker.herokuapp.com/auth,21547,0,21414
1789683523764,134,CreateBooking,200,OK,Thread Group 1-497,text,true,,952,521,202,202,https://restful-booker.herokuapp.com/booking,134,0,0
1789683502326,21573,Login,200,OK,Thread Group 1-570,text,false,"The operation lasted too long: It took 21,573 milliseconds, but should not have lasted longer than 2,000 milliseconds.",779,327,202,202,https://restful-booker.herokuapp.com/auth,21573,0,21439
1789683523768,131,Get Booking,200,OK,Thread Group 1-461,text,true,,924,253,202,202,https://restful-booker.herokuapp.com/booking/4814,131,0,0
1789683523768,133,UpdateBooking - PUT,200,OK,Thread Group 1-251,text,true,,922,524,202,202,https://restful-booker.herokuapp.com/booking/4769,133,0,0
1789683523503,413,Get Booking IDs,200,OK,Thread Group 1-337,text,true,,66640,248,202,202,https://restful-booker.herokuapp.com/booking,140,0,0
1789683523781,134,Get Booking,200,OK,Thread Group 1-414,text,true,,920,253,202,202,https://restful-booker.herokuapp.com/booking/4800,134,0,0
1789683523781,134,CreateBooking,200,OK,Thread Group 1-531,text,true,,953,522,202,202,https://restful-booker.herokuapp.com/booking,134,0,0
1789683502350,21574,Login,200,OK,Thread Group 1-605,text,false,"The operation lasted too long: It took 21,574 milliseconds, but should not have lasted longer than 2,000 milliseconds.",779,327,202,202,https://restful-booker.herokuapp.com/auth,21574,0,21441
1789683523794,132,CreateBooking,200,OK,Thread Group 1-501,text,true,,951,520,201,201,https://restful-booker.herokuapp.com/booking,132,0,0
1789683502359,21575,Login,200,OK,Thread Group 1-591,text,false,"The operation lasted too long: It took 21,575 milliseconds, but should not have lasted longer than 2,000 milliseconds.",778,325,201,201,https://restful-booker.herokuapp.com/auth,21575,0,21434
1789683502370,21566,Login,200,OK,Thread Group 1-606,text,false,"The operation lasted too long: It took 21,566 milliseconds, but should not have lasted longer than 2,000 milliseconds.",778,325,201,201,https://restful-booker.herokuapp.com/auth,21566,0,21428
1789683523806,133,Get Booking,200,OK,Thread Group 1-448,text,true,,922,253,201,201,https://restful-booker.herokuapp.com/booking/4809,133,0,0
1789683523815,136,CreateBooking,200,OK,Thread Group 1-506,text,true,,951,520,201,201,https://restful-booker.herokuapp.com/booking,136,0,0
1789683523819,134,Get Booking,200,OK,Thread Group 1-396,text,true,,923,253,201,201,https://restful-booker.herokuapp.com/booking/4802,134,0,0
1789683523539,431,Get Booking IDs,200,OK,Thread Group 1-301,text,true,,66659,248,201,201,https://restful-booker.herokuapp.com/booking,275,0,0
1789683523826,144,CreateBooking,200,OK,Thread Group 1-503,text,true,,953,522,201,201,https://restful-booker.herokuapp.com/booking,144,0,0
1789683523826,144,Get Booking,200,OK,Thread Group 1-446,text,true,,923,253,200,200,https://restful-booker.herokuapp.com/booking/4813,144,0,0
1789683523836,139,CreateBooking,200,OK,Thread Group 1-514,text,true,,952,521,200,200,https://restful-booker.herokuapp.com/booking,139,0,0
1789683523828,148,UpdateBooking - PUT,200,OK,Thread Group 1-237,text,true,,922,524,200,200,https://restful-booker.herokuapp.com/booking/4755,148,0,0
1789683523571,413,Get Booking IDs,200,OK,Thread Group 1-267,text,true,,66659,248,200,200,https://restful-booker.herokuapp.com/booking,269,0,0
1789683502392,21595,Login,200,OK,Thread Group 1-607,text,false,"The operation lasted too long: It took 21,595 milliseconds, but should not have lasted longer than 2,000 milliseconds.",778,325,199,199,https://restful-booker.herokuapp.com/auth,21595,0,21461
1789683523857,132,CreateBooking,200,OK,Thread Group 1-540,text,true,,952,521,199,199,https://restful-booker.herokuapp.com/booking,132,0,0
1789683502426,21581,Login,200,OK,Thread Group 1-648,text,false,"The operation lasted too long: It took 21,581 milliseconds, but should not have lasted longer than 2,000 milliseconds.",778,325,199,199,https://restful-booker.herokuapp.com/auth,21581,0,21444
1789683502430,21577,Login,200,OK,Thread Group 1-595,text,false,"The operation lasted too long: It took 21,577 milliseconds, but should not have lasted longer than 2,000 milliseconds.",779,327,199,199,https://restful-booker.herokuapp.com/auth,21577,0,21444
1789683523589,421,Get Booking IDs,200,OK,Thread Group 1-321,text,true,,66697,248,198,198,https://restful-booker.herokuapp.com/booking,142,0,0
1789683502428,21585,Login,200,OK,Thread Group 1-583,text,false,"The operation lasted too long: It took 21,585 milliseconds, but should not have lasted longer than 2,000 milliseconds.",778,325,197,197,https://restful-booker.herokuapp.com/auth,21585,0,21446
1789683502413,21600,Login,200,OK,Thread Group 1-577,text,false,"The operation lasted too long: It took 21,600 milliseconds, but should not have lasted longer than 2,000 milliseconds.",778,325,197,197,https://restful-booker.herokuapp.com/auth,21600,0,21461
1789683523879,133,CreateBooking,200,OK,Thread Group 1-510,text,true,,952,521,197,197,https://restful-booker.herokuapp.com/booking,133,0,0
1789683523880,134,CreateBooking,200,OK,Thread Group 1-511,text,true,,952,521,197,197,https://restful-booker.herokuapp.com/booking,134,0,0
1789683523889,129,UpdateBooking - PATCH,200,OK,Thread Group 1-197,text,true,,922,333,197,197,https://restful-booker.herokuapp.com/booking/4758,129,0,0
1789683523894,130,Get Booking,200,OK,Thread Group 1-454,text,true,,924,253,197,197,https://restful-booker.herokuapp.com/booking/4808,130,0,0
1789683502474,21554,Login,200,OK,Thread Group 1-618,text,false,"The operation lasted too long: It took 21,554 milliseconds, but should not have lasted longer than 2,000 milliseconds.",778,325,197,197,https://restful-booker.herokuapp.com/auth,21554,0,21424
1789683523899,129,Get Booking,200,OK,Thread Group 1-398,text,true,,922,253,197,197,https://restful-booker.herokuapp.com/booking/4818,129,0,0
1789683502469,21562,Login,200,OK,Thread Group 1-650,text,false,"The operation lasted too long: It took 21,562 milliseconds, but should not have lasted longer than 2,000 milliseconds.",779,327,197,197,https://restful-booker.herokuapp.com/auth,21562,0,21432
1789683502467,21571,Login,200,OK,Thread Group 1-593,text,false,"The operation lasted too long: It took 21,571 milliseconds, but should not have lasted longer than 2,000 milliseconds.",778,325,197,197,https://restful-booker.herokuapp.com/auth,21571,0,21439
1789683523913,129,CreateBooking,200,OK,Thread Group 1-498,text,true,,952,521,197,197,https://restful-booker.herokuapp.com/booking,129,0,0
1789683502477,21572,Login,200,OK,Thread Group 1-601,text,false,"The operation lasted too long: It took 21,572 milliseconds, but should not have lasted longer than 2,000 milliseconds.",778,325,197,197,https://restful-booker.herokuapp.com/auth,21572,0,21437
1789683523919,133,CreateBooking,200,OK,Thread Group 1-528,text,true,,951,520,197,197,https://restful-booker.herokuapp.com/booking,133,0,0
1789683523915,137,DeleteBooking,200,OK,Thread Group 1-131,text,true,,922,253,197,197,https://restful-booker.herokuapp.com/booking/4730,137,0,0
1789683502479,21576,Login,200,OK,Thread Group 1-647,text,false,"The operation lasted too long: It took 21,576 milliseconds, but should not have lasted longer than 2,000 milliseconds.",778,325,196,196,https://restful-booker.herokuapp.com/auth,21576,0,21439
1789683523659,408,Get Booking IDs,200,OK,Thread Group 1-353,text,true,,66811,248,196,196,https://restful-booker.herokuapp.com/booking,136,0,0
1789683523671,406,Get Booking IDs,200,OK,Thread Group 1-390,text,true,,66811,248,195,195,https://restful-booker.herokuapp.com/booking,137,0,0
1789683523945,132,Get Booking,200,OK,Thread Group 1-541,text,true,,924,253,194,194,https://restful-booker.herokuapp.com/booking/4825,132,0,0
1789683523947,131,Get Booking,200,OK,Thread Group 1-377,text,true,,923,253,194,194,https://restful-booker.herokuapp.com/booking/4812,131,0,0
1789683502497,21585,Login,200,OK,Thread Group 1-594,text,false,"The operation lasted too long: It took 21,585 milliseconds, but should not have lasted longer than 2,000 milliseconds.",778,325,194,194,https://restful-booker.herokuapp.com/auth,21584,0,21452
1789683523677,412,Get Booking IDs,200,OK,Thread Group 1-317,text,true,,66811,248,194,194,https://restful-booker.herokuapp.com/booking,133,0,0
1789683523687,426,Get Booking IDs,200,OK,Thread Group 1-388,text,true,,66811,248,194,194,https://restful-booker.herokuapp.com/booking,138,0,0
1789683523699,416,Get Booking IDs,200,OK,Thread Group 1-350,text,true,,66811,248,193,193,https://restful-booker.herokuapp.com/booking,138,0,0
1789683523698,419,Get Booking IDs,200,OK,Thread Group 1-354,text,true,,66811,248,192,192,https://restful-booker.herokuapp.com/booking,137,0,0
1789683502517,21604,Login,200,OK,Thread Group 1-602,text,false,"The operation lasted too long: It took 21,604 milliseconds, but should not have lasted longer than 2,000 milliseconds.",778,325,191,191,https://restful-booker.herokuapp.com/auth,21604,0,21469
1789683523990,135,Get Booking,200,OK,Thread Group 1-437,text,true,,923,253,190,190,https://restful-booker.herokuapp.com/booking/4819,135,0,0
1789683502522,21608,Login,200,OK,Thread Group 1-645,text,false,"The operation lasted too long: It took 21,608 milliseconds, but should not have lasted longer than 2,000 milliseconds.",779,327,190,190,https://restful-booker.herokuapp.com/auth,21608,0,21468
1789683523700,431,Get Booking IDs,200,OK,Thread Group 1-341,text,true,,66811,248,190,190,https://restful-booker.herokuapp.com/booking,140,0,0
1789683524007,131,CreateBooking,200,OK,Thread Group 1-573,text,true,,949,518,188,188,https://restful-booker.herokuapp.com/booking,131,0,0
1789683524007,133,CreateBooking,200,OK,Thread Group 1-586,text,true,,953,522,188,188,https://restful-booker.herokuapp.com/booking,133,0,0
1789683502574,21571,Login,200,OK,Thread Group 1-657,text,false,"The operation lasted too long: It took 21,571 milliseconds, but should not have lasted longer than 2,000 milliseconds.",778,325,188,188,https://restful-booker.herokuapp.com/auth,21571,0,21439
1789683524031,136,Get Booking,200,OK,Thread Group 1-480,text,true,,922,253,188,188,https://restful-booker.herokuapp.com/booking/4815,136,0,0
1789683523771,402,Get Booking IDs,200,OK,Thread Group 1-346,text,true,,66891,248,188,188,https://restful-booker.herokuapp.com/booking,134,0,0
1789683524037,136,Get Booking,200,OK,Thread Group 1-540,text,true,,923,253,188,188,https://restful-booker.herokuapp.com/booking/4836,136,0,0
1789683524039,134,CreateBooking,200,OK,Thread Group 1-548,text,true,,949,518,188,188,https://restful-booker.herokuapp.com/booking,134,0,0
1789683524044,133,Get Booking,200,OK,Thread Group 1-457,text,true,,923,253,187,187,https://restful-booker.herokuapp.com/booking/4821,133,0,0
1789683524048,132,Get Booking,200,OK,Thread Group 1-443,text,true,,920,253,187,187,https://restful-booker.herokuapp.com/booking/4823,132,0,0
1789683524047,135,Get Booking,200,OK,Thread Group 1-514,text,true,,923,253,187,187,https://restful-booker.herokuapp.com/booking/4833,135,0,0
1789683502613,21571,Login,200,OK,Thread Group 1-635,text,false,"The operation lasted too long: It took 21,571 milliseconds, but should not have lasted longer than 2,000 milliseconds.",779,327,187,187,https://restful-booker.herokuapp.com/auth,21571,0,21436
1789683524068,131,CreateBooking,200,OK,Thread Group 1-567,text,true,,953,522,186,186,https://restful-booker.herokuapp.com/booking,131,0,0
1789683524073,131,UpdateBooking - PUT,200,OK,Thread Group 1-277,text,true,,922,524,186,186,https://restful-booker.herokuapp.com/booking/4770,131,0,0
1789683502622,21584,Login,200,OK,Thread Group 1-610,text,false,"The operation lasted too long: It took 21,584 milliseconds, but should not have lasted longer than 2,000 milliseconds.",779,327,186,186,https://restful-booker.herokuapp.com/auth,21584,0,21451
1789683524077,131,Get Booking,200,OK,Thread Group 1-531,text,true,,924,253,186,186,https://restful-booker.herokuapp.com/booking/4829,131,0,0
1789683502645,21564,Login,200,OK,Thread Group 1-695,text,false,"The operation lasted too long: It took 21,564 milliseconds, but should not have lasted longer than 2,000 milliseconds.",779,327,186,186,https://restful-booker.herokuapp.com/auth,21564,0,21432
1789683524079,133,CreateBooking,200,OK,Thread Group 1-578,text,true,,951,520,185,185,https://restful-booker.herokuapp.com/booking,133,0,0
1789683524082,133,Get Booking,200,OK,Thread Group 1-450,text,true,,923,253,185,185,https://restful-booker.herokuapp.com/booking/4824,133,0,0
1789683502645,21573,Login,200,OK,Thread Group 1-668,text,false,"The operation lasted too long: It took 21,573 milliseconds, but should not have lasted longer than 2,000 milliseconds.",778,325,185,185,https://restful-booker.herokuapp.com/auth,21573,0,21437
1789683524087,137,CreateBooking,200,OK,Thread Group 1-524,text,true,,951,520,185,185,https://restful-booker.herokuapp.com/booking,137,0,0
1789683502647,21578,Login,200,OK,Thread Group 1-604,text,false,"The operation lasted too long: It took 21,578 milliseconds, but should not have lasted longer than 2,000 milliseconds.",778,325,185,185,https://restful-booker.herokuapp.com/auth,21578,0,21444
1789683502641,21586,Login,200,OK,Thread Group 1-640,text,false,"The operation lasted too long: It took 21,586 milliseconds, but should not have lasted longer than 2,000 milliseconds.",779,327,185,185,https://restful-booker.herokuapp.com/auth,21586,0,21452
1789683524096,133,CreateBooking,200,OK,Thread Group 1-554,text,true,,951,520,185,185,https://restful-booker.herokuapp.com/booking,133,0,0
1789683524107,135,CreateBooking,200,OK,Thread Group 1-581,text,true,,952,521,185,185,https://restful-booker.herokuapp.com/booking,135,0,0
1789683524114,133,CreateBooking,200,OK,Thread Group 1-551,text,true,,952,521,185,185,https://restful-booker.herokuapp.com/booking,133,0,0
1789683502665,21586,Login,200,OK,Thread Group 1-664,text,false,"The operation lasted too long: It took 21,586 milliseconds, but should not have lasted longer than 2,000 milliseconds.",778,325,185,185,https://restful-booker.herokuapp.com/auth,21586,0,21451
1789683502681,21575,Login,200,OK,Thread Group 1-667,text,false,"The operation lasted too long: It took 21,575 milliseconds, but should not have lasted longer than 2,000 milliseconds.",778,325,185,185,https://restful-booker.herokuapp.com/auth,21575,0,21441
1789683524121,134,Get Booking,200,OK,Thread Group 1-421,text,true,,920,253,185,185,https://restful-booker.herokuapp.com/booking/4817,134,0,0
1789683524132,131,CreateBooking,200,OK,Thread Group 1-546,text,true,,949,518,185,185,https://restful-booker.herokuapp.com/booking,131,0,0
1789683502712,21552,Login,200,OK,Thread Group 1-683,text,false,"The operation lasted too long: It took 21,552 milliseconds, but should not have lasted longer than 2,000 milliseconds.",778,325,185,185,https://restful-booker.herokuapp.com/auth,21552,0,21419
1789683502708,21558,Login,200,OK,Thread Group 1-642,text,false,"The operation lasted too long: It took 21,558 milliseconds, but should not have lasted longer than 2,000 milliseconds.",778,325,185,185,https://restful-booker.herokuapp.com/auth,21558,0,21425
1789683502692,21576,Login,200,OK,Thread Group 1-624,text,false,"The operation lasted too long: It took 21,576 milliseconds, but should not have lasted longer than 2,000 milliseconds.",778,325,184,184,https://restful-booker.herokuapp.com/auth,21576,0,21439
1789683524147,133,CreateBooking,200,OK,Thread Group 1-558,text,true,,952,521,184,184,https://restful-booker.herokuapp.com/booking,133,0,0
1789683524152,130,CreateBooking,200,OK,Thread Group 1-563,text,true,,949,518,184,184,https://restful-booker.herokuapp.com/booking,130,0,0
1789683502707,21577,Login,200,OK,Thread Group 1-658,text,false,"The operation lasted too long: It took 21,577 milliseconds, but should not have lasted longer than 2,000 milliseconds.",778,325,184,184,https://restful-booker.herokuapp.com/auth,21577,0,21440
1789683524151,132,CreateBooking,200,OK,Thread Group 1-583,text,true,,949,518,184,184,https://restful-booker.herokuapp.com/booking,132,0,0
1789683524152,134,UpdateBooking - PATCH,200,OK,Thread Group 1-171,text,true,,922,333,184,184,https://restful-booker.herokuapp.com/booking/4742,134,0,0
1789683502724,21564,Login,200,OK,Thread Group 1-644,text,false,"The operation lasted too long: It took 21,564 milliseconds, but should not have lasted longer than 2,000 milliseconds.",778,325,184,184,https://restful-booker.herokuapp.com/auth,21564,0,21430
1789683524178,134,Get Booking,200,OK,Thread Group 1-506,text,true,,922,253,184,184,https://restful-booker.herokuapp.com/booking/4831,134,0,0
1789683523911,405,Get Booking IDs,200,OK,Thread Group 1-343,text,true,,67081,248,184,184,https://restful-booker.herokuapp.com/booking,132,0,0
1789683524185,136,CreateBooking,200,OK,Thread Group 1-594,text,true,,952,521,183,183,https://restful-booker.herokuapp.com/booking,136,0,0
1789683524184,141,CreateBooking,200,OK,Thread Group 1-560,text,true,,952,521,183,183,https://restful-booker.herokuapp.com/booking,141,0,0
1789683523923,404,Get Booking IDs,200,OK,Thread Group 1-373,text,true,,67119,248,183,183,https://restful-booker.herokuapp.com/booking,135,0,0
1789683524194,135,CreateBooking,200,OK,Thread Group 1-580,text,true,,953,522,182,182,https://restful-booker.herokuapp.com/booking,135,0,0
1789683523910,424,Get Booking IDs,200,OK,Thread Group 1-357,text,true,,67081,248,182,182,https://restful-booker.herokuapp.com/booking,140,0,0
1789683502730,21605,Login,200,OK,Thread Group 1-700,text,false,"The operation lasted too long: It took 21,605 milliseconds, but should not have lasted longer than 2,000 milliseconds.",779,327,182,182,https://restful-booker.herokuapp.com/auth,21605,0,21465
1789683523929,406,Get Booking IDs,200,OK,Thread Group 1-401,text,true,,67119,248,182,182,https://restful-booker.herokuapp.com/booking,134,0,0
1789683502785,21571,Login,200,OK,Thread Group 1-697,text,false,"The operation lasted too long: It took 21,571 milliseconds, but should not have lasted longer than 2,000 milliseconds.",778,325,181,181,https://restful-booker.herokuapp.com/auth,21571,0,21439
1789683502799,21560,Login,200,OK,Thread Group 1-665,text,false,"The operation lasted too long: It took 21,560 milliseconds, but should not have lasted longer than 2,000 milliseconds.",779,327,181,181,https://restful-booker.herokuapp.com/auth,21560,0,21428
1789683502790,21571,Login,200,OK,Thread Group 1-662,text,false,"The operation lasted too long: It took 21,571 milliseconds, but should not have lasted longer than 2,000 milliseconds.",778,325,180,180,https://restful-booker.herokuapp.com/auth,21571,0,21438
1789683502778,21585,Login,200,OK,Thread Group 1-661,text,false,"The operation lasted too long: It took 21,585 milliseconds, but should not have lasted longer than 2,000 milliseconds.",778,325,179,179,https://restful-booker.herokuapp.com/auth,21585,0,21452
1789683524231,135,CreateBooking,200,OK,Thread Group 1-648,text,true,,953,522,179,179,https://restful-booker.herokuapp.com/booking,135,0,0
1789683502774,21599,Login,200,OK,Thread Group 1-682,text,false,"The operation lasted too long: It took 21,599 milliseconds, but should not have lasted longer than 2,000 milliseconds.",778,325,179,179,https://restful-booker.herokuapp.com/auth,21599,0,21469
1789683524240,133,Get Booking,200,OK,Thread Group 1-471,text,true,,920,253,178,178,https://restful-booker.herokuapp.com/booking/4826,133,0,0
1789683524238,136,CreateBooking,200,OK,Thread Group 1-601,text,true,,952,521,178,178,https://restful-booker.herokuapp.com/booking,136,0,0
1789683502803,21582,Login,200,OK,Thread Group 1-705,text,false,"The operation lasted too long: It took 21,582 milliseconds, but should not have lasted longer than 2,000 milliseconds.",779,327,178,178,https://restful-booker.herokuapp.com/auth,21582,0,21451
1789683502790,21599,Login,200,OK,Thread Group 1-701,text,false,"The operation lasted too long: It took 21,599 milliseconds, but should not have lasted longer than 2,000 milliseconds.",778,325,177,177,https://restful-booker.herokuapp.com/auth,21599,0,21469
1789683502787,21605,Login,200,OK,Thread Group 1-671,text,false,"The operation lasted too long: It took 21,605 milliseconds, but should not have lasted longer than 2,000 milliseconds.",778,325,177,177,https://restful-booker.herokuapp.com/auth,21605,0,21470
1789683502806,21587,Login,200,OK,Thread Group 1-720,text,false,"The operation lasted too long: It took 21,587 milliseconds, but should not have lasted longer than 2,000 milliseconds.",779,327,177,177,https://restful-booker.herokuapp.com/auth,21587,0,21455
1789683524263,130,DeleteBooking,200,OK,Thread Group 1-197,text,true,,922,253,177,177,https://restful-booker.herokuapp.com/booking/4758,130,0,0
1789683502803,21597,Login,200,OK,Thread Group 1-674,text,false,"The operation lasted too long: It took 21,597 milliseconds, but should not have lasted longer than 2,000 milliseconds.",778,325,176,176,https://restful-booker.herokuapp.com/auth,21597,0,21464
1789683524269,130,CreateBooking,200,OK,Thread Group 1-650,text,true,,951,520,176,176,https://restful-booker.herokuapp.com/booking,130,0,0
1789683524275,133,UpdateBooking - PUT,200,OK,Thread Group 1-337,text,true,,922,524,176,176,https://restful-booker.herokuapp.com/booking/4781,133,0,0
1789683502823,21591,Login,200,OK,Thread Group 1-676,text,false,"The operation lasted too long: It took 21,591 milliseconds, but should not have lasted longer than 2,000 milliseconds.",778,325,176,176,https://restful-booker.herokuapp.com/auth,21591,0,21458
1789683524283,133,Get Booking,200,OK,Thread Group 1-501,text,true,,922,253,176,176,https://restful-booker.herokuapp.com/booking/4830,133,0,0
1789683524285,131,Get Booking,200,OK,Thread Group 1-498,text,true,,923,253,176,176,https://restful-booker.herokuapp.com/booking/4839,131,0,0
1789683524283,134,CreateBooking,200,OK,Thread Group 1-570,text,true,,952,521,176,176,https://restful-booker.herokuapp.com/booking,134,0,0
1789683502847,21573,Login,200,OK,Thread Group 1-702,text,false,"The operation lasted too long: It took 21,573 milliseconds, but should not have lasted longer than 2,000 milliseconds.",778,325,176,176,https://restful-booker.herokuapp.com/auth,21573,0,21439
1789683502857,21570,Login,200,OK,Thread Group 1-679,text,false,"The operation lasted too long: It took 21,570 milliseconds, but should not have lasted longer than 2,000 milliseconds.",778,325,175,175,https://restful-booker.herokuapp.com/auth,21570,0,21435
1789683524023,411,Get Booking IDs,200,OK,Thread Group 1-300,text,true,,67138,248,174,174,https://restful-booker.herokuapp.com/booking,267,0,0
1789683524298,139,UpdateBooking - PATCH,200,OK,Thread Group 1-237,text,true,,922,333,173,173,https://restful-booker.herokuapp.com/booking/4755,139,0,0
1789683524028,412,Get Booking IDs,200,OK,Thread Group 1-383,text,true,,67157,248,173,173,https://restful-booker.herokuapp.com/booking,136,0,0
1789683524298,142,UpdateBooking - PATCH,200,OK,Thread Group 1-251,text,true,,922,333,173,173,https://restful-booker.herokuapp.com/booking/4769,142,0,0
1789683524028,413,Get Booking IDs,200,OK,Thread Group 1-381,text,true,,67157,248,172,172,https://restful-booker.herokuapp.com/booking,136,0,0
1789683502868,21582,Login,200,OK,Thread Group 1-690,text,false,"The operation lasted too long: It took 21,582 milliseconds, but should not have lasted longer than 2,000 milliseconds.",779,327,171,171,https://restful-booker.herokuapp.com/auth,21582,0,21447
1789683524318,133,CreateBooking,200,OK,Thread Group 1-618,text,true,,952,521,171,171,https://restful-booker.herokuapp.com/booking,133,0,0
1789683524323,140,Get Booking,200,OK,Thread Group 1-497,text,true,,923,253,171,171,https://restful-booker.herokuapp.com/booking/4827,140,0,0
1789683524328,136,Get Booking,200,OK,Thread Group 1-503,text,true,,924,253,171,171,https://restful-booker.herokuapp.com/booking/4832,136,0,0
1789683524331,133,CreateBooking,200,OK,Thread Group 1-593,text,true,,953,522,171,171,https://restful-booker.herokuapp.com/booking,133,0,0
1789683524340,135,CreateBooking,200,OK,Thread Group 1-591,text,true,,949,518,171,171,https://restful-booker.herokuapp.com/booking,135,0,0
1789683524351,132,Get Booking,200,OK,Thread Group 1-511,text,true,,923,253,171,171,https://restful-booker.herokuapp.com/booking/4838,132,0,0
1789683502902,21583,Login,200,OK,Thread Group 1-744,text,false,"The operation lasted too long: It took 21,583 milliseconds, but should not have lasted longer than 2,000 milliseconds.",778,325,171,171,https://restful-booker.herokuapp.com/auth,21583,0,21449
1789683502897,21589,Login,200,OK,Thread Group 1-692,text,false,"The operation lasted too long: It took 21,589 milliseconds, but should not have lasted longer than 2,000 milliseconds.",778,325,171,171,https://restful-booker.herokuapp.com/auth,21589,0,21456
1789683524356,134,CreateBooking,200,OK,Thread Group 1-606,text,true,,952,521,170,170,https://restful-booker.herokuapp.com/booking,134,0,0
1789683502917,21575,Login,200,OK,Thread Group 1-742,text,false,"The operation lasted too long: It took 21,575 milliseconds, but should not have lasted longer than 2,000 milliseconds.",778,325,170,170,https://restful-booker.herokuapp.com/auth,21575,0,21443
1789683524366,132,Get Booking,200,OK,Thread Group 1-573,text,true,,920,253,169,169,https://restful-booker.herokuapp.com/booking/4841,132,0,0
1789683524378,131,Get Booking,200,OK,Thread Group 1-528,text,true,,922,253,169,169,https://restful-booker.herokuapp.com/booking/4840,131,0,0
1789683524379,131,CreateBooking,200,OK,Thread Group 1-610,text,true,,953,522,169,169,https://restful-booker.herokuapp.com/booking,131,0,0
1789683502930,21590,Login,200,OK,Thread Group 1-726,text,false,"The operation lasted too long: It took 21,590 milliseconds, but should not have lasted longer than 2,000 milliseconds.",778,325,169,169,https://restful-booker.herokuapp.com/auth,21590,0,21456
1789683524400,142,CreateBooking,200,OK,Thread Group 1-647,text,true,,949,518,169,169,https://restful-booker.herokuapp.com/booking,142,0,0
1789683502968,21575,Login,200,OK,Thread Group 1-737,text,false,"The operation lasted too long: It took 21,575 milliseconds, but should not have lasted longer than 2,000 milliseconds.",778,325,169,169,https://restful-booker.herokuapp.com/auth,21575,0,21443
1789683502963,21581,Login,200,OK,Thread Group 1-730,text,false,"The operation lasted too long: It took 21,581 milliseconds, but should not have lasted longer than 2,000 milliseconds.",779,327,169,169,https://restful-booker.herokuapp.com/auth,21581,0,21450
1789683524412,132,Get Booking,200,OK,Thread Group 1-548,text,true,,920,253,169,169,https://restful-booker.herokuapp.com/booking/4844,132,0,0
1789683524421,132,Get Booking,200,OK,Thread Group 1-554,text,true,,922,253,169,169,https://restful-booker.herokuapp.com/booking/4848,132,0,0
1789683502988,21571,Login,200,OK,Thread Group 1-722,text,false,"The operation lasted too long: It took 21,571 milliseconds, but should not have lasted longer than 2,000 milliseconds.",778,325,169,169,https://restful-booker.herokuapp.com/auth,21571,0,21437
1789683524424,134,CreateBooking,200,OK,Thread Group 1-607,text,true,,951,520,169,169,https://restful-booker.herokuapp.com/booking,134,0,0
1789683524427,133,CreateBooking,200,OK,Thread Group 1-577,text,true,,952,521,168,168,https://restful-booker.herokuapp.com/booking,133,0,0
1789683524438,132,Get Booking,200,OK,Thread Group 1-567,text,true,,924,253,168,168,https://restful-booker.herokuapp.com/booking/4845,132,0,0
1789683524165,419,Get Booking IDs,200,OK,Thread Group 1-411,text,true,,67404,248,168,168,https://restful-booker.herokuapp.com/booking,141,0,0
1789683524186,410,Get Booking IDs,200,OK,Thread Group 1-414,text,true,,67442,248,168,168,https://restful-booker.herokuapp.com/booking,136,0,0
1789683524472,134,Get Booking,200,OK,Thread Group 1-510,text,true,,923,253,167,167,https://restful-booker.herokuapp.com/booking/4837,134,0,0
1789683503030,21579,Login,200,OK,Thread Group 1-688,text,false,"The operation lasted too long: It took 21,579 milliseconds, but should not have lasted longer than 2,000 milliseconds.",778,325,167,167,https://restful-booker.herokuapp.com/auth,21579,0,21445
1789683524180,430,Get Booking IDs,200,OK,Thread Group 1-437,text,true,,67404,248,167,167,https://restful-booker.herokuapp.com/booking,137,0,0
1789683524465,145,Get Booking,200,OK,Thread Group 1-546,text,true,,920,253,167,167,https://restful-booker.herokuapp.com/booking/4851,145,0,0
1789683524466,146,Get Booking,200,OK,Thread Group 1-578,text,true,,922,253,167,167,https://restful-booker.herokuapp.com/booking/4846,146,0,0
1789683503021,21593,Login,200,OK,Thread Group 1-764,text,false,"The operation lasted too long: It took 21,593 milliseconds, but should not have lasted longer than 2,000 milliseconds.",778,325,167,167,https://restful-booker.herokuapp.com/auth,21593,0,21456
1789683524488,144,CreateBooking,200,OK,Thread Group 1-624,text,true,,949,518,167,167,https://restful-booker.herokuapp.com/booking,144,0,0
1789683524497,140,CreateBooking,200,OK,Thread Group 1-657,text,true,,951,520,167,167,https://restful-booker.herokuapp.com/booking,140,0,0
1789683503049,21589,Login,200,OK,Thread Group 1-752,text,false,"The operation lasted too long: It took 21,589 milliseconds, but should not have lasted longer than 2,000 milliseconds.",778,325,167,167,https://restful-booker.herokuapp.com/auth,21589,0,21446
1789683503062,21580,Login,200,OK,Thread Group 1-733,text,false,"The operation lasted too long: It took 21,580 milliseconds, but should not have lasted longer than 2,000 milliseconds.",778,325,166,166,https://restful-booker.herokuapp.com/auth,21580,0,21447
1789683524516,137,CreateBooking,200,OK,Thread Group 1-604,text,true,,949,518,166,166,https://restful-booker.herokuapp.com/booking,137,0,0
1789683524232,424,Get Booking IDs,200,OK,Thread Group 1-446,text,true,,67480,248,166,166,https://restful-booker.herokuapp.com/booking,280,0,0
1789683524524,133,Get Booking,200,OK,Thread Group 1-601,text,true,,923,253,165,165,https://restful-booker.herokuapp.com/booking/4861,133,0,0
1789683503082,21587,Login,200,OK,Thread Group 1-753,text,false,"The operation lasted too long: It took 21,587 milliseconds, but should not have lasted longer than 2,000 milliseconds.",778,325,165,165,https://restful-booker.herokuapp.com/auth,21587,0,21452
1789683524536,136,UpdateBooking - PUT,200,OK,Thread Group 1-317,text,true,,922,524,165,165,https://restful-booker.herokuapp.com/booking/4779,136,0,0
1789683524542,140,CreateBooking,200,OK,Thread Group 1-644,text,true,,951,520,165,165,https://restful-booker.herokuapp.com/booking,140,0,0
1789683524549,133,Get Booking,200,OK,Thread Group 1-586,text,true,,924,253,165,165,https://restful-booker.herokuapp.com/booking/4842,133,0,0
1789683524553,135,Get Booking,200,OK,Thread Group 1-594,text,true,,923,253,165,165,https://restful-booker.herokuapp.com/booking/4858,135,0,0
1789683524280,412,Get Booking IDs,200,OK,Thread Group 1-378,text,true,,67518,248,165,165,https://restful-booker.herokuapp.com/booking,137,0,0
1789683524293,407,Get Booking IDs,200,OK,Thread Group 1-371,text,true,,67537,248,164,164,https://restful-booker.herokuapp.com/booking,139,0,0
1789683524574,136,CreateBooking,200,OK,Thread Group 1-667,text,true,,953,522,164,164,https://restful-booker.herokuapp.com/booking,136,0,0
1789683524583,136,Get Booking,200,OK,Thread Group 1-591,text,true,,920,253,164,164,https://restful-booker.herokuapp.com/booking/4868,136,0,0
1789683524308,416,Get Booking IDs,200,OK,Thread Group 1-396,text,true,,67537,248,164,164,https://restful-booker.herokuapp.com/booking,141,0,0
1789683524587,138,DeleteBooking,200,OK,Thread Group 1-237,text,true,,922,253,164,164,https://restful-booker.herokuapp.com/booking/4755,137,0,0
1789683503113,21620,Login,200,OK,Thread Group 1-766,text,false,"The operation lasted too long: It took 21,620 milliseconds, but should not have lasted longer than 2,000 milliseconds.",778,325,162,162,https://restful-booker.herokuapp.com/auth,21620,0,21484
1789683524311,422,Get Booking IDs,200,OK,Thread Group 1-448,text,true,,67537,248,162,162,https://restful-booker.herokuapp.com/booking,281,0,0
1789683524598,136,CreateBooking,200,OK,Thread Group 1-658,text,true,,952,521,161,161,https://restful-booker.herokuapp.com/booking,136,0,0
1789683524600,135,CreateBooking,200,OK,Thread Group 1-668,text,true,,952,521,161,161,https://restful-booker.herokuapp.com/booking,135,0,0
1789683524607,135,CreateBooking,200,OK,Thread Group 1-640,text,true,,952,521,161,161,https://restful-booker.herokuapp.com/booking,135,0,0
1789683503154,21589,Login,200,OK,Thread Group 1-776,text,false,"The operation lasted too long: It took 21,589 milliseconds, but should not have lasted longer than 2,000 milliseconds.",778,325,161,161,https://restful-booker.herokuapp.com/auth,21589,0,21456
1789683503165,21578,Login,200,OK,Thread Group 1-801,text,false,"The operation lasted too long: It took 21,578 milliseconds, but should not have lasted longer than 2,000 milliseconds.",778,325,161,161,https://restful-booker.herokuapp.com/auth,21578,0,21445
1789683524607,136,UpdateBooking - PATCH,200,OK,Thread Group 1-277,text,true,,922,333,161,161,https://restful-booker.herokuapp.com/booking/4770,136,0,0
1789683524607,139,Get Booking,200,OK,Thread Group 1-551,text,true,,923,253,161,161,https://restful-booker.herokuapp.com/booking/4850,139,0,0
1789683524615,133,CreateBooking,200,OK,Thread Group 1-700,text,true,,953,522,161,161,https://restful-booker.herokuapp.com/booking,133,0,0
1789683503151,21598,Login,200,OK,Thread Group 1-735,text,false,"The operation lasted too long: It took 21,598 milliseconds, but should not have lasted longer than 2,000 milliseconds.",779,327,161,161,https://restful-booker.herokuapp.com/auth,21598,0,21465
1789683524615,136,Get Booking,200,OK,Thread Group 1-570,text,true,,923,253,160,160,https://restful-booker.herokuapp.com/booking/4864,136,0,0
1789683503161,21594,Login,200,OK,Thread Group 1-813,text,false,"The operation lasted too long: It took 21,594 milliseconds, but should not have lasted longer than 2,000 milliseconds.",778,325,160,160,https://restful-booker.herokuapp.com/auth,21594,0,21459
1789683524620,147,CreateBooking,200,OK,Thread Group 1-683,text,true,,952,521,160,160,https://restful-booker.herokuapp.com/booking,147,0,0
1789683524348,423,Get Booking IDs,200,OK,Thread Group 1-461,text,true,,67613,248,160,160,https://restful-booker.herokuapp.com/booking,270,0,0
1789683524624,150,Get Booking,200,OK,Thread Group 1-558,text,true,,923,253,159,159,https://restful-booker.herokuapp.com/booking/4852,150,0,0
1789683524353,427,Get Booking IDs,200,OK,Thread Group 1-450,text,true,,67613,248,159,159,https://restful-booker.herokuapp.com/booking,135,0,0
1789683524636,144,Get Booking,200,OK,Thread Group 1-563,text,true,,920,253,159,159,https://restful-booker.herokuapp.com/booking/4855,144,0,0
1789683503178,21603,Login,200,OK,Thread Group 1-790,text,false,"The operation lasted too long: It took 21,603 milliseconds, but should not have lasted longer than 2,000 milliseconds.",779,327,159,159,https://restful-booker.herokuapp.com/auth,21603,0,21455
1789683524637,144,CreateBooking,200,OK,Thread Group 1-744,text,true,,951,520,158,158,https://restful-booker.herokuapp.com/booking,144,0,0
1789683524633,148,CreateBooking,200,OK,Thread Group 1-664,text,true,,951,520,158,158,https://restful-booker.herokuapp.com/booking,148,0,0
1789683524642,146,CreateBooking,200,OK,Thread Group 1-674,text,true,,952,521,158,158,https://restful-booker.herokuapp.com/booking,146,0,0
1789683503195,21598,Login,200,OK,Thread Group 1-773,text,false,"The operation lasted too long: It took 21,598 milliseconds, but should not have lasted longer than 2,000 milliseconds.",778,325,158,158,https://restful-booker.herokuapp.com/auth,21598,0,21460
1789683524646,151,Get Booking,200,OK,Thread Group 1-650,text,true,,922,253,158,158,https://restful-booker.herokuapp.com/booking/4863,151,0,0
1789683524659,139,UpdateBooking - PATCH,200,OK,Thread Group 1-337,text,true,,922,333,158,158,https://restful-booker.herokuapp.com/booking/4781,139,0,0
1789683524664,138,UpdateBooking - PUT,200,OK,Thread Group 1-411,text,true,,922,524,158,158,https://restful-booker.herokuapp.com/booking/4807,137,0,0
1789683524392,411,Get Booking IDs,200,OK,Thread Group 1-377,text,true,,67670,248,158,158,https://restful-booker.herokuapp.com/booking,264,0,0
1789683524673,145,CreateBooking,200,OK,Thread Group 1-697,text,true,,952,521,158,158,https://restful-booker.herokuapp.com/booking,145,0,0
1789683524683,140,Get Booking,200,OK,Thread Group 1-560,text,true,,923,253,158,158,https://restful-booker.herokuapp.com/booking/4857,140,0,0
1789683524402,421,Get Booking IDs,200,OK,Thread Group 1-541,text,true,,67708,248,158,158,https://restful-booker.herokuapp.com/booking,268,0,0
1789683524682,149,Get Booking,200,OK,Thread Group 1-648,text,true,,924,253,157,157,https://restful-booker.herokuapp.com/booking/4860,149,0,0
1789683524688,144,Get Booking,200,OK,Thread Group 1-580,text,true,,924,253,157,157,https://restful-booker.herokuapp.com/booking/4859,144,0,0
1789683524703,134,Get Booking,200,OK,Thread Group 1-581,text,true,,923,253,157,157,https://restful-booker.herokuapp.com/booking/4849,134,0,0
1789683524708,132,Get Booking,200,OK,Thread Group 1-618,text,true,,923,253,157,157,https://restful-booker.herokuapp.com/booking/4865,132,0,0
1789683524705,137,UpdateBooking - PUT,200,OK,Thread Group 1-357,text,true,,922,524,157,157,https://restful-booker.herokuapp.com/booking/4797,137,0,0
1789683524436,411,Get Booking IDs,200,OK,Thread Group 1-398,text,true,,67746,248,157,157,https://restful-booker.herokuapp.com/booking,136,0,0
1789683503240,21610,Login,200,OK,Thread Group 1-806,text,false,"The operation lasted too long: It took 21,610 milliseconds, but should not have lasted longer than 2,000 milliseconds.",778,325,156,156,https://restful-booker.herokuapp.com/auth,21610,0,21477
1789683524719,137,Get Booking,200,OK,Thread Group 1-524,text,true,,922,253,156,156,https://restful-booker.herokuapp.com/booking/4847,137,0,0
1789683524724,137,Get Booking,200,OK,Thread Group 1-583,text,true,,920,253,156,156,https://restful-booker.herokuapp.com/booking/4854,137,0,0
1789683503269,21595,Login,200,OK,Thread Group 1-777,text,false,"The operation lasted too long: It took 21,595 milliseconds, but should not have lasted longer than 2,000 milliseconds.",774,325,156,156,https://restful-booker.herokuapp.com/auth,21595,0,21461
1789683524736,133,CreateBooking,200,OK,Thread Group 1-701,text,true,,948,521,156,156,https://restful-booker.herokuapp.com/booking,133,0,0
1789683503274,21600,Login,200,OK,Thread Group 1-798,text,false,"The operation lasted too long: It took 21,600 milliseconds, but should not have lasted longer than 2,000 milliseconds.",774,325,156,156,https://restful-booker.herokuapp.com/auth,21600,0,21466
1789683524460,415,Get Booking IDs,200,OK,Thread Group 1-454,text,true,,67727,248,156,156,https://restful-booker.herokuapp.com/booking,146,0,0
1789683503290,21588,Login,200,OK,Thread Group 1-792,text,false,"The operation lasted too long: It took 21,588 milliseconds, but should not have lasted longer than 2,000 milliseconds.",774,325,155,155,https://restful-booker.herokuapp.com/auth,21588,0,21453
1789683524749,135,CreateBooking,200,OK,Thread Group 1-737,text,true,,948,521,154,154,https://restful-booker.herokuapp.com/booking,135,0,0
1789683524475,410,Get Booking IDs,200,OK,Thread Group 1-443,text,true,,67746,248,154,154,https://restful-booker.herokuapp.com/booking,137,0,0
1789683503287,21607,Login,200,OK,Thread Group 1-778,text,false,"The operation lasted too long: It took 21,607 milliseconds, but should not have lasted longer than 2,000 milliseconds.",774,325,153,153,https://restful-booker.herokuapp.com/auth,21607,0,21471
1789683524475,423,Get Booking IDs,200,OK,Thread Group 1-457,text,true,,67746,248,153,153,https://restful-booker.herokuapp.com/booking,140,0,0
1789683524773,134,DeleteBooking,200,OK,Thread Group 1-251,text,true,,918,253,153,153,https://restful-booker.herokuapp.com/booking/4769,134,0,0
1789683503307,21609,Login,200,OK,Thread Group 1-795,text,false,"The operation lasted too long: It took 21,609 milliseconds, but should not have lasted longer than 2,000 milliseconds.",775,327,152,152,https://restful-booker.herokuapp.com/auth,21609,0,21475
1789683524780,137,DeleteBooking,200,OK,Thread Group 1-171,text,true,,918,253,151,151,https://restful-booker.herokuapp.com/booking/4742,137,0,0
1789683524499,423,Get Booking IDs,200,OK,Thread Group 1-531,text,true,,67784,248,150,150,https://restful-booker.herokuapp.com/booking,138,0,0
1789683503322,21601,Login,200,OK,Thread Group 1-872,text,false,"The operation lasted too long: It took 21,601 milliseconds, but should not have lasted longer than 2,000 milliseconds.",774,325,150,150,https://restful-booker.herokuapp.com/auth,21601,0,21464
1789683503313,21610,Login,200,OK,Thread Group 1-846,text,false,"The operation lasted too long: It took 21,610 milliseconds, but should not have lasted longer than 2,000 milliseconds.",774,325,150,150,https://restful-booker.herokuapp.com/auth,21610,0,21470
1789683503299,21624,Login,200,OK,Thread Group 1-825,text,false,"The operation lasted too long: It took 21,624 milliseconds, but should not have lasted longer than 2,000 milliseconds.",775,327,150,150,https://restful-booker.herokuapp.com/auth,21624,0,21480
1789683503328,21601,Login,200,OK,Thread Group 1-799,text,false,"The operation lasted too long: It took 21,601 milliseconds, but should not have lasted longer than 2,000 milliseconds.",774,325,148,148,https://restful-booker.herokuapp.com/auth,21601,0,21464
1789683524510,423,Get Booking IDs,200,OK,Thread Group 1-480,text,true,,67784,248,147,147,https://restful-booker.herokuapp.com/booking,137,0,0
1789683524799,134,CreateBooking,200,OK,Thread Group 1-733,text,true,,949,522,147,147,https://restful-booker.herokuapp.com/booking,134,0,0
1789683524523,417,Get Booking IDs,200,OK,Thread Group 1-514,text,true,,67803,248,146,146,https://restful-booker.herokuapp.com/booking,271,0,0
1789683503357,21585,Login,200,OK,Thread Group 1-800,text,false,"The operation lasted too long: It took 21,585 milliseconds, but should not have lasted longer than 2,000 milliseconds.",775,327,145,145,https://restful-booker.herokuapp.com/auth,21585,0,21450
1789683524810,137,Get Booking,200,OK,Thread Group 1-606,text,true,,919,253,145,145,https://restful-booker.herokuapp.com/booking/4869,137,0,0
1789683524811,136,CreateBooking,200,OK,Thread Group 1-676,text,true,,945,518,145,145,https://restful-booker.herokuapp.com/booking,136,0,0
1789683524535,415,Get Booking IDs,200,OK,Thread Group 1-540,text,true,,67803,248,145,145,https://restful-booker.herokuapp.com/booking,137,0,0
1789683524814,136,CreateBooking,200,OK,Thread Group 1-661,text,true,,945,518,145,145,https://restful-booker.herokuapp.com/booking,136,0,0
1789683503331,21626,Login,200,OK,Thread Group 1-793,text,false,"The operation lasted too long: It took 21,626 milliseconds, but should not have lasted longer than 2,000 milliseconds.",774,325,144,144,https://restful-booker.herokuapp.com/auth,21626,0,21492
1789683524830,135,Get Booking,200,OK,Thread Group 1-593,text,true,,920,253,144,144,https://restful-booker.herokuapp.com/booking/4866,135,0,0
1789683524539,426,Get Booking IDs,200,OK,Thread Group 1-506,text,true,,67803,248,144,144,https://restful-booker.herokuapp.com/booking,139,0,0
1789683524838,135,CreateBooking,200,OK,Thread Group 1-690,text,true,,948,521,143,143,https://restful-booker.herokuapp.com/booking,135,0,0
1789683503367,21609,Login,200,OK,Thread Group 1-785,text,false,"The operation lasted too long: It took 21,609 milliseconds, but should not have lasted longer than 2,000 milliseconds.",775,327,143,143,https://restful-booker.herokuapp.com/auth,21609,0,21477
1789683503380,21598,Login,200,OK,Thread Group 1-851,text,false,"The operation lasted too long: It took 21,598 milliseconds, but should not have lasted longer than 2,000 milliseconds.",774,325,142,142,https://restful-booker.herokuapp.com/auth,21598,0,21465
1789683524843,140,Get Booking,200,OK,Thread Group 1-667,text,true,,920,253,142,142,https://restful-booker.herokuapp.com/booking/4881,140,0,0
1789683524856,137,Get Booking,200,OK,Thread Group 1-607,text,true,,918,253,142,142,https://restful-booker.herokuapp.com/booking/4874,137,0,0
1789683524846,147,Get Booking,200,OK,Thread Group 1-647,text,true,,916,253,142,142,https://restful-booker.herokuapp.com/booking/4873,147,0,0
1789683524854,142,CreateBooking,200,OK,Thread Group 1-671,text,true,,947,520,142,142,https://restful-booker.herokuapp.com/booking,142,0,0
1789683524586,411,Get Booking IDs,200,OK,Thread Group 1-421,text,true,,67860,248,142,142,https://restful-booker.herokuapp.com/booking,135,0,0
1789683503388,21611,Login,200,OK,Thread Group 1-804,text,false,"The operation lasted too long: It took 21,611 milliseconds, but should not have lasted longer than 2,000 milliseconds.",774,325,141,141,https://restful-booker.herokuapp.com/auth,21611,0,21472
1789683524866,141,CreateBooking,200,OK,Thread Group 1-766,text,true,,945,518,141,141,https://restful-booker.herokuapp.com/booking,141,0,0
1789683503417,21596,Login,200,OK,Thread Group 1-831,text,false,"The operation lasted too long: It took 21,596 milliseconds, but should not have lasted longer than 2,000 milliseconds.",774,325,141,141,https://restful-booker.herokuapp.com/auth,21596,0,21459
1789683524887,134,Get Booking,200,OK,Thread Group 1-577,text,true,,919,253,141,141,https://restful-booker.herokuapp.com/booking/4875,134,0,0
1789683524887,134,Get Booking,200,OK,Thread Group 1-604,text,true,,916,253,141,141,https://restful-booker.herokuapp.com/booking/4879,134,0,0
1789683503384,21639,Login,200,OK,Thread Group 1-850,text,false,"The operation lasted too long: It took 21,639 milliseconds, but should not have lasted longer than 2,000 milliseconds.",775,327,141,141,https://restful-booker.herokuapp.com/auth,21639,0,21502
1789683524897,134,CreateBooking,200,OK,Thread Group 1-776,text,true,,947,520,141,141,https://restful-booker.herokuapp.com/booking,134,0,0
1789683524631,402,Get Booking IDs,200,OK,Thread Group 1-573,text,true,,67974,248,141,141,https://restful-booker.herokuapp.com/booking,134,0,0
1789683503439,21618,Login,200,OK,Thread Group 1-808,text,false,"The operation lasted too long: It took 21,618 milliseconds, but should not have lasted longer than 2,000 milliseconds.",774,325,140,140,https://restful-booker.herokuapp.com/auth,21618,0,21484
1789683503437,21626,Login,200,OK,Thread Group 1-865,text,false,"The operation lasted too long: It took 21,626 milliseconds, but should not have lasted longer than 2,000 milliseconds.",775,327,140,140,https://restful-booker.herokuapp.com/auth,21626,0,21495
1789683524917,153,CreateBooking,200,OK,Thread Group 1-720,text,true,,949,522,139,139,https://restful-booker.herokuapp.com/booking,153,0,0
1789683503465,21608,Login,200,OK,Thread Group 1-818,text,false,"The operation lasted too long: It took 21,608 milliseconds, but should not have lasted longer than 2,000 milliseconds.",774,325,139,139,https://restful-booker.herokuapp.com/auth,21608,0,21471
1789683524653,425,Get Booking IDs,200,OK,Thread Group 1-528,text,true,,68031,248,139,139,https://restful-booker.herokuapp.com/booking,133,0,0
1789683524933,145,UpdateBooking - PUT,200,OK,Thread Group 1-371,text,true,,918,524,138,138,https://restful-booker.herokuapp.com/booking/4805,145,0,0
1789683524937,147,Get Booking,200,OK,Thread Group 1-624,text,true,,916,253,138,138,https://restful-booker.herokuapp.com/booking/4877,147,0,0
1789683503466,21620,Login,200,OK,Thread Group 1-866,text,false,"The operation lasted too long: It took 21,620 milliseconds, but should not have lasted longer than 2,000 milliseconds.",774,325,138,138,https://restful-booker.herokuapp.com/auth,21620,0,21485
1789683503476,21609,Login,200,OK,Thread Group 1-833,text,false,"The operation lasted too long: It took 21,609 milliseconds, but should not have lasted longer than 2,000 milliseconds.",774,325,138,138,https://restful-booker.herokuapp.com/auth,21609,0,21473
1789683503486,21607,Login,200,OK,Thread Group 1-845,text,false,"The operation lasted too long: It took 21,607 milliseconds, but should not have lasted longer than 2,000 milliseconds.",775,327,138,138,https://restful-booker.herokuapp.com/auth,21607,0,21462
1789683524951,148,UpdateBooking - PATCH,200,OK,Thread Group 1-317,text,true,,918,333,137,137,https://restful-booker.herokuapp.com/booking/4779,148,0,0
1789683524685,414,Get Booking IDs,200,OK,Thread Group 1-471,text,true,,68050,248,137,137,https://restful-booker.herokuapp.com/booking,134,0,0
1789683524957,142,Get Booking,200,OK,Thread Group 1-674,text,true,,919,253,137,137,https://restful-booker.herokuapp.com/booking/4891,142,0,0
1789683503495,21607,Login,200,OK,Thread Group 1-875,text,false,"The operation lasted too long: It took 21,607 milliseconds, but should not have lasted longer than 2,000 milliseconds.",775,327,137,137,https://restful-booker.herokuapp.com/auth,21607,0,21467
1789683524689,415,Get Booking IDs,200,OK,Thread Group 1-501,text,true,,68050,248,136,136,https://restful-booker.herokuapp.com/booking,276,0,0
1789683503484,21622,Login,200,OK,Thread Group 1-864,text,false,"The operation lasted too long: It took 21,622 milliseconds, but should not have lasted longer than 2,000 milliseconds.",774,325,135,135,https://restful-booker.herokuapp.com/auth,21622,0,21488
1789683524972,137,CreateBooking,200,OK,Thread Group 1-726,text,true,,949,522,135,135,https://restful-booker.herokuapp.com/booking,137,0,0
1789683524696,416,Get Booking IDs,200,OK,Thread Group 1-548,text,true,,68050,248,135,135,https://restful-booker.herokuapp.com/booking,277,0,0
1789683524981,134,CreateBooking,200,OK,Thread Group 1-764,text,true,,947,520,134,134,https://restful-booker.herokuapp.com/booking,134,0,0
1789683524989,133,CreateBooking,200,OK,Thread Group 1-688,text,true,,948,521,134,134,https://restful-booker.herokuapp.com/booking,133,0,0
1789683524991,135,CreateBooking,200,OK,Thread Group 1-730,text,true,,945,518,134,134,https://restful-booker.herokuapp.com/booking,135,0,0
1789683524994,133,Get Booking,200,OK,Thread Group 1-610,text,true,,920,253,134,134,https://restful-booker.herokuapp.com/booking/4870,133,0,0
1789683524992,137,CreateBooking,200,OK,Thread Group 1-813,text,true,,949,522,134,134,https://restful-booker.herokuapp.com/booking,137,0,0
1789683503532,21608,Login,200,OK,Thread Group 1-916,text,false,"The operation lasted too long: It took 21,608 milliseconds, but should not have lasted longer than 2,000 milliseconds.",774,325,134,134,https://restful-booker.herokuapp.com/auth,21608,0,21474
1789683525010,136,UpdateBooking - PUT,200,OK,Thread Group 1-437,text,true,,918,524,134,134,https://restful-booker.herokuapp.com/booking/4819,136,0,0
1789683503555,21595,Login,200,OK,Thread Group 1-848,text,false,"The operation lasted too long: It took 21,595 milliseconds, but should not have lasted longer than 2,000 milliseconds.",774,325,134,134,https://restful-booker.herokuapp.com/auth,21595,0,21457
1789683503530,21622,Login,200,OK,Thread Group 1-858,text,false,"The operation lasted too long: It took 21,622 milliseconds, but should not have lasted longer than 2,000 milliseconds.",774,325,134,134,https://restful-booker.herokuapp.com/auth,21622,0,21479
1789683525017,136,Get Booking,200,OK,Thread Group 1-701,text,true,,919,253,134,134,https://restful-booker.herokuapp.com/booking/4894,136,0,0
1789683503561,21598,Login,200,OK,Thread Group 1-881,text,false,"The operation lasted too long: It took 21,598 milliseconds, but should not have lasted longer than 2,000 milliseconds.",774,325,134,134,https://restful-booker.herokuapp.com/auth,21598,0,21465
1789683503547,21616,Login,200,OK,Thread Group 1-889,text,false,"The operation lasted too long: It took 21,616 milliseconds, but should not have lasted longer than 2,000 milliseconds.",774,325,134,134,https://restful-booker.herokuapp.com/auth,21616,0,21475
1789683525028,136,Get Booking,200,OK,Thread Group 1-657,text,true,,918,253,133,133,https://restful-booker.herokuapp.com/booking/4878,136,0,0
1789683525026,140,Get Booking,200,OK,Thread Group 1-658,text,true,,919,253,133,133,https://restful-booker.herokuapp.com/booking/4883,140,0,0
1789683503554,21616,Login,200,OK,Thread Group 1-931,text,false,"The operation lasted too long: It took 21,616 milliseconds, but should not have lasted longer than 2,000 milliseconds.",774,325,133,133,https://restful-booker.herokuapp.com/auth,21616,0,21480
1789683503572,21599,Login,200,OK,Thread Group 1-836,text,false,"The operation lasted too long: It took 21,599 milliseconds, but should not have lasted longer than 2,000 milliseconds.",774,325,133,133,https://restful-booker.herokuapp.com/auth,21599,0,21465
1789683503559,21613,Login,200,OK,Thread Group 1-879,text,false,"The operation lasted too long: It took 21,613 milliseconds, but should not have lasted longer than 2,000 milliseconds.",774,325,133,133,https://restful-booker.herokuapp.com/auth,21613,0,21478
1789683524766,405,Get Booking IDs,200,OK,Thread Group 1-498,text,true,,68084,248,133,133,https://restful-booker.herokuapp.com/booking,136,0,0
1789683524759,422,Get Booking IDs,200,OK,Thread Group 1-503,text,true,,68084,248,131,131,https://restful-booker.herokuapp.com/booking,278,0,0
1789683525049,137,Get Booking,200,OK,Thread Group 1-668,text,true,,919,253,130,130,https://restful-booker.herokuapp.com/booking/4884,137,0,0
1789683525058,134,CreateBooking,200,OK,Thread Group 1-793,text,true,,947,520,130,130,https://restful-booker.herokuapp.com/booking,134,0,0
1789683525064,137,Get Booking,200,OK,Thread Group 1-640,text,true,,919,253,130,130,https://restful-booker.herokuapp.com/booking/4886,137,0,0
1789683525067,134,CreateBooking,200,OK,Thread Group 1-801,text,true,,948,521,130,130,https://restful-booker.herokuapp.com/booking,134,0,0
1789683503613,21593,Login,200,OK,Thread Group 1-966,text,false,"The operation lasted too long: It took 21,593 milliseconds, but should not have lasted longer than 2,000 milliseconds.",774,325,130,130,https://restful-booker.herokuapp.com/auth,21593,0,21460
1789683525071,135,Get Booking,200,OK,Thread Group 1-737,text,true,,919,253,130,130,https://restful-booker.herokuapp.com/booking/4895,135,0,0
1789683525071,135,CreateBooking,200,OK,Thread Group 1-808,text,true,,947,520,130,130,https://restful-booker.herokuapp.com/booking,135,0,0
1789683503583,21632,Login,200,OK,Thread Group 1-905,text,false,"The operation lasted too long: It took 21,632 milliseconds, but should not have lasted longer than 2,000 milliseconds.",775,327,130,130,https://restful-booker.herokuapp.com/auth,21632,0,21496
1789683503602,21615,Login,200,OK,Thread Group 1-853,text,false,"The operation lasted too long: It took 21,615 milliseconds, but should not have lasted longer than 2,000 milliseconds.",774,325,129,129,https://restful-booker.herokuapp.com/auth,21615,0,21477
1789683503623,21594,Login,200,OK,Thread Group 1-904,text,false,"The operation lasted too long: It took 21,594 milliseconds, but should not have lasted longer than 2,000 milliseconds.",774,325,129,129,https://restful-booker.herokuapp.com/auth,21594,0,21453
1789683503577,21644,Login,200,OK,Thread Group 1-860,text,false,"The operation lasted too long: It took 21,644 milliseconds, but should not have lasted longer than 2,000 milliseconds.",775,327,129,129,https://restful-booker.herokuapp.com/auth,21644,0,21502
1789683525086,135,UpdateBooking - PUT,200,OK,Thread Group 1-531,text,true,,918,524,129,129,https://restful-booker.herokuapp.com/booking/4829,135,0,0
1789683524806,415,Get Booking IDs,200,OK,Thread Group 1-554,text,true,,68122,248,129,129,https://restful-booker.herokuapp.com/booking,138,0,0
1789683525083,140,Get Booking,200,OK,Thread Group 1-671,text,true,,918,253,128,128,https://restful-booker.herokuapp.com/booking/4901,140,0,0
1789683525094,135,DeleteBooking,200,OK,Thread Group 1-277,text,true,,918,253,128,128,https://restful-booker.herokuapp.com/booking/4770,135,0,0
1789683525089,140,DeleteBooking,200,OK,Thread Group 1-337,text,true,,918,253,128,128,https://restful-booker.herokuapp.com/booking/4781,140,0,0
1789683525094,135,CreateBooking,200,OK,Thread Group 1-806,text,true,,948,521,128,128,https://restful-booker.herokuapp.com/booking,135,0,0
1789683525103,137,Get Booking,200,OK,Thread Group 1-664,text,true,,918,253,126,126,https://restful-booker.herokuapp.com/booking/4889,137,0,0
1789683525106,134,Get Booking,200,OK,Thread Group 1-644,text,true,,918,253,126,126,https://restful-booker.herokuapp.com/booking/4880,134,0,0
1789683503644,21599,Login,200,OK,Thread Group 1-919,text,false,"The operation lasted too long: It took 21,599 milliseconds, but should not have lasted longer than 2,000 milliseconds.",774,325,126,126,https://restful-booker.herokuapp.com/auth,21599,0,21462
1789683525115,137,CreateBooking,200,OK,Thread Group 1-790,text,true,,948,521,125,125,https://restful-booker.herokuapp.com/booking,137,0,0
1789683525114,138,CreateBooking,200,OK,Thread Group 1-798,text,true,,949,522,125,125,https://restful-booker.herokuapp.com/booking,138,0,0
1789683503669,21590,Login,200,OK,Thread Group 1-917,text,false,"The operation lasted too long: It took 21,590 milliseconds, but should not have lasted longer than 2,000 milliseconds.",774,325,125,125,https://restful-booker.herokuapp.com/auth,21590,0,21454
1789683524837,423,Get Booking IDs,200,OK,Thread Group 1-648,text,true,,68160,248,125,125,https://restful-booker.herokuapp.com/booking,144,0,0
1789683503668,21594,Login,200,OK,Thread Group 1-972,text,false,"The operation lasted too long: It took 21,594 milliseconds, but should not have lasted longer than 2,000 milliseconds.",774,325,124,124,https://restful-booker.herokuapp.com/auth,21594,0,21457
1789683503672,21590,Login,200,OK,Thread Group 1-897,text,false,"The operation lasted too long: It took 21,590 milliseconds, but should not have lasted longer than 2,000 milliseconds.",774,325,124,124,https://restful-booker.herokuapp.com/auth,21590,0,21454
1789683525125,138,CreateBooking,200,OK,Thread Group 1-753,text,true,,948,521,123,123,https://restful-booker.herokuapp.com/booking,138,0,0
1789683524856,416,Get Booking IDs,200,OK,Thread Group 1-578,text,true,,68198,248,123,123,https://restful-booker.herokuapp.com/booking,271,0,0
1789683525142,137,Get Booking,200,OK,Thread Group 1-676,text,true,,916,253,122,122,https://restful-booker.herokuapp.com/booking/4898,137,0,0
1789683524866,413,Get Booking IDs,200,OK,Thread Group 1-601,text,true,,68198,248,122,122,https://restful-booker.herokuapp.com/booking,135,0,0
1789683503669,21611,Login,200,OK,Thread Group 1-973,text,false,"The operation lasted too long: It took 21,611 milliseconds, but should not have lasted longer than 2,000 milliseconds.",774,325,122,122,https://restful-booker.herokuapp.com/auth,21611,0,21469
1789683503659,21621,Login,200,OK,Thread Group 1-981,text,false,"The operation lasted too long: It took 21,621 milliseconds, but should not have lasted longer than 2,000 milliseconds.",774,325,122,122,https://restful-booker.herokuapp.com/auth,21621,0,21474
1789683503681,21599,Login,200,OK,Thread Group 1-923,text,false,"The operation lasted too long: It took 21,599 milliseconds, but should not have lasted longer than 2,000 milliseconds.",774,325,122,122,https://restful-booker.herokuapp.com/auth,21599,0,21458
1789683503686,21594,Login,200,OK,Thread Group 1-948,text,false,"The operation lasted too long: It took 21,594 milliseconds, but should not have lasted longer than 2,000 milliseconds.",774,325,122,122,https://restful-booker.herokuapp.com/auth,21594,0,21454
1789683525147,137,CreateBooking,200,OK,Thread Group 1-778,text,true,,948,521,121,121,https://restful-booker.herokuapp.com/booking,137,0,0
1789683503710,21575,Login,200,OK,Thread Group 1-974,text,false,"The operation lasted too long: It took 21,575 milliseconds, but should not have lasted longer than 2,000 milliseconds.",774,325,121,121,https://restful-booker.herokuapp.com/auth,21575,0,21439
1789683524880,414,Get Booking IDs,200,OK,Thread Group 1-591,text,true,,68217,248,121,121,https://restful-booker.herokuapp.com/booking,271,0,0
1789683503695,21604,Login,200,OK,Thread Group 1-861,text,false,"The operation lasted too long: It took 21,604 milliseconds, but should not have lasted longer than 2,000 milliseconds.",774,325,121,121,https://restful-booker.herokuapp.com/auth,21604,0,21468
1789683525163,141,Get Booking,200,OK,Thread Group 1-700,text,true,,920,253,121,121,https://restful-booker.herokuapp.com/booking/4887,141,0,0
1789683524893,412,Get Booking IDs,200,OK,Thread Group 1-511,text,true,,68217,248,121,121,https://restful-booker.herokuapp.com/booking,132,0,0
1789683525171,134,CreateBooking,200,OK,Thread Group 1-777,text,true,,947,520,121,121,https://restful-booker.herokuapp.com/booking,134,0,0
1789683503724,21583,Login,200,OK,Thread Group 1-961,text,false,"The operation lasted too long: It took 21,583 milliseconds, but should not have lasted longer than 2,000 milliseconds.",774,325,121,121,https://restful-booker.herokuapp.com/auth,21583,0,21451
1789683525171,137,UpdateBooking - PATCH,200,OK,Thread Group 1-357,text,true,,918,333,121,121,https://restful-booker.herokuapp.com/booking/4797,137,0,0
1789683525176,133,Get Booking,200,OK,Thread Group 1-690,text,true,,919,253,121,121,https://restful-booker.herokuapp.com/booking/4900,133,0,0
1789683525183,134,UpdateBooking - PATCH,200,OK,Thread Group 1-411,text,true,,918,333,121,121,https://restful-booker.herokuapp.com/booking/4807,134,0,0
1789683503720,21599,Login,200,OK,Thread Group 1-943,text,false,"The operation lasted too long: It took 21,599 milliseconds, but should not have lasted longer than 2,000 milliseconds.",774,325,121,121,https://restful-booker.herokuapp.com/auth,21599,0,21465
1789683503720,21608,Login,200,OK,Thread Group 1-958,text,false,"The operation lasted too long: It took 21,608 milliseconds, but should not have lasted longer than 2,000 milliseconds.",774,325,121,121,https://restful-booker.herokuapp.com/auth,21608,0,21473
1789683503717,21613,Login,200,OK,Thread Group 1-998,text,false,"The operation lasted too long: It took 21,613 milliseconds, but should not have lasted longer than 2,000 milliseconds.",774,325,121,121,https://restful-booker.herokuapp.com/auth,21613,0,21476
1789683524913,419,Get Booking IDs,200,OK,Thread Group 1-497,text,true,,68236,248,121,121,https://restful-booker.herokuapp.com/booking,134,0,0
1789683525198,144,Get Booking,200,OK,Thread Group 1-766,text,true,,916,253,121,121,https://restful-booker.herokuapp.com/booking/4902,144,0,0
1789683524934,410,Get Booking IDs,200,OK,Thread Group 1-510,text,true,,68274,248,121,121,https://restful-booker.herokuapp.com/booking,133,0,0
1789683525213,135,Get Booking,200,OK,Thread Group 1-697,text,true,,919,253,120,120,https://restful-booker.herokuapp.com/booking/4892,135,0,0
1789683524938,412,Get Booking IDs,200,OK,Thread Group 1-546,text,true,,68274,248,120,120,https://restful-booker.herokuapp.com/booking,143,0,0
1789683525216,136,Get Booking,200,OK,Thread Group 1-733,text,true,,920,253,119,119,https://restful-booker.herokuapp.com/booking/4897,136,0,0
1789683503757,21596,Login,200,OK,Thread Group 1-936,text,false,"The operation lasted too long: It took 21,596 milliseconds, but should not have lasted longer than 2,000 milliseconds.",774,325,119,119,https://restful-booker.herokuapp.com/auth,21596,0,21460
1789683525223,135,Get Booking,200,OK,Thread Group 1-683,text,true,,919,253,119,119,https://restful-booker.herokuapp.com/booking/4888,135,0,0
1789683503764,21597,Login,200,OK,Thread Group 1-997,text,false,"The operation lasted too long: It took 21,597 milliseconds, but should not have lasted longer than 2,000 milliseconds.",774,325,119,119,https://restful-booker.herokuapp.com/auth,21597,0,21460
1789683525229,135,Get Booking,200,OK,Thread Group 1-744,text,true,,918,253,119,119,https://restful-booker.herokuapp.com/booking/4890,135,0,0
1789683503786,21581,Login,200,OK,Thread Group 1-962,text,false,"The operation lasted too long: It took 21,581 milliseconds, but should not have lasted longer than 2,000 milliseconds.",774,325,119,119,https://restful-booker.herokuapp.com/auth,21581,0,21446
1789683525228,139,Get Booking,200,OK,Thread Group 1-776,text,true,,918,253,119,119,https://restful-booker.herokuapp.com/booking/4903,139,0,0
1789683503765,21603,Login,200,OK,Thread Group 1-970,text,false,"The operation lasted too long: It took 21,603 milliseconds, but should not have lasted longer than 2,000 milliseconds.",775,327,118,118,https://restful-booker.herokuapp.com/auth,21603,0,21466
1789683503769,21599,Login,200,OK,Thread Group 1-950,text,false,"The operation lasted too long: It took 21,599 milliseconds, but should not have lasted longer than 2,000 milliseconds.",775,327,118,118,https://restful-booker.herokuapp.com/auth,21599,0,21462
1789683503776,21593,Login,200,OK,Thread Group 1-989,text,false,"The operation lasted too long: It took 21,593 milliseconds, but should not have lasted longer than 2,000 milliseconds.",774,325,118,118,https://restful-booker.herokuapp.com/auth,21593,0,21462
1789683525237,136,CreateBooking,200,OK,Thread Group 1-846,text,true,,945,518,117,117,https://restful-booker.herokuapp.com/booking,135,0,0
1789683503782,21593,Login,200,OK,Thread Group 1-947,text,false,"The operation lasted too long: It took 21,593 milliseconds, but should not have lasted longer than 2,000 milliseconds.",774,325,117,117,https://restful-booker.herokuapp.com/auth,21593,0,21459
1789683525243,137,UpdateBooking - PATCH,200,OK,Thread Group 1-371,text,true,,918,333,117,117,https://restful-booker.herokuapp.com/booking/4805,137,0,0
1789683503800,21589,Login,200,OK,Thread Group 1-953,text,false,"The operation lasted too long: It took 21,589 milliseconds, but should not have lasted longer than 2,000 milliseconds.",774,325,117,117,https://restful-booker.herokuapp.com/auth,21589,0,21453
1789683525266,131,DeleteBooking,200,OK,Thread Group 1-317,text,true,,918,253,117,117,https://restful-booker.herokuapp.com/booking/4779,131,0,0
1789683525269,133,UpdateBooking - PUT,200,OK,Thread Group 1-457,text,true,,918,524,116,116,https://restful-booker.herokuapp.com/booking/4821,133,0,0
1789683525271,136,UpdateBooking - PATCH,200,OK,Thread Group 1-437,text,true,,918,333,116,116,https://restful-booker.herokuapp.com/booking/4819,136,0,0
1789683503824,21590,Login,200,OK,Thread Group 1-910,text,false,"The operation lasted too long: It took 21,590 milliseconds, but should not have lasted longer than 2,000 milliseconds.",775,327,116,116,https://restful-booker.herokuapp.com/auth,21590,0,21456
1789683524995,420,Get Booking IDs,200,OK,Thread Group 1-558,text,true,,68388,248,116,116,https://restful-booker.herokuapp.com/booking,138,0,0
1789683525278,143,Get Booking,200,OK,Thread Group 1-720,text,true,,920,253,115,115,https://restful-booker.herokuapp.com/booking/4904,143,0,0
1789683503826,21606,Login,200,OK,Thread Group 1-894,text,false,"The operation lasted too long: It took 21,606 milliseconds, but should not have lasted longer than 2,000 milliseconds.",774,325,115,115,https://restful-booker.herokuapp.com/auth,21606,0,21469
1789683525290,143,UpdateBooking - PUT,200,OK,Thread Group 1-377,text,true,,918,524,115,115,https://restful-booker.herokuapp.com/booking/4812,143,0,0
1789683525291,142,CreateBooking,200,OK,Thread Group 1-833,text,true,,945,518,115,115,https://restful-booker.herokuapp.com/booking,142,0,0
1789683525015,419,Get Booking IDs,200,OK,Thread Group 1-580,text,true,,68388,248,115,115,https://restful-booker.herokuapp.com/booking,134,0,0
1789683525300,134,CreateBooking,200,OK,Thread Group 1-773,text,true,,945,518,115,115,https://restful-booker.herokuapp.com/booking,134,0,0
1789683503820,21615,Login,200,OK,Thread Group 1-995,text,false,"The operation lasted too long: It took 21,615 milliseconds, but should not have lasted longer than 2,000 milliseconds.",775,327,115,115,https://restful-booker.herokuapp.com/auth,21615,0,21465
1789683525316,143,CreateBooking,200,OK,Thread Group 1-804,text,true,,948,521,113,113,https://restful-booker.herokuapp.com/booking,143,0,0
1789683525320,139,CreateBooking,200,OK,Thread Group 1-800,text,true,,948,521,113,113,https://restful-booker.herokuapp.com/booking,139,0,0
1789683503862,21601,Login,200,OK,Thread Group 1-932,text,false,"The operation lasted too long: It took 21,601 milliseconds, but should not have lasted longer than 2,000 milliseconds.",774,325,113,113,https://restful-booker.herokuapp.com/auth,21600,0,21459
1789683525338,133,Get Booking,200,OK,Thread Group 1-661,text,true,,916,253,112,112,https://restful-booker.herokuapp.com/booking/4899,133,0,0
1789683503879,21594,Login,200,OK,Thread Group 1-991,text,false,"The operation lasted too long: It took 21,594 milliseconds, but should not have lasted longer than 2,000 milliseconds.",774,325,112,112,https://restful-booker.herokuapp.com/auth,21594,0,21454
1789683525066,410,Get Booking IDs,200,OK,Thread Group 1-594,text,true,,68407,248,112,112,https://restful-booker.herokuapp.com/booking,134,0,0
1789683525354,133,Get Booking,200,OK,Thread Group 1-730,text,true,,916,253,111,111,https://restful-booker.herokuapp.com/booking/4910,133,0,0
1789683525355,133,Get Booking,200,OK,Thread Group 1-726,text,true,,920,253,111,111,https://restful-booker.herokuapp.com/booking/4907,133,0,0
1789683525356,132,CreateBooking,200,OK,Thread Group 1-866,text,true,,948,521,111,111,https://restful-booker.herokuapp.com/booking,132,0,0
1789683525073,425,Get Booking IDs,200,OK,Thread Group 1-583,text,true,,68426,248,111,111,https://restful-booker.herokuapp.com/booking,135,0,0
1789683503914,21588,Login,200,OK,Thread Group 1-980,text,false,"The operation lasted too long: It took 21,588 milliseconds, but should not have lasted longer than 2,000 milliseconds.",775,327,110,110,https://restful-booker.herokuapp.com/auth,21588,0,21453
1789683525091,420,Get Booking IDs,200,OK,Thread Group 1-567,text,true,,68426,248,110,110,https://restful-booker.herokuapp.com/booking,132,0,0
1789683525364,148,UpdateBooking - PUT,200,OK,Thread Group 1-471,text,true,,918,524,109,109,https://restful-booker.herokuapp.com/booking/4826,148,0,0
1789683525103,409,Get Booking IDs,200,OK,Thread Group 1-586,text,true,,68445,248,109,109,https://restful-booker.herokuapp.com/booking,135,0,0
1789683525376,138,Get Booking,200,OK,Thread Group 1-688,text,true,,919,253,108,108,https://restful-booker.herokuapp.com/booking/4909,138,0,0
1789683525380,134,CreateBooking,200,OK,Thread Group 1-881,text,true,,945,518,108,108,https://restful-booker.herokuapp.com/booking,134,0,0
1789683503938,21585,Login,200,OK,Thread Group 1-987,text,false,"The operation lasted too long: It took 21,585 milliseconds, but should not have lasted longer than 2,000 milliseconds.",774,325,108,108,https://restful-booker.herokuapp.com/auth,21585,0,21450
1789683525114,411,Get Booking IDs,200,OK,Thread Group 1-650,text,true,,68445,248,108,108,https://restful-booker.herokuapp.com/booking,134,0,0
1789683525391,135,CreateBooking,200,OK,Thread Group 1-818,text,true,,949,522,108,108,https://restful-booker.herokuapp.com/booking,135,0,0
1789683525109,422,Get Booking IDs,200,OK,Thread Group 1-524,text,true,,68445,248,107,107,https://restful-booker.herokuapp.com/booking,139,0,0
1789683525399,133,CreateBooking,200,OK,Thread Group 1-981,text,true,,948,521,107,107,https://restful-booker.herokuapp.com/booking,133,0,0
1789683525132,413,Get Booking IDs,200,OK,Thread Group 1-570,text,true,,68521,248,107,107,https://restful-booker.herokuapp.com/booking,269,0,0
1789683525412,137,CreateBooking,200,OK,Thread Group 1-931,text,true,,948,521,106,106,https://restful-booker.herokuapp.com/booking,137,0,0
1789683525412,137,CreateBooking,200,OK,Thread Group 1-851,text,true,,949,522,106,106,https://restful-booker.herokuapp.com/booking,137,0,0
1789683525141,422,Get Booking IDs,200,OK,Thread Group 1-551,text,true,,68521,248,106,106,https://restful-booker.herokuapp.com/booking,274,0,0
1789683525428,137,CreateBooking,200,OK,Thread Group 1-850,text,true,,948,521,106,106,https://restful-booker.herokuapp.com/booking,137,0,0
1789683525432,136,CreateBooking,200,OK,Thread Group 1-831,text,true,,945,518,106,106,https://restful-booker.herokuapp.com/booking,136,0,0
1789683525142,426,Get Booking IDs,200,OK,Thread Group 1-560,text,true,,68521,248,106,106,https://restful-booker.herokuapp.com/booking,140,0,0
1789683525163,418,Get Booking IDs,200,OK,Thread Group 1-647,text,true,,68540,248,105,105,https://restful-booker.herokuapp.com/booking,138,0,0
1789683525454,143,Get Booking,200,OK,Thread Group 1-808,text,true,,918,253,104,104,https://restful-booker.herokuapp.com/booking/4914,143,0,0
1789683525450,147,CreateBooking,200,OK,Thread Group 1-858,text,true,,948,521,104,104,https://restful-booker.herokuapp.com/booking,147,0,0
1789683525455,146,CreateBooking,200,OK,Thread Group 1-848,text,true,,949,522,104,104,https://restful-booker.herokuapp.com/booking,146,0,0
1789683525458,144,Get Booking,200,OK,Thread Group 1-801,text,true,,919,253,104,104,https://restful-booker.herokuapp.com/booking/4913,144,0,0
1789683525179,425,Get Booking IDs,200,OK,Thread Group 1-581,text,true,,68559,248,104,104,https://restful-booker.herokuapp.com/booking,138,0,0
1789683525187,427,Get Booking IDs,200,OK,Thread Group 1-577,text,true,,68559,248,103,103,https://restful-booker.herokuapp.com/booking,141,0,0
1789683525494,135,CreateBooking,200,OK,Thread Group 1-860,text,true,,948,521,103,103,https://restful-booker.herokuapp.com/booking,135,0,0
1789683525485,144,UpdateBooking - PUT,200,OK,Thread Group 1-497,text,true,,918,524,103,103,https://restful-booker.herokuapp.com/booking/4827,144,0,0
1789683525198,435,Get Booking IDs,200,OK,Thread Group 1-606,text,true,,68559,248,103,103,https://restful-booker.herokuapp.com/booking,147,0,0
1789683504018,21616,Login,200,OK,Thread Group 1-956,text,false,"The operation lasted too long: It took 21,616 milliseconds, but should not have lasted longer than 2,000 milliseconds.",774,325,103,103,https://restful-booker.herokuapp.com/auth,21616,0,21480
1789683525504,133,CreateBooking,200,OK,Thread Group 1-864,text,true,,948,521,102,102,https://restful-booker.herokuapp.com/booking,133,0,0
1789683525499,139,CreateBooking,200,OK,Thread Group 1-836,text,true,,947,520,102,102,https://restful-booker.herokuapp.com/booking,139,0,0
1789683525508,133,CreateBooking,200,OK,Thread Group 1-916,text,true,,947,520,102,102,https://restful-booker.herokuapp.com/booking,133,0,0
1789683525527,131,CreateBooking,200,OK,Thread Group 1-966,text,true,,949,522,102,102,https://restful-booker.herokuapp.com/booking,131,0,0
1789683525525,137,Get Booking,200,OK,Thread Group 1-813,text,true,,920,253,102,102,https://restful-booker.herokuapp.com/booking/4911,137,0,0
1789683525530,132,Get Booking,200,OK,Thread Group 1-806,text,true,,919,253,102,102,https://restful-booker.herokuapp.com/booking/4915,132,0,0
1789683525535,132,CreateBooking,200,OK,Thread Group 1-974,text,true,,949,522,102,102,https://restful-booker.herokuapp.com/booking,132,0,0
1789683525275,405,Get Booking IDs,200,OK,Thread Group 1-563,text,true,,68578,248,102,102,https://restful-booker.herokuapp.com/booking,132,0,0
1789683525547,134,CreateBooking,200,OK,Thread Group 1-897,text,true,,949,522,101,101,https://restful-booker.herokuapp.com/booking,134,0,0
1789683525278,416,Get Booking IDs,200,OK,Thread Group 1-607,text,true,,68578,248,101,101,https://restful-booker.herokuapp.com/booking,141,0,0
1789683525563,136,Get Booking,200,OK,Thread Group 1-793,text,true,,918,253,100,100,https://restful-booker.herokuapp.com/booking/4912,136,0,0
1789683525283,418,Get Booking IDs,200,OK,Thread Group 1-593,text,true,,68578,248,100,100,https://restful-booker.herokuapp.com/booking,135,0,0
1789683525556,145,Get Booking,200,OK,Thread Group 1-846,text,true,,916,253,100,100,https://restful-booker.herokuapp.com/booking/4922,145,0,0
1789683525564,137,CreateBooking,200,OK,Thread Group 1-958,text,true,,947,520,100,100,https://restful-booker.herokuapp.com/booking,137,0,0
1789683525568,135,CreateBooking,200,OK,Thread Group 1-853,text,true,,948,521,99,99,https://restful-booker.herokuapp.com/booking,135,0,0
1789683525564,142,CreateBooking,200,OK,Thread Group 1-904,text,true,,945,518,99,99,https://restful-booker.herokuapp.com/booking,142,0,0
1789683525572,147,Get Booking,200,OK,Thread Group 1-777,text,true,,918,253,99,99,https://restful-booker.herokuapp.com/booking/4921,147,0,0
1789683525586,134,CreateBooking,200,OK,Thread Group 1-943,text,true,,948,521,99,99,https://restful-booker.herokuapp.com/booking,134,0,0
1789683525581,145,Get Booking,200,OK,Thread Group 1-800,text,true,,919,253,99,99,https://restful-booker.herokuapp.com/booking/4926,145,0,0
1789683525310,416,Get Booking IDs,200,OK,Thread Group 1-618,text,true,,68616,248,99,99,https://restful-booker.herokuapp.com/booking,133,0,0
1789683525599,134,CreateBooking,200,OK,Thread Group 1-953,text,true,,948,521,98,98,https://restful-booker.herokuapp.com/booking,134,0,0
1789683525310,424,Get Booking IDs,200,OK,Thread Group 1-674,text,true,,68616,248,98,98,https://restful-booker.herokuapp.com/booking,142,0,0
1789683525594,140,CreateBooking,200,OK,Thread Group 1-970,text,true,,947,520,98,98,https://restful-booker.herokuapp.com/booking,140,0,0
1789683525589,145,CreateBooking,200,OK,Thread Group 1-947,text,true,,949,522,98,98,https://restful-booker.herokuapp.com/booking,145,0,0
1789683525604,135,UpdateBooking - PATCH,200,OK,Thread Group 1-531,text,true,,918,333,97,97,https://restful-booker.herokuapp.com/booking/4829,135,0,0
1789683525604,135,CreateBooking,200,OK,Thread Group 1-973,text,true,,945,518,97,97,https://restful-booker.herokuapp.com/booking,135,0,0
1789683525608,132,Get Booking,200,OK,Thread Group 1-778,text,true,,919,253,97,97,https://restful-booker.herokuapp.com/booking/4920,132,0,0
1789683525612,135,CreateBooking,200,OK,Thread Group 1-950,text,true,,948,521,97,97,https://restful-booker.herokuapp.com/booking,135,0,0
1789683525623,138,UpdateBooking - PATCH,200,OK,Thread Group 1-457,text,true,,918,333,97,97,https://restful-booker.herokuapp.com/booking/4821,138,0,0
1789683525630,133,CreateBooking,200,OK,Thread Group 1-980,text,true,,949,522,97,97,https://restful-booker.herokuapp.com/booking,133,0,0
1789683525632,138,UpdateBooking - PUT,200,OK,Thread Group 1-591,text,true,,918,524,97,97,https://restful-booker.herokuapp.com/booking/4868,138,0,0
1789683525633,137,Get Booking,200,OK,Thread Group 1-764,text,true,,918,253,97,97,https://restful-booker.herokuapp.com/booking/4908,137,0,0
1789683525639,143,CreateBooking,200,OK,Thread Group 1-861,text,true,,948,521,97,97,https://restful-booker.herokuapp.com/booking,143,0,0
1789683525646,139,Get Booking,200,OK,Thread Group 1-798,text,true,,920,253,97,97,https://restful-booker.herokuapp.com/booking/4916,139,0,0
1789683525348,437,Get Booking IDs,200,OK,Thread Group 1-671,text,true,,68673,248,97,97,https://restful-booker.herokuapp.com/booking,288,0,0
1789683525383,404,Get Booking IDs,200,OK,Thread Group 1-667,text,true,,68711,248,97,97,https://restful-booker.herokuapp.com/booking,264,0,0
1789683525655,132,DeleteBooking,200,OK,Thread Group 1-371,text,true,,918,253,97,97,https://restful-booker.herokuapp.com/booking/4805,132,0,0
1789683525651,136,Get Booking,200,OK,Thread Group 1-790,text,true,,919,253,97,97,https://restful-booker.herokuapp.com/booking/4917,136,0,0
1789683525374,426,Get Booking IDs,200,OK,Thread Group 1-604,text,true,,68692,248,95,95,https://restful-booker.herokuapp.com/booking,273,0,0
1789683525655,145,CreateBooking,200,OK,Thread Group 1-961,text,true,,945,518,95,95,https://restful-booker.herokuapp.com/booking,145,0,0
1789683525668,136,CreateBooking,200,OK,Thread Group 1-997,text,true,,945,518,95,95,https://restful-booker.herokuapp.com/booking,136,0,0
1789683525664,140,CreateBooking,200,OK,Thread Group 1-998,text,true,,949,522,95,95,https://restful-booker.herokuapp.com/booking,140,0,0
1789683525671,141,CreateBooking,200,OK,Thread Group 1-917,text,true,,947,520,95,95,https://restful-booker.herokuapp.com/booking,141,0,0
1789683525401,415,Get Booking IDs,200,OK,Thread Group 1-657,text,true,,68768,248,95,95,https://restful-booker.herokuapp.com/booking,136,0,0
1789683525675,141,Get Booking,200,OK,Thread Group 1-866,text,true,,919,253,95,95,https://restful-booker.herokuapp.com/booking/4928,141,0,0
1789683525675,142,CreateBooking,200,OK,Thread Group 1-948,text,true,,947,520,95,95,https://restful-booker.herokuapp.com/booking,142,0,0
1789683525677,141,DeleteBooking,200,OK,Thread Group 1-411,text,true,,918,253,95,95,https://restful-booker.herokuapp.com/booking/4807,141,0,0
1789683525410,414,Get Booking IDs,200,OK,Thread Group 1-701,text,true,,68768,248,94,94,https://restful-booker.herokuapp.com/booking,138,0,0
1789683525688,137,CreateBooking,200,OK,Thread Group 1-910,text,true,,945,518,94,94,https://restful-booker.herokuapp.com/booking,137,0,0
1789683525698,131,UpdateBooking - PUT,200,OK,Thread Group 1-511,text,true,,918,524,93,93,https://restful-booker.herokuapp.com/booking/4838,131,0,0
1789683525702,132,CreateBooking,200,OK,Thread Group 1-923,text,true,,948,521,93,93,https://restful-booker.herokuapp.com/booking,132,0,0
1789683525702,132,UpdateBooking - PATCH,200,OK,Thread Group 1-377,text,true,,918,333,93,93,https://restful-booker.herokuapp.com/booking/4812,132,0,0
1789683525432,420,Get Booking IDs,200,OK,Thread Group 1-610,text,true,,68825,248,93,93,https://restful-booker.herokuapp.com/booking,276,0,0
1789683525719,133,Get Booking,200,OK,Thread Group 1-773,text,true,,916,253,93,93,https://restful-booker.herokuapp.com/booking/4924,133,0,0
1789683525715,137,DeleteBooking,200,OK,Thread Group 1-357,text,true,,918,253,93,93,https://restful-booker.herokuapp.com/booking/4797,137,0,0
1789683525709,143,CreateBooking,200,OK,Thread Group 1-894,text,true,,948,521,93,93,https://restful-booker.herokuapp.com/booking,143,0,0
1789683525721,133,CreateBooking,200,OK,Thread Group 1-991,text,true,,947,520,91,91,https://restful-booker.herokuapp.com/booking,133,0,0
1789683525723,131,CreateBooking,200,OK,Thread Group 1-987,text,true,,948,521,91,91,https://restful-booker.herokuapp.com/booking,131,0,0
1789683525731,131,Get Booking,200,OK,Thread Group 1-851,text,true,,916,253,91,91,https://restful-booker.herokuapp.com/booking/4933,131,0,0
1789683525734,133,CreateBooking,200,OK,Thread Group 1-936,text,true,,944,521,91,91,https://restful-booker.herokuapp.com/booking,133,0,0
1789683525749,133,Get Booking,200,OK,Thread Group 1-881,text,true,,912,253,91,91,https://restful-booker.herokuapp.com/booking/4929,133,0,0
1789683525752,134,DeleteBooking,200,OK,Thread Group 1-437,text,true,,914,253,91,91,https://restful-booker.herokuapp.com/booking/4819,134,0,0
1789683525480,415,Get Booking IDs,200,OK,Thread Group 1-624,text,true,,68863,248,90,90,https://restful-booker.herokuapp.com/booking,274,0,0
1789683525764,132,Get Booking,200,OK,Thread Group 1-753,text,true,,915,253,90,90,https://restful-booker.herokuapp.com/booking/4918,132,0,0
1789683525475,425,Get Booking IDs,200,OK,Thread Group 1-737,text,true,,68863,248,90,90,https://restful-booker.herokuapp.com/booking,142,0,0
1789683525752,153,Get Booking,200,OK,Thread Group 1-804,text,true,,915,253,90,90,https://restful-booker.herokuapp.com/booking/4925,153,0,0
1789683525787,138,UpdateBooking - PUT,200,OK,Thread Group 1-524,text,true,,914,524,90,90,https://restful-booker.herokuapp.com/booking/4847,138,0,0
1789683525771,156,Get Booking,200,OK,Thread Group 1-931,text,true,,915,253,90,90,https://restful-booker.herokuapp.com/booking/4934,156,0,0
1789683525777,152,Get Booking,200,OK,Thread Group 1-818,text,true,,916,253,90,90,https://restful-booker.herokuapp.com/booking/4931,151,0,0
1789683525492,438,Get Booking IDs,200,OK,Thread Group 1-640,text,true,,68863,248,90,90,https://restful-booker.herokuapp.com/booking,273,0,0
1789683525806,138,Get Booking,200,OK,Thread Group 1-833,text,true,,912,253,89,89,https://restful-booker.herokuapp.com/booking/4923,138,0,0
1789683525520,426,Get Booking IDs,200,OK,Thread Group 1-658,text,true,,68939,248,89,89,https://restful-booker.herokuapp.com/booking,141,0,0
1789683525798,148,Get Booking,200,OK,Thread Group 1-981,text,true,,915,253,89,89,https://restful-booker.herokuapp.com/booking/4932,148,0,0
1789683525832,142,Get Booking,200,OK,Thread Group 1-974,text,true,,916,253,88,88,https://restful-booker.herokuapp.com/booking/4944,142,0,0
1789683525561,413,Get Booking IDs,200,OK,Thread Group 1-766,text,true,,68996,248,88,88,https://restful-booker.herokuapp.com/booking,145,0,0
1789683525849,132,UpdateBooking - PATCH,200,OK,Thread Group 1-471,text,true,,914,333,87,87,https://restful-booker.herokuapp.com/booking/4826,132,0,0
1789683525574,407,Get Booking IDs,200,OK,Thread Group 1-697,text,true,,69053,248,87,87,https://restful-booker.herokuapp.com/booking,134,0,0
1789683525846,135,Get Booking,200,OK,Thread Group 1-916,text,true,,914,253,87,87,https://restful-booker.herokuapp.com/booking/4942,135,0,0
1789683525850,135,Get Booking,200,OK,Thread Group 1-850,text,true,,915,253,87,87,https://restful-booker.herokuapp.com/booking/4935,135,0,0
1789683525858,136,Get Booking,200,OK,Thread Group 1-831,text,true,,912,253,87,87,https://restful-booker.herokuapp.com/booking/4936,136,0,0
1789683525866,132,UpdateBooking - PUT,200,OK,Thread Group 1-551,text,true,,914,524,87,87,https://restful-booker.herokuapp.com/booking/4850,132,0,0
1789683525862,141,Get Booking,200,OK,Thread Group 1-860,text,true,,915,253,87,87,https://restful-booker.herokuapp.com/booking/4939,141,0,0
1789683525600,405,Get Booking IDs,200,OK,Thread Group 1-688,text,true,,69129,248,87,87,https://restful-booker.herokuapp.com/booking,265,0,0
1789683525603,419,Get Booking IDs,200,OK,Thread Group 1-690,text,true,,69148,248,86,86,https://restful-booker.herokuapp.com/booking,142,0,0
1789683525891,132,Get Booking,200,OK,Thread Group 1-836,text,true,,914,253,85,85,https://restful-booker.herokuapp.com/booking/4940,132,0,0
1789683525603,431,Get Booking IDs,200,OK,Thread Group 1-700,text,true,,69167,248,85,85,https://restful-booker.herokuapp.com/booking,278,0,0
1789683525906,132,Get Booking,200,OK,Thread Group 1-966,text,true,,916,253,84,84,https://restful-booker.herokuapp.com/booking/4943,132,0,0
1789683525635,408,Get Booking IDs,200,OK,Thread Group 1-683,text,true,,69224,248,84,84,https://restful-booker.herokuapp.com/booking,139,0,0
1789683525622,432,Get Booking IDs,200,OK,Thread Group 1-776,text,true,,69186,248,83,83,https://restful-booker.herokuapp.com/booking,283,0,0
1789683525923,133,Get Booking,200,OK,Thread Group 1-947,text,true,,916,253,82,82,https://restful-booker.herokuapp.com/booking/4950,133,0,0
1789683525633,426,Get Booking IDs,200,OK,Thread Group 1-720,text,true,,69224,248,82,82,https://restful-booker.herokuapp.com/booking,279,0,0
1789683525641,424,Get Booking IDs,200,OK,Thread Group 1-744,text,true,,69243,248,81,81,https://restful-booker.herokuapp.com/booking,139,0,0
1789683525932,135,Get Booking,200,OK,Thread Group 1-961,text,true,,912,253,81,81,https://restful-booker.herokuapp.com/booking/4959,135,0,0
1789683525940,136,Get Booking,200,OK,Thread Group 1-858,text,true,,915,253,81,81,https://restful-booker.herokuapp.com/booking/4937,136,0,0
1789683525945,133,Get Booking,200,OK,Thread Group 1-950,text,true,,915,253,81,81,https://restful-booker.herokuapp.com/booking/4955,133,0,0
1789683525665,422,Get Booking IDs,200,OK,Thread Group 1-730,text,true,,69281,248,81,81,https://restful-booker.herokuapp.com/booking,138,0,0
1789683525958,136,Get Booking,200,OK,Thread Group 1-848,text,true,,916,253,80,80,https://restful-booker.herokuapp.com/booking/4938,136,0,0
1789683525975,134,UpdateBooking - PATCH,200,OK,Thread Group 1-497,text,true,,914,333,80,80,https://restful-booker.herokuapp.com/booking/4827,134,0,0
1789683525978,135,UpdateBooking - PATCH,200,OK,Thread Group 1-591,text,true,,914,333,80,80,https://restful-booker.herokuapp.com/booking/4868,135,0,0
1789683525668,451,Get Booking IDs,200,OK,Thread Group 1-644,text,true,,69281,248,80,80,https://restful-booker.herokuapp.com/booking,142,0,0
1789683525957,162,Get Booking,200,OK,Thread Group 1-853,text,true,,915,253,80,80,https://restful-booker.herokuapp.com/booking/4948,162,0,0
1789683525960,164,Get Booking,200,OK,Thread Group 1-948,text,true,,914,253,80,80,https://restful-booker.herokuapp.com/booking/4963,164,0,0
1789683525995,139,UpdateBooking - PUT,200,OK,Thread Group 1-577,text,true,,914,524,80,80,https://restful-booker.herokuapp.com/booking/4875,139,0,0
1789683525977,163,Get Booking,200,OK,Thread Group 1-864,text,true,,915,253,80,80,https://restful-booker.herokuapp.com/booking/4941,163,0,0
1789683526003,148,Get Booking,200,OK,Thread Group 1-897,text,true,,916,253,80,80,https://restful-booker.herokuapp.com/booking/4945,148,0,0
1789683525995,156,Get Booking,200,OK,Thread Group 1-943,text,true,,915,253,80,80,https://restful-booker.herokuapp.com/booking/4949,156,0,0
1789683526040,135,Get Booking,200,OK,Thread Group 1-998,text,true,,916,253,80,80,https://restful-booker.herokuapp.com/booking/4960,135,0,0
1789683525758,426,Get Booking IDs,200,OK,Thread Group 1-676,text,true,,69448,248,80,80,https://restful-booker.herokuapp.com/booking,155,0,0
1789683526063,139,Get Booking,200,OK,Thread Group 1-991,text,true,,914,253,79,79,https://restful-booker.herokuapp.com/booking/4968,139,0,0
1789683526064,138,CreateBooking,200,OK,Thread Group 1-956,text,true,,941,518,79,79,https://restful-booker.herokuapp.com/booking,138,0,0
1789683526019,190,DeleteBooking,200,OK,Thread Group 1-531,text,true,,914,253,79,79,https://restful-booker.herokuapp.com/booking/4829,189,0,0
1789683525799,410,Get Booking IDs,200,OK,Thread Group 1-726,text,true,,69448,248,79,79,https://restful-booker.herokuapp.com/booking,134,0,0
1789683526070,139,Get Booking,200,OK,Thread Group 1-997,text,true,,912,253,77,77,https://restful-booker.herokuapp.com/booking/4961,139,0,0
1789683526080,131,Get Booking,200,OK,Thread Group 1-904,text,true,,912,253,77,77,https://restful-booker.herokuapp.com/booking/4946,131,0,0
1789683526090,136,DeleteBooking,200,OK,Thread Group 1-377,text,true,,914,253,77,77,https://restful-booker.herokuapp.com/booking/4812,136,0,0
1789683525823,413,Get Booking IDs,200,OK,Thread Group 1-777,text,true,,69448,248,76,76,https://restful-booker.herokuapp.com/booking,269,0,0
1789683526093,143,UpdateBooking - PUT,200,OK,Thread Group 1-671,text,true,,914,524,76,76,https://restful-booker.herokuapp.com/booking/4901,143,0,0
1789683525807,440,Get Booking IDs,200,OK,Thread Group 1-661,text,true,,69448,248,76,76,https://restful-booker.herokuapp.com/booking,280,0,0
1789683526117,132,UpdateBooking - PATCH,200,OK,Thread Group 1-511,text,true,,914,333,75,75,https://restful-booker.herokuapp.com/booking/4838,132,0,0
1789683526122,138,UpdateBooking - PUT,200,OK,Thread Group 1-604,text,true,,914,524,75,75,https://restful-booker.herokuapp.com/booking/4879,138,0,0
1789683526110,150,Get Booking,200,OK,Thread Group 1-958,text,true,,914,253,75,75,https://restful-booker.herokuapp.com/booking/4947,150,0,0
1789683525678,585,Get Booking IDs,200,OK,Thread Group 1-668,text,true,,69338,248,75,75,https://restful-booker.herokuapp.com/booking,280,0,0
1789683526131,132,UpdateBooking - PUT,200,OK,Thread Group 1-657,text,true,,914,524,75,75,https://restful-booker.herokuapp.com/booking/4878,132,0,0
1789683525856,415,Get Booking IDs,200,OK,Thread Group 1-808,text,true,,69486,248,74,74,https://restful-booker.herokuapp.com/booking,133,0,0
1789683526131,140,Get Booking,200,OK,Thread Group 1-970,text,true,,914,253,74,74,https://restful-booker.herokuapp.com/booking/4951,140,0,0
1789683525680,593,Get Booking IDs,200,OK,Thread Group 1-664,text,true,,69338,248,73,73,https://restful-booker.herokuapp.com/booking,286,0,0
1789683526147,132,Get Booking,200,OK,Thread Group 1-910,text,true,,912,253,73,73,https://restful-booker.herokuapp.com/booking/4964,132,0,0
1789683525858,431,Get Booking IDs,200,OK,Thread Group 1-733,text,true,,69486,248,73,73,https://restful-booker.herokuapp.com/booking,283,0,0
1789683526156,146,Get Booking,200,OK,Thread Group 1-980,text,true,,916,253,72,72,https://restful-booker.herokuapp.com/booking/4957,146,0,0
1789683525890,416,Get Booking IDs,200,OK,Thread Group 1-806,text,true,,69486,248,72,72,https://restful-booker.herokuapp.com/booking,135,0,0
1789683526159,152,Get Booking,200,OK,Thread Group 1-973,text,true,,912,253,71,71,https://restful-booker.herokuapp.com/booking/4954,152,0,0
1789683526171,146,Get Booking,200,OK,Thread Group 1-953,text,true,,915,253,71,71,https://restful-booker.herokuapp.com/booking/4952,146,0,0
1789683526180,138,Get Booking,200,OK,Thread Group 1-923,text,true,,915,253,71,71,https://restful-booker.herokuapp.com/booking/4965,138,0,0
1789683526192,132,Get Booking,200,OK,Thread Group 1-917,text,true,,914,253,71,71,https://restful-booker.herokuapp.com/booking/4962,132,0,0
1789683526208,133,Get Booking,200,OK,Thread Group 1-936,text,true,,915,253,71,71,https://restful-booker.herokuapp.com/booking/4969,133,0,0
1789683525954,401,Get Booking IDs,200,OK,Thread Group 1-800,text,true,,69486,248,71,71,https://restful-booker.herokuapp.com/booking,133,0,0
1789683526223,133,DeleteBooking,200,OK,Thread Group 1-457,text,true,,914,253,71,71,https://restful-booker.herokuapp.com/booking/4821,133,0,0
1789683526231,141,Get Booking,200,OK,Thread Group 1-861,text,true,,915,253,69,69,https://restful-booker.herokuapp.com/booking/4958,141,0,0
1789683526243,138,DeleteBooking,200,OK,Thread Group 1-471,text,true,,914,253,69,69,https://restful-booker.herokuapp.com/booking/4826,138,0,0
1789683525945,444,Get Booking IDs,200,OK,Thread Group 1-793,text,true,,69486,248,68,68,https://restful-booker.herokuapp.com/booking,285,0,0
1789683526246,144,UpdateBooking - PUT,200,OK,Thread Group 1-697,text,true,,914,524,68,68,https://restful-booker.herokuapp.com/booking/4892,144,0,0
1789683525987,414,Get Booking IDs,200,OK,Thread Group 1-798,text,true,,69486,248,67,67,https://restful-booker.herokuapp.com/booking,271,0,0
1789683526283,152,UpdateBooking - PATCH,200,OK,Thread Group 1-524,text,true,,914,333,66,66,https://restful-booker.herokuapp.com/booking/4847,152,0,0
1789683526053,401,Get Booking IDs,200,OK,Thread Group 1-801,text,true,,69486,248,66,66,https://restful-booker.herokuapp.com/booking,133,0,0
1789683526314,150,Get Booking,200,OK,Thread Group 1-987,text,true,,915,253,65,65,https://restful-booker.herokuapp.com/booking/4967,150,0,0
1789683526057,408,Get Booking IDs,200,OK,Thread Group 1-846,text,true,,69486,248,65,65,https://restful-booker.herokuapp.com/booking,134,0,0
1789683526332,135,Get Booking,200,OK,Thread Group 1-956,text,true,,912,253,64,64,https://restful-booker.herokuapp.com/booking/4973,135,0,0
1789683526057,428,Get Booking IDs,200,OK,Thread Group 1-813,text,true,,69486,248,64,64,https://restful-booker.herokuapp.com/booking,140,0,0
1789683526354,134,UpdateBooking - PUT,200,OK,Thread Group 1-644,text,true,,914,524,63,63,https://restful-booker.herokuapp.com/booking/4880,134,0,0
1789683526354,137,UpdateBooking - PUT,200,OK,Thread Group 1-624,text,true,,914,524,63,63,https://restful-booker.herokuapp.com/booking/4877,137,0,0
1789683526354,145,Get Booking,200,OK,Thread Group 1-894,text,true,,915,253,63,63,https://restful-booker.herokuapp.com/booking/4966,145,0,0
1789683526093,418,Get Booking IDs,200,OK,Thread Group 1-866,text,true,,69505,248,63,63,https://restful-booker.herokuapp.com/booking,142,0,0
1789683526400,133,UpdateBooking - PUT,200,OK,Thread Group 1-737,text,true,,914,524,62,62,https://restful-booker.herokuapp.com/booking/4895,133,0,0
1789683526110,435,Get Booking IDs,200,OK,Thread Group 1-773,text,true,,69505,248,62,62,https://restful-booker.herokuapp.com/booking,143,0,0
1789683526155,404,Get Booking IDs,200,OK,Thread Group 1-851,text,true,,69486,248,61,61,https://restful-booker.herokuapp.com/booking,133,0,0
1789683526415,150,UpdateBooking - PATCH,200,OK,Thread Group 1-551,text,true,,914,333,61,61,https://restful-booker.herokuapp.com/booking/4850,150,0,0
1789683526133,434,Get Booking IDs,200,OK,Thread Group 1-753,text,true,,69505,248,61,61,https://restful-booker.herokuapp.com/booking,135,0,0
1789683526139,450,Get Booking IDs,200,OK,Thread Group 1-778,text,true,,69505,248,60,60,https://restful-booker.herokuapp.com/booking,139,0,0
1789683526154,448,Get Booking IDs,200,OK,Thread Group 1-833,text,true,,69486,248,59,59,https://restful-booker.herokuapp.com/booking,140,0,0
1789683526470,134,UpdateBooking - PUT,200,OK,Thread Group 1-777,text,true,,914,524,58,58,https://restful-booker.herokuapp.com/booking/4921,134,0,0
1789683526159,454,Get Booking IDs,200,OK,Thread Group 1-916,text,true,,69486,248,58,58,https://restful-booker.herokuapp.com/booking,151,0,0
1789683526483,141,DeleteBooking,200,OK,Thread Group 1-511,text,true,,914,253,57,57,https://restful-booker.herokuapp.com/booking/4838,141,0,0
1789683526164,463,Get Booking IDs,200,OK,Thread Group 1-881,text,true,,69486,248,56,56,https://restful-booker.herokuapp.com/booking,148,0,0
1789683526460,168,UpdateBooking - PUT,200,OK,Thread Group 1-744,text,true,,914,524,56,56,https://restful-booker.herokuapp.com/booking/4890,168,0,0
1789683526502,152,DeleteBooking,200,OK,Thread Group 1-497,text,true,,914,253,55,55,https://restful-booker.herokuapp.com/booking/4827,152,0,0
1789683526241,426,Get Booking IDs,200,OK,Thread Group 1-836,text,true,,69486,248,54,54,https://restful-booker.herokuapp.com/booking,134,0,0
1789683526244,433,Get Booking IDs,200,OK,Thread Group 1-848,text,true,,69486,248,53,53,https://restful-booker.herokuapp.com/booking,137,0,0
1789683526528,156,UpdateBooking - PATCH,200,OK,Thread Group 1-604,text,true,,914,333,52,52,https://restful-booker.herokuapp.com/booking/4879,156,0,0
1789683526231,453,Get Booking IDs,200,OK,Thread Group 1-860,text,true,,69486,248,52,52,https://restful-booker.herokuapp.com/booking,154,0,0
1789683525954,733,Get Booking IDs,200,OK,Thread Group 1-790,text,true,,69486,248,51,51,https://restful-booker.herokuapp.com/booking,159,0,0
1789683526253,434,Get Booking IDs,200,OK,Thread Group 1-764,text,true,,69486,248,51,51,https://restful-booker.herokuapp.com/booking,136,0,0
1789683526264,434,Get Booking IDs,200,OK,Thread Group 1-981,text,true,,69486,248,50,50,https://restful-booker.herokuapp.com/booking,284,0,0
1789683526551,160,UpdateBooking - PATCH,200,OK,Thread Group 1-577,text,true,,914,333,49,49,https://restful-booker.herokuapp.com/booking/4875,160,0,0
1789683526267,446,Get Booking IDs,200,OK,Thread Group 1-850,text,true,,69486,248,49,49,https://restful-booker.herokuapp.com/booking,301,0,0
1789683526580,139,DeleteBooking,200,OK,Thread Group 1-591,text,true,,914,253,48,48,https://restful-booker.herokuapp.com/booking/4868,139,0,0
1789683526598,135,UpdateBooking - PATCH,200,OK,Thread Group 1-671,text,true,,914,333,47,47,https://restful-booker.herokuapp.com/booking/4901,135,0,0
1789683526605,138,UpdateBooking - PUT,200,OK,Thread Group 1-664,text,true,,914,524,47,47,https://restful-booker.herokuapp.com/booking/4889,138,0,0
1789683526617,133,UpdateBooking - PATCH,200,OK,Thread Group 1-657,text,true,,914,333,47,47,https://restful-booker.herokuapp.com/booking/4878,133,0,0
1789683526332,427,Get Booking IDs,200,OK,Thread Group 1-804,text,true,,69486,248,47,47,https://restful-booker.herokuapp.com/booking,141,0,0
1789683526338,421,Get Booking IDs,200,OK,Thread Group 1-818,text,true,,69486,248,47,47,https://restful-booker.herokuapp.com/booking,274,0,0
1789683526341,430,Get Booking IDs,200,OK,Thread Group 1-974,text,true,,69486,248,46,46,https://restful-booker.herokuapp.com/booking,137,0,0
1789683526630,141,UpdateBooking - PATCH,200,OK,Thread Group 1-644,text,true,,914,333,46,46,https://restful-booker.herokuapp.com/booking/4880,141,0,0
1789683526348,429,Get Booking IDs,200,OK,Thread Group 1-947,text,true,,69486,248,45,45,https://restful-booker.herokuapp.com/booking,138,0,0
1789683526350,435,Get Booking IDs,200,OK,Thread Group 1-966,text,true,,69486,248,44,44,https://restful-booker.herokuapp.com/booking,284,0,0
1789683526357,441,Get Booking IDs,200,OK,Thread Group 1-831,text,true,,69486,248,43,43,https://restful-booker.herokuapp.com/booking,139,0,0
1789683526402,434,Get Booking IDs,200,OK,Thread Group 1-950,text,true,,69505,248,43,43,https://restful-booker.herokuapp.com/booking,134,0,0
1789683526457,413,Get Booking IDs,200,OK,Thread Group 1-991,text,true,,69505,248,42,42,https://restful-booker.herokuapp.com/booking,134,0,0
1789683526276,606,Get Booking IDs,200,OK,Thread Group 1-931,text,true,,69486,248,42,42,https://restful-booker.herokuapp.com/booking,135,0,0
1789683526344,563,Get Booking IDs,200,OK,Thread Group 1-943,text,true,,69486,248,42,42,https://restful-booker.herokuapp.com/booking,296,0,0
1789683526489,436,Get Booking IDs,200,OK,Thread Group 1-864,text,true,,69505,248,41,41,https://restful-booker.herokuapp.com/booking,163,0,0
1789683526501,443,Get Booking IDs,200,OK,Thread Group 1-997,text,true,,69505,248,41,41,https://restful-booker.herokuapp.com/booking,153,0,0
1789683526508,440,Get Booking IDs,200,OK,Thread Group 1-958,text,true,,69505,248,41,41,https://restful-booker.herokuapp.com/booking,150,0,0
1789683526509,461,Get Booking IDs,200,OK,Thread Group 1-948,text,true,,69505,248,40,40,https://restful-booker.herokuapp.com/booking,155,0,0
1789683526533,444,Get Booking IDs,200,OK,Thread Group 1-858,text,true,,69505,248,39,39,https://restful-booker.herokuapp.com/booking,158,0,0
1789683526844,134,UpdateBooking - PATCH,200,OK,Thread Group 1-777,text,true,,922,333,38,38,https://restful-booker.herokuapp.com/booking/4921,134,0,0
1789683526827,156,DeleteBooking,200,OK,Thread Group 1-524,text,true,,922,253,38,38,https://restful-booker.herokuapp.com/booking/4847,156,0,0
1789683526376,609,Get Booking IDs,200,OK,Thread Group 1-853,text,true,,69505,248,37,37,https://restful-booker.herokuapp.com/booking,288,0,0
1789683526824,161,UpdateBooking - PATCH,200,OK,Thread Group 1-624,text,true,,922,333,37,37,https://restful-booker.herokuapp.com/booking/4877,161,0,0
1789683526580,406,Get Booking IDs,200,OK,Thread Group 1-961,text,true,,69524,248,36,36,https://restful-booker.herokuapp.com/booking,136,0,0
1789683526866,133,UpdateBooking - PUT,200,OK,Thread Group 1-851,text,true,,922,524,35,35,https://restful-booker.herokuapp.com/booking/4933,133,0,0
1789683526625,405,Get Booking IDs,200,OK,Thread Group 1-904,text,true,,69543,248,35,35,https://restful-booker.herokuapp.com/booking,136,0,0
1789683526977,138,DeleteBooking,200,OK,Thread Group 1-671,text,true,,922,253,35,35,https://restful-booker.herokuapp.com/booking/4901,138,0,0
1789683526716,414,Get Booking IDs,200,OK,Thread Group 1-910,text,true,,69543,248,34,34,https://restful-booker.herokuapp.com/booking,143,0,0
1789683526927,206,DeleteBooking,200,OK,Thread Group 1-551,text,true,,922,253,33,33,https://restful-booker.herokuapp.com/booking/4850,206,0,0
1789683527003,134,DeleteBooking,200,OK,Thread Group 1-604,text,true,,922,253,32,32,https://restful-booker.herokuapp.com/booking/4879,134,0,0
1789683526744,407,Get Booking IDs,200,OK,Thread Group 1-970,text,true,,69551,248,31,31,https://restful-booker.herokuapp.com/booking,137,0,0
1789683527021,133,UpdateBooking - PATCH,200,OK,Thread Group 1-737,text,true,,922,333,30,30,https://restful-booker.herokuapp.com/booking/4895,133,0,0
1789683527053,131,UpdateBooking - PUT,200,OK,Thread Group 1-831,text,true,,922,524,30,30,https://restful-booker.herokuapp.com/booking/4936,131,0,0
1789683527063,132,DeleteBooking,200,OK,Thread Group 1-657,text,true,,922,253,30,30,https://restful-booker.herokuapp.com/booking/4878,132,0,0
1789683527071,131,UpdateBooking - PUT,200,OK,Thread Group 1-991,text,true,,922,524,29,29,https://restful-booker.herokuapp.com/booking/4968,131,0,0
1789683527072,132,UpdateBooking - PUT,200,OK,Thread Group 1-764,text,true,,922,524,29,29,https://restful-booker.herokuapp.com/booking/4908,132,0,0
1789683527077,135,UpdateBooking - PATCH,200,OK,Thread Group 1-664,text,true,,922,333,29,29,https://restful-booker.herokuapp.com/booking/4889,135,0,0
1789683526574,642,Get Booking IDs,200,OK,Thread Group 1-998,text,true,,69524,248,29,29,https://restful-booker.herokuapp.com/booking,278,0,0
1789683526605,631,Get Booking IDs,200,OK,Thread Group 1-953,text,true,,69524,248,28,28,https://restful-booker.herokuapp.com/booking,132,0,0
1789683527111,134,DeleteBooking,200,OK,Thread Group 1-644,text,true,,922,253,27,27,https://restful-booker.herokuapp.com/booking/4880,134,0,0
1789683527116,133,UpdateBooking - PUT,200,OK,Thread Group 1-931,text,true,,922,524,26,26,https://restful-booker.herokuapp.com/booking/4934,133,0,0
1789683527119,144,UpdateBooking - PUT,200,OK,Thread Group 1-804,text,true,,922,524,26,26,https://restful-booker.herokuapp.com/booking/4925,144,0,0
1789683527136,133,DeleteBooking,200,OK,Thread Group 1-577,text,true,,922,253,26,26,https://restful-booker.herokuapp.com/booking/4875,133,0,0
1789683526652,627,Get Booking IDs,200,OK,Thread Group 1-936,text,true,,69543,248,25,25,https://restful-booker.herokuapp.com/booking,274,0,0
1789683527145,134,DeleteBooking,200,OK,Thread Group 1-777,text,true,,922,253,25,25,https://restful-booker.herokuapp.com/booking/4921,134,0,0
1789683526657,623,Get Booking IDs,200,OK,Thread Group 1-973,text,true,,69543,248,25,25,https://restful-booker.herokuapp.com/booking,153,0,0
1789683526682,624,Get Booking IDs,200,OK,Thread Group 1-917,text,true,,69543,248,22,22,https://restful-booker.herokuapp.com/booking,154,0,0
1789683527215,131,UpdateBooking - PUT,200,OK,Thread Group 1-864,text,true,,922,524,22,22,https://restful-booker.herokuapp.com/booking/4941,131,0,0
1789683527222,135,DeleteBooking,200,OK,Thread Group 1-624,text,true,,922,253,22,22,https://restful-booker.herokuapp.com/booking/4877,135,0,0
1789683526732,626,Get Booking IDs,200,OK,Thread Group 1-861,text,true,,69551,248,21,21,https://restful-booker.herokuapp.com/booking,138,0,0
1789683526956,416,Get Booking IDs,200,OK,Thread Group 1-894,text,true,,69570,248,20,20,https://restful-booker.herokuapp.com/booking,139,0,0
1789683526748,624,Get Booking IDs,200,OK,Thread Group 1-897,text,true,,69551,248,20,20,https://restful-booker.herokuapp.com/booking,136,0,0
1789683526761,620,Get Booking IDs,200,OK,Thread Group 1-956,text,true,,69551,248,19,19,https://restful-booker.herokuapp.com/booking,136,0,0
1789683526901,504,UpdateBooking - PATCH,200,OK,Thread Group 1-697,text,true,,922,333,18,18,https://restful-booker.herokuapp.com/booking/4892,504,0,0
1789683526924,481,Get Booking IDs,200,OK,Thread Group 1-987,text,true,,69589,248,18,18,https://restful-booker.herokuapp.com/booking,207,0,0
1789683526889,517,UpdateBooking - PATCH,200,OK,Thread Group 1-744,text,true,,922,333,17,17,https://restful-booker.herokuapp.com/booking/4890,517,0,0
1789683527274,139,UpdateBooking - PATCH,200,OK,Thread Group 1-804,text,true,,922,333,17,17,https://restful-booker.herokuapp.com/booking/4925,139,0,0
1789683526831,592,Get Booking IDs,200,OK,Thread Group 1-923,text,true,,69570,248,17,17,https://restful-booker.herokuapp.com/booking,146,0,0
1789683526697,740,Get Booking IDs,200,OK,Thread Group 1-980,text,true,,69543,248,16,16,https://restful-booker.herokuapp.com/booking,338,0,0
1789683527320,132,UpdateBooking - PATCH,200,OK,Thread Group 1-851,text,true,,922,333,15,15,https://restful-booker.herokuapp.com/booking/4933,132,0,0
1789683527321,134,UpdateBooking - PUT,200,OK,Thread Group 1-997,text,true,,922,524,15,15,https://restful-booker.herokuapp.com/booking/4961,134,0,0
1789683527334,131,DeleteBooking,200,OK,Thread Group 1-737,text,true,,922,253,15,15,https://restful-booker.herokuapp.com/booking/4895,131,0,0
1789683527346,134,DeleteBooking,200,OK,Thread Group 1-664,text,true,,922,253,14,14,https://restful-booker.herokuapp.com/booking/4889,134,0,0
1789683527391,133,UpdateBooking - PATCH,200,OK,Thread Group 1-764,text,true,,922,333,13,13,https://restful-booker.herokuapp.com/booking/4908,133,0,0
1789683527430,131,UpdateBooking - PUT,200,OK,Thread Group 1-904,text,true,,922,524,13,13,https://restful-booker.herokuapp.com/booking/4946,131,0,0
1789683527476,133,UpdateBooking - PATCH,200,OK,Thread Group 1-991,text,true,,922,333,13,13,https://restful-booker.herokuapp.com/booking/4968,133,0,0
1789683527517,132,UpdateBooking - PUT,200,OK,Thread Group 1-897,text,true,,922,524,13,13,https://restful-booker.herokuapp.com/booking/4945,132,0,0
1789683527521,131,UpdateBooking - PATCH,200,OK,Thread Group 1-831,text,true,,922,333,13,13,https://restful-booker.herokuapp.com/booking/4936,131,0,0
1789683527528,132,UpdateBooking - PATCH,200,OK,Thread Group 1-931,text,true,,922,333,13,13,https://restful-booker.herokuapp.com/booking/4934,132,0,0
1789683527607,135,DeleteBooking,200,OK,Thread Group 1-804,text,true,,922,253,13,13,https://restful-booker.herokuapp.com/booking/4925,135,0,0
1789683527620,130,UpdateBooking - PUT,200,OK,Thread Group 1-917,text,true,,922,524,12,12,https://restful-booker.herokuapp.com/booking/4962,130,0,0
1789683527660,131,DeleteBooking,200,OK,Thread Group 1-697,text,true,,922,253,12,12,https://restful-booker.herokuapp.com/booking/4892,131,0,0
1789683527735,132,UpdateBooking - PATCH,200,OK,Thread Group 1-864,text,true,,914,333,11,11,https://restful-booker.herokuapp.com/booking/4941,132,0,0
1789683527755,131,DeleteBooking,200,OK,Thread Group 1-991,text,true,,914,253,11,11,https://restful-booker.herokuapp.com/booking/4968,131,0,0
1789683527780,132,DeleteBooking,200,OK,Thread Group 1-744,text,true,,914,253,10,10,https://restful-booker.herokuapp.com/booking/4890,132,0,0
1789683527813,133,UpdateBooking - PATCH,200,OK,Thread Group 1-997,text,true,,914,333,9,9,https://restful-booker.herokuapp.com/booking/4961,133,0,0
1789683527820,134,DeleteBooking,200,OK,Thread Group 1-851,text,true,,914,253,9,9,https://restful-booker.herokuapp.com/booking/4933,134,0,0
1789683527893,131,UpdateBooking - PATCH,200,OK,Thread Group 1-897,text,true,,914,333,8,8,https://restful-booker.herokuapp.com/booking/4945,131,0,0
1789683527902,131,UpdateBooking - PATCH,200,OK,Thread Group 1-904,text,true,,914,333,8,8,https://restful-booker.herokuapp.com/booking/4946,131,0,0
1789683527924,131,DeleteBooking,200,OK,Thread Group 1-831,text,true,,914,253,8,8,https://restful-booker.herokuapp.com/booking/4936,131,0,0
1789683527978,133,DeleteBooking,200,OK,Thread Group 1-764,text,true,,914,253,7,7,https://restful-booker.herokuapp.com/booking/4908,133,0,0
1789683528121,131,UpdateBooking - PATCH,200,OK,Thread Group 1-917,text,true,,914,333,6,6,https://restful-booker.herokuapp.com/booking/4962,131,0,0
1789683528129,131,DeleteBooking,200,OK,Thread Group 1-864,text,true,,914,253,6,6,https://restful-booker.herokuapp.com/booking/4941,131,0,0
1789683528196,133,DeleteBooking,200,OK,Thread Group 1-931,text,true,,914,253,5,5,https://restful-booker.herokuapp.com/booking/4934,133,0,0
1789683528232,132,DeleteBooking,200,OK,Thread Group 1-897,text,true,,914,253,4,4,https://restful-booker.herokuapp.com/booking/4945,131,0,0
1789683528257,132,DeleteBooking,200,OK,Thread Group 1-997,text,true,,914,253,3,3,https://restful-booker.herokuapp.com/booking/4961,132,0,0
1789683528410,130,DeleteBooking,200,OK,Thread Group 1-917,text,true,,914,253,2,2,https://restful-booker.herokuapp.com/booking/4962,130,0,0
1789683528419,131,DeleteBooking,200,OK,Thread Group 1-904,text,true,,914,253,1,1,https://restful-booker.herokuapp.com/booking/4946,131,0,0
