timeStamp,elapsed,label,responseCode,responseMessage,threadName,dataType,success,failureMessage,bytes,sentBytes,grpThreads,allThreads,URL,Latency,IdleTime,Connect
1789684026536,783,Login,200,OK,Thread Group 1-78,text,true,,766,325,191,191,https://restful-booker.herokuapp.com/auth,783,0,649
1789684026742,594,Login,200,OK,Thread Group 1-89,text,true,,766,325,194,194,https://restful-booker.herokuapp.com/auth,594,0,460
1789684026510,800,Login,200,OK,Thread Group 1-70,text,true,,767,327,189,189,https://restful-booker.herokuapp.com/auth,800,0,652
1789684026293,1020,Login,200,OK,Thread Group 1-6,text,true,,766,325,189,189,https://restful-booker.herokuapp.com/auth,1020,0,882
1789684026184,1169,Login,200,OK,Thread Group 1-11,text,true,,766,325,197,197,https://restful-booker.herokuapp.com/auth,1169,0,1033
1789684026469,847,Login,200,OK,Thread Group 1-41,text,true,,766,325,191,191,https://restful-booker.herokuapp.com/auth,847,0,713
1789684026538,799,Login,200,OK,Thread Group 1-50,text,true,,767,327,194,194,https://restful-booker.herokuapp.com/auth,799,0,666
1789684026381,927,Login,200,OK,Thread Group 1-53,text,true,,766,325,191,191,https://restful-booker.herokuapp.com/auth,927,0,781
1789684026143,1210,Login,200,OK,Thread Group 1-4,text,true,,767,327,197,197,https://restful-booker.herokuapp.com/auth,1210,0,1078
1789684026753,599,Login,200,OK,Thread Group 1-101,text,true,,766,325,197,197,https://restful-booker.herokuapp.com/auth,599,0,463
1789684026547,761,Login,200,OK,Thread Group 1-69,text,true,,766,325,189,189,https://restful-booker.herokuapp.com/auth,761,0,618
1789684026735,611,Login,200,OK,Thread Group 1-65,text,true,,767,327,195,195,https://restful-booker.herokuapp.com/auth,611,0,474
1789684026312,1030,Login,200,OK,Thread Group 1-39,text,true,,766,325,195,195,https://restful-booker.herokuapp.com/auth,1030,0,895
1789684026310,1036,Login,200,OK,Thread Group 1-26,text,true,,766,325,195,195,https://restful-booker.herokuapp.com/auth,1036,0,902
1789684026357,978,Login,200,OK,Thread Group 1-40,text,true,,767,327,194,194,https://restful-booker.herokuapp.com/auth,978,0,844
1789684026538,773,Login,200,OK,Thread Group 1-49,text,true,,766,325,189,189,https://restful-booker.herokuapp.com/auth,772,0,634
1789684026719,617,Login,200,OK,Thread Group 1-66,text,true,,766,325,194,194,https://restful-booker.herokuapp.com/auth,617,0,481
1789684026780,577,Login,200,OK,Thread Group 1-107,text,true,,766,325,198,198,https://restful-booker.herokuapp.com/auth,577,0,441
1789684026230,1095,Login,200,OK,Thread Group 1-23,text,true,,766,325,192,192,https://restful-booker.herokuapp.com/auth,1095,0,958
1789684026252,1056,Login,200,OK,Thread Group 1-21,text,true,,766,325,189,189,https://restful-booker.herokuapp.com/auth,1056,0,910
1789684026705,613,Login,200,OK,Thread Group 1-84,text,true,,766,325,191,191,https://restful-booker.herokuapp.com/auth,613,0,479
1789684026609,702,Login,200,OK,Thread Group 1-96,text,true,,766,325,189,189,https://restful-booker.herokuapp.com/auth,702,0,568
1789684026414,953,Login,200,OK,Thread Group 1-81,text,true,,766,325,199,199,https://restful-booker.herokuapp.com/auth,953,0,818
1789684026767,584,Login,200,OK,Thread Group 1-83,text,true,,766,325,196,196,https://restful-booker.herokuapp.com/auth,584,0,449
1789684026635,679,Login,200,OK,Thread Group 1-47,text,true,,766,325,189,189,https://restful-booker.herokuapp.com/auth,679,0,542
1789684026337,971,Login,200,OK,Thread Group 1-19,text,true,,766,325,191,191,https://restful-booker.herokuapp.com/auth,971,0,825
1789684026616,716,Login,200,OK,Thread Group 1-33,text,true,,766,325,193,193,https://restful-booker.herokuapp.com/auth,716,0,582
1789684026353,977,Login,200,OK,Thread Group 1-22,text,true,,766,325,193,193,https://restful-booker.herokuapp.com/auth,977,0,842
1789684026460,899,Login,200,OK,Thread Group 1-62,text,true,,766,325,198,198,https://restful-booker.herokuapp.com/auth,899,0,767
1789684026555,782,Login,200,OK,Thread Group 1-54,text,true,,766,325,194,194,https://restful-booker.herokuapp.com/auth,782,0,645
1789684026442,909,Login,200,OK,Thread Group 1-73,text,true,,766,325,196,196,https://restful-booker.herokuapp.com/auth,909,0,774
1789684026154,1180,Login,200,OK,Thread Group 1-10,text,true,,766,325,193,193,https://restful-booker.herokuapp.com/auth,1180,0,1045
1789684026521,803,Login,200,OK,Thread Group 1-68,text,true,,766,325,192,192,https://restful-booker.herokuapp.com/auth,803,0,669
1789684026176,1150,Login,200,OK,Thread Group 1-37,text,true,,766,325,192,192,https://restful-booker.herokuapp.com/auth,1149,0,1014
1789684026706,603,Login,200,OK,Thread Group 1-72,text,true,,766,325,189,189,https://restful-booker.herokuapp.com/auth,603,0,456
1789684026265,1086,Login,200,OK,Thread Group 1-28,text,true,,766,325,196,196,https://restful-booker.herokuapp.com/auth,1085,0,949
1789684026600,763,Login,200,OK,Thread Group 1-56,text,true,,766,325,199,199,https://restful-booker.herokuapp.com/auth,763,0,631
1789684026490,879,Login,200,OK,Thread Group 1-63,text,true,,766,325,200,200,https://restful-booker.herokuapp.com/auth,879,0,746
1789684026600,713,Login,200,OK,Thread Group 1-64,text,true,,766,325,189,189,https://restful-booker.herokuapp.com/auth,712,0,577
1789684026374,934,Login,200,OK,Thread Group 1-3,text,true,,766,325,191,191,https://restful-booker.herokuapp.com/auth,934,0,788
1789684026730,613,Login,200,OK,Thread Group 1-121,text,true,,766,325,195,195,https://restful-booker.herokuapp.com/auth,613,0,480
1789684026143,1169,Login,200,OK,Thread Group 1-16,text,true,,766,325,189,189,https://restful-booker.herokuapp.com/auth,1169,0,1032
1789684026510,803,Login,200,OK,Thread Group 1-20,text,true,,767,327,189,189,https://restful-booker.herokuapp.com/auth,803,0,670
1789684026470,848,Login,200,OK,Thread Group 1-29,text,true,,766,325,191,191,https://restful-booker.herokuapp.com/auth,848,0,709
1789684026173,1138,Login,200,OK,Thread Group 1-15,text,true,,767,327,189,189,https://restful-booker.herokuapp.com/auth,1138,0,1002
1789684026512,859,Login,200,OK,Thread Group 1-77,text,true,,766,325,200,200,https://restful-booker.herokuapp.com/auth,858,0,724
1789684026465,843,Login,200,OK,Thread Group 1-36,text,true,,766,325,191,191,https://restful-booker.herokuapp.com/auth,843,0,704
1789684026576,796,Login,200,OK,Thread Group 1-58,text,true,,766,325,193,193,https://restful-booker.herokuapp.com/auth,796,0,660
1789684026345,999,Login,200,OK,Thread Group 1-45,text,true,,767,327,195,195,https://restful-booker.herokuapp.com/auth,999,0,864
1789684026143,1165,Login,200,OK,Thread Group 1-9,text,true,,766,325,191,191,https://restful-booker.herokuapp.com/auth,1165,0,1024
1789684026485,824,Login,200,OK,Thread Group 1-46,text,true,,766,325,189,189,https://restful-booker.herokuapp.com/auth,824,0,677
1789684026588,785,Login,200,OK,Thread Group 1-55,text,true,,767,327,191,191,https://restful-booker.herokuapp.com/auth,784,0,651
1789684026270,1105,Login,200,OK,Thread Group 1-27,text,true,,766,325,186,186,https://restful-booker.herokuapp.com/auth,1104,0,967
1789684026202,1173,Login,200,OK,Thread Group 1-38,text,true,,766,325,186,186,https://restful-booker.herokuapp.com/auth,1173,0,1035
1789684026143,1235,Login,200,OK,Thread Group 1-13,text,true,,766,325,186,186,https://restful-booker.herokuapp.com/auth,1235,0,1102
1789684026732,692,Login,200,OK,Thread Group 1-79,text,true,,766,325,195,195,https://restful-booker.herokuapp.com/auth,692,0,559
1789684026821,603,Login,200,OK,Thread Group 1-108,text,true,,766,325,195,195,https://restful-booker.herokuapp.com/auth,603,0,470
1789684026597,830,Login,200,OK,Thread Group 1-51,text,true,,766,325,194,194,https://restful-booker.herokuapp.com/auth,830,0,694
1789684026826,601,Login,200,OK,Thread Group 1-95,text,true,,767,327,194,194,https://restful-booker.herokuapp.com/auth,601,0,464
1789684026732,695,Login,200,OK,Thread Group 1-67,text,true,,766,325,194,194,https://restful-booker.herokuapp.com/auth,695,0,559
1789684026815,614,Login,200,OK,Thread Group 1-118,text,true,,766,325,194,194,https://restful-booker.herokuapp.com/auth,614,0,477
1789684026143,1286,Login,200,OK,Thread Group 1-8,text,true,,766,325,194,194,https://restful-booker.herokuapp.com/auth,1286,0,1152
1789684026376,1053,Login,200,OK,Thread Group 1-35,text,true,,767,327,194,194,https://restful-booker.herokuapp.com/auth,1053,0,916
1789684026143,1286,Login,200,OK,Thread Group 1-14,text,true,,766,325,194,194,https://restful-booker.herokuapp.com/auth,1286,0,1149
1789684026770,659,Login,200,OK,Thread Group 1-105,text,true,,767,327,194,194,https://restful-booker.herokuapp.com/auth,659,0,526
1789684026643,787,Login,200,OK,Thread Group 1-44,text,true,,766,325,194,194,https://restful-booker.herokuapp.com/auth,787,0,649
1789684026678,756,Login,200,OK,Thread Group 1-91,text,true,,766,325,192,192,https://restful-booker.herokuapp.com/auth,756,0,615
1789684026156,1283,Login,200,OK,Thread Group 1-2,text,true,,767,327,193,193,https://restful-booker.herokuapp.com/auth,1283,0,1146
1789684026220,1220,Login,200,OK,Thread Group 1-1,text,true,,766,325,193,193,https://restful-booker.herokuapp.com/auth,1220,0,1084
1789684026767,674,Login,200,OK,Thread Group 1-59,text,true,,766,325,193,193,https://restful-booker.herokuapp.com/auth,674,0,536
1789684026756,686,Login,200,OK,Thread Group 1-76,text,true,,766,325,193,193,https://restful-booker.herokuapp.com/auth,686,0,549
1789684026228,1214,Login,200,OK,Thread Group 1-43,text,true,,766,325,193,193,https://restful-booker.herokuapp.com/auth,1214,0,1072
1789684026741,701,Login,200,OK,Thread Group 1-57,text,true,,766,325,193,193,https://restful-booker.herokuapp.com/auth,701,0,562
1789684026270,1173,Login,200,OK,Thread Group 1-34,text,true,,766,325,192,192,https://restful-booker.herokuapp.com/auth,1173,0,1037
1789684026206,1237,Login,200,OK,Thread Group 1-12,text,true,,766,325,192,192,https://restful-booker.herokuapp.com/auth,1237,0,1100
1789684026214,1231,Login,200,OK,Thread Group 1-24,text,true,,766,325,191,191,https://restful-booker.herokuapp.com/auth,1231,0,1094
1789684026328,1117,Login,200,OK,Thread Group 1-31,text,true,,766,325,191,191,https://restful-booker.herokuapp.com/auth,1117,0,979
1789684026742,703,Login,200,OK,Thread Group 1-71,text,true,,766,325,191,191,https://restful-booker.herokuapp.com/auth,703,0,562
1789684026362,1084,Login,200,OK,Thread Group 1-18,text,true,,766,325,191,191,https://restful-booker.herokuapp.com/auth,1083,0,946
1789684026517,929,Login,200,OK,Thread Group 1-48,text,true,,766,325,191,191,https://restful-booker.herokuapp.com/auth,929,0,790
1789684026420,1026,Login,200,OK,Thread Group 1-60,text,true,,767,327,191,191,https://restful-booker.herokuapp.com/auth,1026,0,890
1789684026522,925,Login,200,OK,Thread Group 1-25,text,true,,767,327,191,191,https://restful-booker.herokuapp.com/auth,925,0,791
1789684026565,884,Login,200,OK,Thread Group 1-52,text,true,,766,325,190,190,https://restful-booker.herokuapp.com/auth,884,0,745
1789684026317,1133,Login,200,OK,Thread Group 1-17,text,true,,766,325,191,191,https://restful-booker.herokuapp.com/auth,1133,0,995
1789684026620,830,Login,200,OK,Thread Group 1-87,text,true,,766,325,191,191,https://restful-booker.herokuapp.com/auth,830,0,691
1789684026462,988,Login,200,OK,Thread Group 1-75,text,true,,767,327,191,191,https://restful-booker.herokuapp.com/auth,988,0,851
1789684026232,1220,Login,200,OK,Thread Group 1-5,text,true,,766,325,189,189,https://restful-booker.herokuapp.com/auth,1220,0,1087
1789684026368,1084,Login,200,OK,Thread Group 1-42,text,true,,766,325,189,189,https://restful-booker.herokuapp.com/auth,1084,0,948
1789684026847,606,Login,200,OK,Thread Group 1-90,text,true,,767,327,190,190,https://restful-booker.herokuapp.com/auth,606,0,471
1789684026259,1195,Login,200,OK,Thread Group 1-30,text,true,,767,327,190,190,https://restful-booker.herokuapp.com/auth,1195,0,1059
1789684026677,777,Login,200,OK,Thread Group 1-88,text,true,,766,325,190,190,https://restful-booker.herokuapp.com/auth,777,0,641
1789684026365,1090,Login,200,OK,Thread Group 1-61,text,true,,766,325,190,190,https://restful-booker.herokuapp.com/auth,1090,0,953
1789684026260,1200,Login,200,OK,Thread Group 1-7,text,true,,766,325,191,191,https://restful-booker.herokuapp.com/auth,1200,0,1065
1789684026677,784,Login,200,OK,Thread Group 1-80,text,true,,767,327,191,191,https://restful-booker.herokuapp.com/auth,784,0,649
1789684026827,635,Login,200,OK,Thread Group 1-98,text,true,,766,325,190,190,https://restful-booker.herokuapp.com/auth,635,0,502
1789684026760,702,Login,200,OK,Thread Group 1-97,text,true,,766,325,190,190,https://restful-booker.herokuapp.com/auth,702,0,567
1789684026720,743,Login,200,OK,Thread Group 1-85,text,true,,767,327,190,190,https://restful-booker.herokuapp.com/auth,743,0,610
1789684026760,713,Login,200,OK,Thread Group 1-74,text,true,,766,325,191,191,https://restful-booker.herokuapp.com/auth,713,0,574
1789684026757,716,Login,200,OK,Thread Group 1-94,text,true,,766,325,191,191,https://restful-booker.herokuapp.com/auth,716,0,580
1789684026819,654,Login,200,OK,Thread Group 1-100,text,true,,767,327,191,191,https://restful-booker.herokuapp.com/auth,654,0,513
1789684026741,734,Login,200,OK,Thread Group 1-82,text,true,,766,325,191,191,https://restful-booker.herokuapp.com/auth,734,0,593
1789684026756,719,Login,200,OK,Thread Group 1-92,text,true,,766,325,191,191,https://restful-booker.herokuapp.com/auth,719,0,581
1789684026860,615,Login,200,OK,Thread Group 1-116,text,true,,766,325,191,191,https://restful-booker.herokuapp.com/auth,615,0,480
1789684026745,734,Login,200,OK,Thread Group 1-86,text,true,,766,325,190,190,https://restful-booker.herokuapp.com/auth,734,0,595
1789684026264,1220,Login,200,OK,Thread Group 1-32,text,true,,766,325,190,190,https://restful-booker.herokuapp.com/auth,1220,0,1082
1789684026907,578,Login,200,OK,Thread Group 1-102,text,true,,766,325,190,190,https://restful-booker.herokuapp.com/auth,578,0,444
1789684026845,722,Login,200,OK,Thread Group 1-114,text,true,,766,325,204,204,https://restful-booker.herokuapp.com/auth,722,0,589
1789684026898,670,Login,200,OK,Thread Group 1-120,text,true,,767,327,204,204,https://restful-booker.herokuapp.com/auth,670,0,537
1789684026976,596,Login,200,OK,Thread Group 1-112,text,true,,766,325,205,205,https://restful-booker.herokuapp.com/auth,596,0,461
1789684026923,654,Login,200,OK,Thread Group 1-119,text,true,,766,325,205,205,https://restful-booker.herokuapp.com/auth,654,0,520
1789684027448,133,CreateBooking,200,OK,Thread Group 1-9,text,true,,939,520,204,204,https://restful-booker.herokuapp.com/booking,132,0,0
1789684026898,687,Login,200,OK,Thread Group 1-113,text,true,,766,325,205,205,https://restful-booker.herokuapp.com/auth,687,0,548
1789684026884,701,Login,200,OK,Thread Group 1-115,text,true,,767,327,205,205,https://restful-booker.herokuapp.com/auth,701,0,566
1789684026866,720,Login,200,OK,Thread Group 1-99,text,true,,766,325,205,205,https://restful-booker.herokuapp.com/auth,720,0,585
1789684026876,712,Login,200,OK,Thread Group 1-129,text,true,,766,325,204,204,https://restful-booker.herokuapp.com/auth,712,0,581
1789684026855,733,Login,200,OK,Thread Group 1-124,text,true,,766,325,204,204,https://restful-booker.herokuapp.com/auth,733,0,598
1789684026885,705,Login,200,OK,Thread Group 1-103,text,true,,766,325,203,203,https://restful-booker.herokuapp.com/auth,705,0,571
1789684026871,727,Login,200,OK,Thread Group 1-123,text,true,,766,325,204,204,https://restful-booker.herokuapp.com/auth,727,0,593
1789684026886,714,Login,200,OK,Thread Group 1-106,text,true,,766,325,205,205,https://restful-booker.herokuapp.com/auth,714,0,578
1789684026911,689,Login,200,OK,Thread Group 1-93,text,true,,766,325,205,205,https://restful-booker.herokuapp.com/auth,689,0,554
1789684026969,638,Login,200,OK,Thread Group 1-136,text,true,,766,325,206,206,https://restful-booker.herokuapp.com/auth,638,0,505
1789684026910,699,Login,200,OK,Thread Group 1-104,text,true,,766,325,206,206,https://restful-booker.herokuapp.com/auth,699,0,563
1789684027482,132,CreateBooking,200,OK,Thread Group 1-53,text,true,,937,518,207,207,https://restful-booker.herokuapp.com/booking,132,0,0
1789684026935,682,Login,200,OK,Thread Group 1-133,text,true,,766,325,208,208,https://restful-booker.herokuapp.com/auth,682,0,548
1789684026898,721,Login,200,OK,Thread Group 1-110,text,true,,767,327,208,208,https://restful-booker.herokuapp.com/auth,721,0,585
1789684026852,771,Login,200,OK,Thread Group 1-117,text,true,,766,325,209,209,https://restful-booker.herokuapp.com/auth,771,0,635
1789684027499,175,CreateBooking,200,OK,Thread Group 1-21,text,true,,941,522,218,218,https://restful-booker.herokuapp.com/booking,175,0,0
1789684027094,580,Login,200,OK,Thread Group 1-125,text,true,,767,327,218,218,https://restful-booker.herokuapp.com/auth,580,0,410
1789684027108,570,Login,200,OK,Thread Group 1-137,text,true,,766,325,218,218,https://restful-booker.herokuapp.com/auth,570,0,411
1789684027528,151,CreateBooking,200,OK,Thread Group 1-66,text,true,,941,522,218,218,https://restful-booker.herokuapp.com/booking,151,0,0
1789684027104,576,Login,200,OK,Thread Group 1-126,text,true,,766,325,218,218,https://restful-booker.herokuapp.com/auth,576,0,418
1789684027149,545,Login,200,OK,Thread Group 1-146,text,true,,766,325,221,221,https://restful-booker.herokuapp.com/auth,545,0,415
1789684027151,545,Login,200,OK,Thread Group 1-122,text,true,,766,325,221,221,https://restful-booker.herokuapp.com/auth,545,0,415
1789684027115,584,Login,200,OK,Thread Group 1-131,text,true,,766,325,221,221,https://restful-booker.herokuapp.com/auth,584,0,451
1789684027136,563,Login,200,OK,Thread Group 1-149,text,true,,766,325,221,221,https://restful-booker.herokuapp.com/auth,563,0,430
1789684027150,551,Login,200,OK,Thread Group 1-134,text,true,,766,325,220,220,https://restful-booker.herokuapp.com/auth,551,0,421
1789684027568,136,CreateBooking,200,OK,Thread Group 1-71,text,true,,937,518,221,221,https://restful-booker.herokuapp.com/booking,136,0,0
1789684027149,556,Login,200,OK,Thread Group 1-109,text,true,,766,325,221,221,https://restful-booker.herokuapp.com/auth,556,0,424
1789684027149,557,Login,200,OK,Thread Group 1-152,text,true,,766,325,220,220,https://restful-booker.herokuapp.com/auth,557,0,425
1789684027157,555,Login,200,OK,Thread Group 1-111,text,true,,766,325,220,220,https://restful-booker.herokuapp.com/auth,555,0,423
1789684027577,136,CreateBooking,200,OK,Thread Group 1-101,text,true,,940,521,221,221,https://restful-booker.herokuapp.com/booking,136,0,0
1789684027579,135,CreateBooking,200,OK,Thread Group 1-46,text,true,,940,521,221,221,https://restful-booker.herokuapp.com/booking,135,0,0
1789684027137,577,Login,200,OK,Thread Group 1-162,text,true,,766,325,221,221,https://restful-booker.herokuapp.com/auth,577,0,441
1789684027149,567,Login,200,OK,Thread Group 1-128,text,true,,766,325,220,220,https://restful-booker.herokuapp.com/auth,567,0,423
1789684027155,563,Login,200,OK,Thread Group 1-153,text,true,,766,325,220,220,https://restful-booker.herokuapp.com/auth,563,0,427
1789684027159,560,Login,200,OK,Thread Group 1-135,text,true,,767,327,220,220,https://restful-booker.herokuapp.com/auth,560,0,427
1789684027154,571,Login,200,OK,Thread Group 1-145,text,true,,767,327,221,221,https://restful-booker.herokuapp.com/auth,571,0,426
1789684027154,572,Login,200,OK,Thread Group 1-127,text,true,,766,325,221,221,https://restful-booker.herokuapp.com/auth,572,0,426
1789684027157,569,Login,200,OK,Thread Group 1-130,text,true,,767,327,221,221,https://restful-booker.herokuapp.com/auth,569,0,425
1789684027187,539,Login,200,OK,Thread Group 1-143,text,true,,766,325,221,221,https://restful-booker.herokuapp.com/auth,539,0,408
1789684027188,541,Login,200,OK,Thread Group 1-132,text,true,,766,325,220,220,https://restful-booker.herokuapp.com/auth,541,0,409
1789684027186,544,Login,200,OK,Thread Group 1-138,text,true,,766,325,221,221,https://restful-booker.herokuapp.com/auth,544,0,411
1789684027597,138,CreateBooking,200,OK,Thread Group 1-11,text,true,,940,521,220,220,https://restful-booker.herokuapp.com/booking,138,0,0
1789684027597,140,CreateBooking,200,OK,Thread Group 1-44,text,true,,939,520,221,221,https://restful-booker.herokuapp.com/booking,140,0,0
1789684027607,132,CreateBooking,200,OK,Thread Group 1-78,text,true,,940,521,221,221,https://restful-booker.herokuapp.com/booking,132,0,0
1789684027196,545,Login,200,OK,Thread Group 1-155,text,true,,767,327,221,221,https://restful-booker.herokuapp.com/auth,545,0,413
1789684027198,546,Login,200,OK,Thread Group 1-159,text,true,,766,325,221,221,https://restful-booker.herokuapp.com/auth,546,0,411
1789684027616,135,CreateBooking,200,OK,Thread Group 1-48,text,true,,940,521,221,221,https://restful-booker.herokuapp.com/booking,135,0,0
1789684027207,548,Login,200,OK,Thread Group 1-157,text,true,,766,325,222,222,https://restful-booker.herokuapp.com/auth,548,0,417
1789684027209,562,Login,200,OK,Thread Group 1-148,text,true,,766,325,224,224,https://restful-booker.herokuapp.com/auth,562,0,417
1789684027203,568,Login,200,OK,Thread Group 1-141,text,true,,766,325,224,224,https://restful-booker.herokuapp.com/auth,568,0,421
1789684027630,141,CreateBooking,200,OK,Thread Group 1-54,text,true,,939,520,224,224,https://restful-booker.herokuapp.com/booking,141,0,0
1789684027635,136,CreateBooking,200,OK,Thread Group 1-43,text,true,,941,522,224,224,https://restful-booker.herokuapp.com/booking,136,0,0
1789684027640,133,CreateBooking,200,OK,Thread Group 1-77,text,true,,937,518,224,224,https://restful-booker.herokuapp.com/booking,133,0,0
1789684027646,131,CreateBooking,200,OK,Thread Group 1-68,text,true,,937,518,225,225,https://restful-booker.herokuapp.com/booking,131,0,0
1789684027646,131,CreateBooking,200,OK,Thread Group 1-41,text,true,,940,521,225,225,https://restful-booker.herokuapp.com/booking,131,0,0
1789684027649,132,CreateBooking,200,OK,Thread Group 1-23,text,true,,939,520,226,226,https://restful-booker.herokuapp.com/booking,132,0,0
1789684027650,132,CreateBooking,200,OK,Thread Group 1-50,text,true,,941,522,226,226,https://restful-booker.herokuapp.com/booking,132,0,0
1789684027651,131,CreateBooking,200,OK,Thread Group 1-5,text,true,,941,522,226,226,https://restful-booker.herokuapp.com/booking,131,0,0
1789684027649,134,CreateBooking,200,OK,Thread Group 1-18,text,true,,940,521,227,227,https://restful-booker.herokuapp.com/booking,134,0,0
1789684027650,134,CreateBooking,200,OK,Thread Group 1-17,text,true,,937,518,227,227,https://restful-booker.herokuapp.com/booking,134,0,0
1789684027649,137,CreateBooking,200,OK,Thread Group 1-70,text,true,,937,518,227,227,https://restful-booker.herokuapp.com/booking,137,0,0
1789684027654,133,CreateBooking,200,OK,Thread Group 1-31,text,true,,940,521,227,227,https://restful-booker.herokuapp.com/booking,133,0,0
1789684027654,135,CreateBooking,200,OK,Thread Group 1-28,text,true,,940,521,228,228,https://restful-booker.herokuapp.com/booking,135,0,0
1789684027669,132,CreateBooking,200,OK,Thread Group 1-24,text,true,,941,522,230,230,https://restful-booker.herokuapp.com/booking,132,0,0
1789684027223,584,Login,200,OK,Thread Group 1-140,text,true,,767,327,231,231,https://restful-booker.herokuapp.com/auth,583,0,452
1789684027676,132,CreateBooking,200,OK,Thread Group 1-73,text,true,,940,521,231,231,https://restful-booker.herokuapp.com/booking,132,0,0
1789684027680,135,CreateBooking,200,OK,Thread Group 1-51,text,true,,939,520,232,232,https://restful-booker.herokuapp.com/booking,135,0,0
1789684027231,584,Login,200,OK,Thread Group 1-156,text,true,,766,325,232,232,https://restful-booker.herokuapp.com/auth,584,0,447
1789684027205,612,Login,200,OK,Thread Group 1-142,text,true,,766,325,232,232,https://restful-booker.herokuapp.com/auth,612,0,472
1789684027683,135,CreateBooking,200,OK,Thread Group 1-86,text,true,,937,518,232,232,https://restful-booker.herokuapp.com/booking,135,0,0
1789684027688,132,CreateBooking,200,OK,Thread Group 1-56,text,true,,941,522,232,232,https://restful-booker.herokuapp.com/booking,132,0,0
1789684027260,563,Login,200,OK,Thread Group 1-139,text,true,,766,325,233,233,https://restful-booker.herokuapp.com/auth,563,0,431
1789684027691,133,CreateBooking,200,OK,Thread Group 1-33,text,true,,941,522,233,233,https://restful-booker.herokuapp.com/booking,133,0,0
1789684027285,539,Login,200,OK,Thread Group 1-144,text,true,,766,325,233,233,https://restful-booker.herokuapp.com/auth,539,0,407
1789684027691,133,CreateBooking,200,OK,Thread Group 1-97,text,true,,937,518,233,233,https://restful-booker.herokuapp.com/booking,133,0,0
1789684027289,538,Login,200,OK,Thread Group 1-147,text,true,,766,325,232,232,https://restful-booker.herokuapp.com/auth,538,0,405
1789684027253,576,Login,200,OK,Thread Group 1-150,text,true,,767,327,233,233,https://restful-booker.herokuapp.com/auth,576,0,444
1789684027700,133,CreateBooking,200,OK,Thread Group 1-116,text,true,,940,521,234,234,https://restful-booker.herokuapp.com/booking,133,0,0
1789684027702,132,CreateBooking,200,OK,Thread Group 1-98,text,true,,940,521,234,234,https://restful-booker.herokuapp.com/booking,132,0,0
1789684027255,581,Login,200,OK,Thread Group 1-160,text,true,,767,327,234,234,https://restful-booker.herokuapp.com/auth,581,0,447
1789684027704,134,CreateBooking,200,OK,Thread Group 1-81,text,true,,940,521,235,235,https://restful-booker.herokuapp.com/booking,134,0,0
1789684027706,133,CreateBooking,200,OK,Thread Group 1-63,text,true,,939,520,235,235,https://restful-booker.herokuapp.com/booking,133,0,0
1789684027291,549,Login,200,OK,Thread Group 1-163,text,true,,766,325,235,235,https://restful-booker.herokuapp.com/auth,549,0,409
1789684027708,133,CreateBooking,200,OK,Thread Group 1-106,text,true,,939,520,235,235,https://restful-booker.herokuapp.com/booking,133,0,0
1789684027711,132,CreateBooking,200,OK,Thread Group 1-83,text,true,,937,518,235,235,https://restful-booker.herokuapp.com/booking,132,0,0
1789684027713,137,CreateBooking,200,OK,Thread Group 1-16,text,true,,937,518,236,236,https://restful-booker.herokuapp.com/booking,137,0,0
1789684027716,134,CreateBooking,200,OK,Thread Group 1-6,text,true,,941,522,237,237,https://restful-booker.herokuapp.com/booking,134,0,0
1789684027718,136,CreateBooking,200,OK,Thread Group 1-76,text,true,,940,521,237,237,https://restful-booker.herokuapp.com/booking,136,0,0
1789684027724,134,CreateBooking,200,OK,Thread Group 1-114,text,true,,940,521,238,238,https://restful-booker.herokuapp.com/booking,134,0,0
1789684027727,135,CreateBooking,200,OK,Thread Group 1-64,text,true,,939,520,238,238,https://restful-booker.herokuapp.com/booking,135,0,0
1789684027727,135,CreateBooking,200,OK,Thread Group 1-14,text,true,,937,518,238,238,https://restful-booker.herokuapp.com/booking,135,0,0
1789684027727,136,CreateBooking,200,OK,Thread Group 1-34,text,true,,939,520,239,239,https://restful-booker.herokuapp.com/booking,136,0,0
1789684027728,136,CreateBooking,200,OK,Thread Group 1-40,text,true,,940,521,239,239,https://restful-booker.herokuapp.com/booking,135,0,0
1789684027303,560,Login,200,OK,Thread Group 1-161,text,true,,766,325,239,239,https://restful-booker.herokuapp.com/auth,560,0,423
1789684027740,132,CreateBooking,200,OK,Thread Group 1-36,text,true,,940,521,240,240,https://restful-booker.herokuapp.com/booking,132,0,0
1789684027737,136,CreateBooking,200,OK,Thread Group 1-61,text,true,,939,520,240,240,https://restful-booker.herokuapp.com/booking,136,0,0
1789684027740,133,CreateBooking,200,OK,Thread Group 1-84,text,true,,940,521,240,240,https://restful-booker.herokuapp.com/booking,133,0,0
1789684027324,549,Login,200,OK,Thread Group 1-151,text,true,,766,325,240,240,https://restful-booker.herokuapp.com/auth,549,0,417
1789684027740,135,CreateBooking,200,OK,Thread Group 1-94,text,true,,941,522,240,240,https://restful-booker.herokuapp.com/booking,134,0,0
1789684027743,132,CreateBooking,200,OK,Thread Group 1-8,text,true,,940,521,240,240,https://restful-booker.herokuapp.com/booking,132,0,0
1789684027747,134,CreateBooking,200,OK,Thread Group 1-100,text,true,,939,520,241,241,https://restful-booker.herokuapp.com/booking,134,0,0
1789684027751,136,CreateBooking,200,OK,Thread Group 1-90,text,true,,940,521,243,243,https://restful-booker.herokuapp.com/booking,136,0,0
1789684027755,133,CreateBooking,200,OK,Thread Group 1-118,text,true,,940,521,243,243,https://restful-booker.herokuapp.com/booking,133,0,0
1789684027760,134,CreateBooking,200,OK,Thread Group 1-10,text,true,,937,518,244,244,https://restful-booker.herokuapp.com/booking,133,0,0
1789684027762,133,CreateBooking,200,OK,Thread Group 1-1,text,true,,937,518,244,244,https://restful-booker.herokuapp.com/booking,132,0,0
1789684027765,136,CreateBooking,200,OK,Thread Group 1-38,text,true,,939,520,245,245,https://restful-booker.herokuapp.com/booking,136,0,0
1789684027770,134,CreateBooking,200,OK,Thread Group 1-47,text,true,,939,520,246,246,https://restful-booker.herokuapp.com/booking,134,0,0
1789684027773,133,CreateBooking,200,OK,Thread Group 1-37,text,true,,940,521,246,246,https://restful-booker.herokuapp.com/booking,133,0,0
1789684027772,136,CreateBooking,200,OK,Thread Group 1-107,text,true,,939,520,247,247,https://restful-booker.herokuapp.com/booking,136,0,0
1789684027776,132,CreateBooking,200,OK,Thread Group 1-80,text,true,,941,522,247,247,https://restful-booker.herokuapp.com/booking,132,0,0
1789684027781,133,CreateBooking,200,OK,Thread Group 1-96,text,true,,941,522,248,248,https://restful-booker.herokuapp.com/booking,133,0,0
1789684027778,136,CreateBooking,200,OK,Thread Group 1-87,text,true,,940,521,248,248,https://restful-booker.herokuapp.com/booking,136,0,0
1789684027208,711,Login,200,OK,Thread Group 1-154,text,true,,766,325,249,249,https://restful-booker.herokuapp.com/auth,711,0,578
1789684027792,131,CreateBooking,200,OK,Thread Group 1-121,text,true,,940,521,249,249,https://restful-booker.herokuapp.com/booking,131,0,0
1789684027799,133,CreateBooking,200,OK,Thread Group 1-26,text,true,,940,521,251,251,https://restful-booker.herokuapp.com/booking,133,0,0
1789684027801,132,CreateBooking,200,OK,Thread Group 1-67,text,true,,941,522,251,251,https://restful-booker.herokuapp.com/booking,132,0,0
1789684027802,132,CreateBooking,200,OK,Thread Group 1-108,text,true,,940,521,251,251,https://restful-booker.herokuapp.com/booking,132,0,0
1789684027803,134,CreateBooking,200,OK,Thread Group 1-57,text,true,,939,520,252,252,https://restful-booker.herokuapp.com/booking,134,0,0
1789684027387,555,Login,200,OK,Thread Group 1-170,text,true,,766,325,253,253,https://restful-booker.herokuapp.com/auth,555,0,423
1789684027399,547,Login,200,OK,Thread Group 1-158,text,true,,766,325,253,253,https://restful-booker.herokuapp.com/auth,547,0,416
1789684027814,132,CreateBooking,200,OK,Thread Group 1-93,text,true,,941,522,254,254,https://restful-booker.herokuapp.com/booking,132,0,0
1789684027816,131,CreateBooking,200,OK,Thread Group 1-20,text,true,,941,522,254,254,https://restful-booker.herokuapp.com/booking,131,0,0
1789684027401,549,Login,200,OK,Thread Group 1-172,text,true,,766,325,254,254,https://restful-booker.herokuapp.com/auth,549,0,416
1789684027825,138,CreateBooking,200,OK,Thread Group 1-27,text,true,,940,521,257,257,https://restful-booker.herokuapp.com/booking,138,0,0
1789684027829,136,CreateBooking,200,OK,Thread Group 1-91,text,true,,941,522,257,257,https://restful-booker.herokuapp.com/booking,136,0,0
1789684027837,133,CreateBooking,200,OK,Thread Group 1-13,text,true,,937,518,258,258,https://restful-booker.herokuapp.com/booking,133,0,0
1789684027843,136,CreateBooking,200,OK,Thread Group 1-74,text,true,,940,521,259,259,https://restful-booker.herokuapp.com/booking,136,0,0
1789684027450,535,Login,200,OK,Thread Group 1-176,text,true,,766,325,261,261,https://restful-booker.herokuapp.com/auth,535,0,402
1789684027374,613,Login,200,OK,Thread Group 1-165,text,true,,766,325,261,261,https://restful-booker.herokuapp.com/auth,613,0,481
1789684027451,545,Login,200,OK,Thread Group 1-206,text,true,,766,325,262,262,https://restful-booker.herokuapp.com/auth,545,0,407
1789684027857,139,CreateBooking,200,OK,Thread Group 1-60,text,true,,939,520,262,262,https://restful-booker.herokuapp.com/booking,139,0,0
1789684027862,136,Get Booking,200,OK,Thread Group 1-21,text,true,,912,253,262,262,https://restful-booker.herokuapp.com/booking/3554,136,0,0
1789684027458,540,Login,200,OK,Thread Group 1-167,text,true,,766,325,262,262,https://restful-booker.herokuapp.com/auth,540,0,406
1789684027858,141,Get Booking,200,OK,Thread Group 1-46,text,true,,911,253,262,262,https://restful-booker.herokuapp.com/booking/3558,141,0,0
1789684027859,140,CreateBooking,200,OK,Thread Group 1-58,text,true,,940,521,262,262,https://restful-booker.herokuapp.com/booking,140,0,0
1789684027864,136,CreateBooking,200,OK,Thread Group 1-103,text,true,,937,518,262,262,https://restful-booker.herokuapp.com/booking,136,0,0
1789684027864,139,Get Booking,200,OK,Thread Group 1-66,text,true,,912,253,262,262,https://restful-booker.herokuapp.com/booking/3555,139,0,0
1789684027867,137,Get Booking,200,OK,Thread Group 1-71,text,true,,908,253,262,262,https://restful-booker.herokuapp.com/booking/3556,137,0,0
1789684027463,543,Login,200,OK,Thread Group 1-188,text,true,,766,325,263,263,https://restful-booker.herokuapp.com/auth,543,0,409
1789684027872,137,CreateBooking,200,OK,Thread Group 1-126,text,true,,937,518,263,263,https://restful-booker.herokuapp.com/booking,137,0,0
1789684027873,136,CreateBooking,200,OK,Thread Group 1-113,text,true,,941,522,263,263,https://restful-booker.herokuapp.com/booking,136,0,0
1789684027880,135,CreateBooking,200,OK,Thread Group 1-88,text,true,,940,521,264,264,https://restful-booker.herokuapp.com/booking,134,0,0
1789684027884,133,Get Booking,200,OK,Thread Group 1-53,text,true,,908,253,265,265,https://restful-booker.herokuapp.com/booking/3552,133,0,0
1789684027484,534,Login,200,OK,Thread Group 1-169,text,true,,767,327,265,265,https://restful-booker.herokuapp.com/auth,534,0,402
1789684027896,134,CreateBooking,200,OK,Thread Group 1-123,text,true,,940,521,266,266,https://restful-booker.herokuapp.com/booking,134,0,0
1789684027894,136,CreateBooking,200,OK,Thread Group 1-104,text,true,,937,518,266,266,https://restful-booker.herokuapp.com/booking,136,0,0
1789684027915,133,CreateBooking,200,OK,Thread Group 1-137,text,true,,940,521,270,270,https://restful-booker.herokuapp.com/booking,133,0,0
1789684027922,133,Get Booking,200,OK,Thread Group 1-31,text,true,,911,253,272,272,https://restful-booker.herokuapp.com/booking/3574,133,0,0
1789684027924,132,Get Booking,200,OK,Thread Group 1-78,text,true,,911,253,272,272,https://restful-booker.herokuapp.com/booking/3561,132,0,0
1789684027534,553,Login,200,OK,Thread Group 1-200,text,true,,767,327,278,278,https://restful-booker.herokuapp.com/auth,553,0,418
1789684027491,599,Login,200,OK,Thread Group 1-164,text,true,,766,325,278,278,https://restful-booker.herokuapp.com/auth,599,0,462
1789684027529,561,Login,200,OK,Thread Group 1-195,text,true,,767,327,278,278,https://restful-booker.herokuapp.com/auth,561,0,427
1789684027529,561,Login,200,OK,Thread Group 1-193,text,true,,766,325,278,278,https://restful-booker.herokuapp.com/auth,561,0,427
1789684027959,137,CreateBooking,200,OK,Thread Group 1-30,text,true,,937,518,278,278,https://restful-booker.herokuapp.com/booking,137,0,0
1789684027963,133,CreateBooking,200,OK,Thread Group 1-151,text,true,,939,520,278,278,https://restful-booker.herokuapp.com/booking,133,0,0
1789684027566,532,Login,200,OK,Thread Group 1-181,text,true,,766,325,278,278,https://restful-booker.herokuapp.com/auth,532,0,401
1789684027966,135,CreateBooking,200,OK,Thread Group 1-136,text,true,,940,521,279,279,https://restful-booker.herokuapp.com/booking,135,0,0
1789684027966,137,CreateBooking,200,OK,Thread Group 1-110,text,true,,939,520,279,279,https://restful-booker.herokuapp.com/booking,137,0,0
1789684027573,537,Login,200,OK,Thread Group 1-179,text,true,,766,325,280,280,https://restful-booker.herokuapp.com/auth,537,0,403
1789684027978,133,CreateBooking,200,OK,Thread Group 1-2,text,true,,940,521,280,280,https://restful-booker.herokuapp.com/booking,133,0,0
1789684027980,131,CreateBooking,200,OK,Thread Group 1-134,text,true,,941,522,280,280,https://restful-booker.herokuapp.com/booking,131,0,0
1789684027508,607,Login,200,OK,Thread Group 1-168,text,true,,766,325,280,280,https://restful-booker.herokuapp.com/auth,607,0,476
1789684027980,136,Get Booking,200,OK,Thread Group 1-38,text,true,,910,253,280,280,https://restful-booker.herokuapp.com/booking/3609,136,0,0
1789684027516,600,Login,200,OK,Thread Group 1-178,text,true,,766,325,280,280,https://restful-booker.herokuapp.com/auth,600,0,468
1789684027988,138,Get Booking,200,OK,Thread Group 1-48,text,true,,911,253,282,282,https://restful-booker.herokuapp.com/booking/3562,138,0,0
1789684027539,591,Login,200,OK,Thread Group 1-186,text,true,,766,325,282,282,https://restful-booker.herokuapp.com/auth,591,0,457
1789684027542,589,Login,200,OK,Thread Group 1-182,text,true,,766,325,282,282,https://restful-booker.herokuapp.com/auth,589,0,454
1789684028000,133,CreateBooking,200,OK,Thread Group 1-111,text,true,,940,521,282,282,https://restful-booker.herokuapp.com/booking,133,0,0
1789684027588,549,Login,200,OK,Thread Group 1-190,text,true,,766,325,283,283,https://restful-booker.herokuapp.com/auth,549,0,413
1789684027604,535,Login,200,OK,Thread Group 1-202,text,true,,766,325,283,283,https://restful-booker.herokuapp.com/auth,535,0,403
1789684027527,612,Login,200,OK,Thread Group 1-192,text,true,,766,325,283,283,https://restful-booker.herokuapp.com/auth,612,0,473
1789684027561,578,Login,200,OK,Thread Group 1-184,text,true,,766,325,283,283,https://restful-booker.herokuapp.com/auth,578,0,442
1789684027505,636,Login,200,OK,Thread Group 1-174,text,true,,766,325,281,281,https://restful-booker.herokuapp.com/auth,635,0,495
1789684027602,540,Login,200,OK,Thread Group 1-213,text,true,,766,325,280,280,https://restful-booker.herokuapp.com/auth,540,0,407
1789684028006,137,CreateBooking,200,OK,Thread Group 1-141,text,true,,939,520,280,280,https://restful-booker.herokuapp.com/booking,137,0,0
1789684027607,540,Login,200,OK,Thread Group 1-175,text,true,,767,327,280,280,https://restful-booker.herokuapp.com/auth,540,0,407
1789684027612,540,Login,200,OK,Thread Group 1-166,text,true,,767,327,279,279,https://restful-booker.herokuapp.com/auth,540,0,405
1789684027609,543,Login,200,OK,Thread Group 1-183,text,true,,766,325,279,279,https://restful-booker.herokuapp.com/auth,543,0,408
1789684028023,134,Get Booking,200,OK,Thread Group 1-9,text,true,,910,253,280,280,https://restful-booker.herokuapp.com/booking/3550,133,0,0
1789684028024,135,Get Booking,200,OK,Thread Group 1-6,text,true,,912,253,280,280,https://restful-booker.herokuapp.com/booking/3591,135,0,0
1789684028026,136,Get Booking,200,OK,Thread Group 1-11,text,true,,911,253,281,281,https://restful-booker.herokuapp.com/booking/3559,136,0,0
1789684028033,133,Get Booking,200,OK,Thread Group 1-26,text,true,,911,253,281,281,https://restful-booker.herokuapp.com/booking/3617,133,0,0
1789684028031,136,CreateBooking,200,OK,Thread Group 1-117,text,true,,941,522,282,282,https://restful-booker.herokuapp.com/booking,136,0,0
1789684027639,531,Login,200,OK,Thread Group 1-227,text,true,,766,325,282,282,https://restful-booker.herokuapp.com/auth,531,0,400
1789684028040,131,CreateBooking,200,OK,Thread Group 1-157,text,true,,940,521,282,282,https://restful-booker.herokuapp.com/booking,131,0,0
1789684028041,133,Get Booking,200,OK,Thread Group 1-114,text,true,,911,253,283,283,https://restful-booker.herokuapp.com/booking/3593,133,0,0
1789684028042,132,CreateBooking,200,OK,Thread Group 1-120,text,true,,939,520,283,283,https://restful-booker.herokuapp.com/booking,132,0,0
1789684028046,132,Get Booking,200,OK,Thread Group 1-56,text,true,,912,253,284,284,https://restful-booker.herokuapp.com/booking/3581,132,0,0
1789684027646,536,Login,200,OK,Thread Group 1-171,text,true,,766,325,284,284,https://restful-booker.herokuapp.com/auth,536,0,403
1789684027639,544,Login,200,OK,Thread Group 1-199,text,true,,766,325,284,284,https://restful-booker.herokuapp.com/auth,544,0,410
1789684028053,131,CreateBooking,200,OK,Thread Group 1-146,text,true,,940,521,284,284,https://restful-booker.herokuapp.com/booking,131,0,0
1789684027658,528,Login,200,OK,Thread Group 1-216,text,true,,766,325,284,284,https://restful-booker.herokuapp.com/auth,528,0,398
1789684028055,134,Get Booking,200,OK,Thread Group 1-76,text,true,,911,253,285,285,https://restful-booker.herokuapp.com/booking/3592,134,0,0
1789684028053,136,CreateBooking,200,OK,Thread Group 1-124,text,true,,940,521,285,285,https://restful-booker.herokuapp.com/booking,136,0,0
1789684028061,134,CreateBooking,200,OK,Thread Group 1-133,text,true,,940,521,286,286,https://restful-booker.herokuapp.com/booking,134,0,0
1789684028064,132,CreateBooking,200,OK,Thread Group 1-128,text,true,,937,518,286,286,https://restful-booker.herokuapp.com/booking,132,0,0
1789684028063,133,Get Booking,200,OK,Thread Group 1-41,text,true,,911,253,286,286,https://restful-booker.herokuapp.com/booking/3566,133,0,0
1789684027663,533,Login,200,OK,Thread Group 1-187,text,true,,766,325,286,286,https://restful-booker.herokuapp.com/auth,533,0,401
1789684028067,132,Get Booking,200,OK,Thread Group 1-83,text,true,,908,253,287,287,https://restful-booker.herokuapp.com/booking/3589,132,0,0
1789684028071,132,CreateBooking,200,OK,Thread Group 1-138,text,true,,937,518,287,287,https://restful-booker.herokuapp.com/booking,132,0,0
1789684028070,134,Get Booking,200,OK,Thread Group 1-81,text,true,,911,253,287,287,https://restful-booker.herokuapp.com/booking/3586,134,0,0
1789684027669,537,Login,200,OK,Thread Group 1-198,text,true,,766,325,288,288,https://restful-booker.herokuapp.com/auth,537,0,404
1789684028075,133,CreateBooking,200,OK,Thread Group 1-140,text,true,,940,521,288,288,https://restful-booker.herokuapp.com/booking,133,0,0
1789684028079,132,Get Booking,200,OK,Thread Group 1-96,text,true,,912,253,289,289,https://restful-booker.herokuapp.com/booking/3615,132,0,0
1789684028075,136,Get Booking,200,OK,Thread Group 1-54,text,true,,910,253,289,289,https://restful-booker.herokuapp.com/booking/3563,136,0,0
1789684028076,135,Get Booking,200,OK,Thread Group 1-18,text,true,,911,253,289,289,https://restful-booker.herokuapp.com/booking/3570,135,0,0
1789684027664,548,Login,200,OK,Thread Group 1-222,text,true,,766,325,289,289,https://restful-booker.herokuapp.com/auth,548,0,413
1789684027676,536,Login,200,OK,Thread Group 1-204,text,true,,766,325,289,289,https://restful-booker.herokuapp.com/auth,536,0,404
1789684028076,136,Get Booking,200,OK,Thread Group 1-44,text,true,,910,253,289,289,https://restful-booker.herokuapp.com/booking/3560,136,0,0
1789684028081,133,Get Booking,200,OK,Thread Group 1-40,text,true,,911,253,289,289,https://restful-booker.herokuapp.com/booking/3597,133,0,0
1789684027688,529,Login,200,OK,Thread Group 1-210,text,true,,767,327,289,289,https://restful-booker.herokuapp.com/auth,529,0,399
1789684027669,548,Login,200,OK,Thread Group 1-180,text,true,,767,327,289,289,https://restful-booker.herokuapp.com/auth,548,0,412
1789684027683,536,Login,200,OK,Thread Group 1-191,text,true,,767,327,290,290,https://restful-booker.herokuapp.com/auth,536,0,405
1789684028090,133,Get Booking,200,OK,Thread Group 1-50,text,true,,912,253,290,290,https://restful-booker.herokuapp.com/booking/3571,133,0,0
1789684028090,134,Get Booking,200,OK,Thread Group 1-64,text,true,,910,253,290,290,https://restful-booker.herokuapp.com/booking/3594,134,0,0
1789684027691,533,Login,200,OK,Thread Group 1-177,text,true,,766,325,291,291,https://restful-booker.herokuapp.com/auth,533,0,402
1789684028092,132,Get Booking,200,OK,Thread Group 1-68,text,true,,908,253,291,291,https://restful-booker.herokuapp.com/booking/3567,132,0,0
1789684028092,134,CreateBooking,200,OK,Thread Group 1-188,text,true,,937,518,291,291,https://restful-booker.herokuapp.com/booking,134,0,0
1789684027683,545,Login,200,OK,Thread Group 1-197,text,true,,766,325,291,291,https://restful-booker.herokuapp.com/auth,545,0,410
1789684028093,136,Get Booking,200,OK,Thread Group 1-90,text,true,,911,253,291,291,https://restful-booker.herokuapp.com/booking/3604,136,0,0
1789684027682,547,Login,200,OK,Thread Group 1-221,text,true,,766,325,291,291,https://restful-booker.herokuapp.com/auth,547,0,411
1789684028096,135,Get Booking,200,OK,Thread Group 1-43,text,true,,912,253,292,292,https://restful-booker.herokuapp.com/booking/3564,135,0,0
1789684028103,135,CreateBooking,200,OK,Thread Group 1-131,text,true,,939,520,293,293,https://restful-booker.herokuapp.com/booking,135,0,0
1789684028113,133,Get Booking,200,OK,Thread Group 1-14,text,true,,908,253,294,294,https://restful-booker.herokuapp.com/booking/3595,133,0,0
1789684027707,545,Login,200,OK,Thread Group 1-196,text,true,,766,325,296,296,https://restful-booker.herokuapp.com/auth,544,0,409
1789684028121,135,Get Booking,200,OK,Thread Group 1-17,text,true,,908,253,296,296,https://restful-booker.herokuapp.com/booking/3573,135,0,0
1789684027716,545,Login,200,OK,Thread Group 1-189,text,true,,766,325,297,297,https://restful-booker.herokuapp.com/auth,545,0,409
1789684028127,135,Get Booking,200,OK,Thread Group 1-73,text,true,,911,253,297,297,https://restful-booker.herokuapp.com/booking/3578,135,0,0
1789684028128,135,Get Booking,200,OK,Thread Group 1-77,text,true,,908,253,296,296,https://restful-booker.herokuapp.com/booking/3565,135,0,0
1789684028131,136,Get Booking,200,OK,Thread Group 1-63,text,true,,910,253,297,297,https://restful-booker.herokuapp.com/booking/3587,136,0,0
1789684028135,133,Get Booking,200,OK,Thread Group 1-5,text,true,,912,253,297,297,https://restful-booker.herokuapp.com/booking/3572,133,0,0
1789684028134,134,CreateBooking,200,OK,Thread Group 1-153,text,true,,940,521,297,297,https://restful-booker.herokuapp.com/booking,134,0,0
1789684027722,546,Login,200,OK,Thread Group 1-194,text,true,,766,325,297,297,https://restful-booker.herokuapp.com/auth,546,0,410
1789684027722,546,Login,200,OK,Thread Group 1-217,text,true,,766,325,297,297,https://restful-booker.herokuapp.com/auth,546,0,413
1789684027724,544,Login,200,OK,Thread Group 1-219,text,true,,766,325,297,297,https://restful-booker.herokuapp.com/auth,544,0,411
1789684027734,534,Login,200,OK,Thread Group 1-185,text,true,,767,327,297,297,https://restful-booker.herokuapp.com/auth,534,0,403
1789684028138,134,Get Booking,200,OK,Thread Group 1-34,text,true,,910,253,296,296,https://restful-booker.herokuapp.com/booking/3596,134,0,0
1789684027728,544,Login,200,OK,Thread Group 1-209,text,true,,766,325,296,296,https://restful-booker.herokuapp.com/auth,544,0,411
1789684027726,546,Login,200,OK,Thread Group 1-173,text,true,,766,325,296,296,https://restful-booker.herokuapp.com/auth,546,0,412
1789684028141,136,Get Booking,200,OK,Thread Group 1-23,text,true,,910,253,296,296,https://restful-booker.herokuapp.com/booking/3568,136,0,0
1789684028144,135,Get Booking,200,OK,Thread Group 1-36,text,true,,911,253,296,296,https://restful-booker.herokuapp.com/booking/3599,135,0,0
1789684028141,137,CreateBooking,200,OK,Thread Group 1-163,text,true,,937,518,296,296,https://restful-booker.herokuapp.com/booking,137,0,0
1789684028142,136,CreateBooking,200,OK,Thread Group 1-130,text,true,,941,522,296,296,https://restful-booker.herokuapp.com/booking,136,0,0
1789684027746,535,Login,200,OK,Thread Group 1-214,text,true,,766,325,297,297,https://restful-booker.herokuapp.com/auth,535,0,402
1789684028156,134,Get Booking,200,OK,Thread Group 1-97,text,true,,908,253,299,299,https://restful-booker.herokuapp.com/booking/3582,134,0,0
1789684028158,132,CreateBooking,200,OK,Thread Group 1-143,text,true,,940,521,299,299,https://restful-booker.herokuapp.com/booking,132,0,0
1789684027738,555,Login,200,OK,Thread Group 1-225,text,true,,767,327,299,299,https://restful-booker.herokuapp.com/auth,555,0,418
1789684028161,133,Get Booking,200,OK,Thread Group 1-16,text,true,,908,253,299,299,https://restful-booker.herokuapp.com/booking/3590,133,0,0
1789684028161,136,CreateBooking,200,OK,Thread Group 1-160,text,true,,940,521,299,299,https://restful-booker.herokuapp.com/booking,136,0,0
1789684027753,549,Login,200,OK,Thread Group 1-205,text,true,,767,327,300,300,https://restful-booker.herokuapp.com/auth,549,0,412
1789684027772,531,Login,200,OK,Thread Group 1-220,text,true,,767,327,299,299,https://restful-booker.herokuapp.com/auth,531,0,400
1789684028168,135,Get Booking,200,OK,Thread Group 1-101,text,true,,911,253,299,299,https://restful-booker.herokuapp.com/booking/3557,135,0,0
1789684028174,134,Get Booking,200,OK,Thread Group 1-13,text,true,,908,253,300,300,https://restful-booker.herokuapp.com/booking/3625,134,0,0
1789684028176,133,CreateBooking,200,OK,Thread Group 1-144,text,true,,940,521,300,300,https://restful-booker.herokuapp.com/booking,133,0,0
1789684027779,530,Login,200,OK,Thread Group 1-234,text,true,,766,325,300,300,https://restful-booker.herokuapp.com/auth,530,0,399
1789684028175,137,CreateBooking,200,OK,Thread Group 1-156,text,true,,937,518,301,301,https://restful-booker.herokuapp.com/booking,137,0,0
1789684028178,134,Get Booking,200,OK,Thread Group 1-84,text,true,,911,253,301,301,https://restful-booker.herokuapp.com/booking/3600,134,0,0
1789684027777,537,Login,200,OK,Thread Group 1-201,text,true,,766,325,301,301,https://restful-booker.herokuapp.com/auth,537,0,405
1789684028180,134,Get Booking,200,OK,Thread Group 1-106,text,true,,910,253,301,301,https://restful-booker.herokuapp.com/booking/3588,134,0,0
1789684028186,133,Get Booking,200,OK,Thread Group 1-98,text,true,,911,253,302,302,https://restful-booker.herokuapp.com/booking/3585,133,0,0
1789684028187,133,Get Booking,200,OK,Thread Group 1-33,text,true,,912,253,302,302,https://restful-booker.herokuapp.com/booking/3583,133,0,0
1789684028184,136,Get Booking,200,OK,Thread Group 1-91,text,true,,912,253,302,302,https://restful-booker.herokuapp.com/booking/3624,136,0,0
1789684028186,136,Get Booking,200,OK,Thread Group 1-87,text,true,,911,253,302,302,https://restful-booker.herokuapp.com/booking/3614,136,0,0
1789684027787,536,Login,200,OK,Thread Group 1-212,text,true,,766,325,303,303,https://restful-booker.herokuapp.com/auth,536,0,400
1789684028192,134,Get Booking,200,OK,Thread Group 1-137,text,true,,911,253,303,303,https://restful-booker.herokuapp.com/booking/3636,134,0,0
1789684027792,534,Login,200,OK,Thread Group 1-224,text,true,,766,325,303,303,https://restful-booker.herokuapp.com/auth,534,0,402
1789684028193,134,Get Booking,200,OK,Thread Group 1-1,text,true,,908,253,303,303,https://restful-booker.herokuapp.com/booking/3608,134,0,0
1789684028197,135,CreateBooking,200,OK,Thread Group 1-150,text,true,,941,522,304,304,https://restful-booker.herokuapp.com/booking,135,0,0
1789684028199,133,Get Booking,200,OK,Thread Group 1-8,text,true,,911,253,304,304,https://restful-booker.herokuapp.com/booking/3602,133,0,0
1789684028200,133,Get Booking,200,OK,Thread Group 1-24,text,true,,912,253,304,304,https://restful-booker.herokuapp.com/booking/3576,133,0,0
1789684027800,535,Login,200,OK,Thread Group 1-211,text,true,,766,325,305,305,https://restful-booker.herokuapp.com/auth,535,0,403
1789684028204,132,Get Booking,200,OK,Thread Group 1-20,text,true,,912,253,305,305,https://restful-booker.herokuapp.com/booking/3622,132,0,0
1789684028204,136,Get Booking,200,OK,Thread Group 1-47,text,true,,910,253,306,306,https://restful-booker.herokuapp.com/booking/3610,136,0,0
1789684028204,136,Get Booking,200,OK,Thread Group 1-74,text,true,,911,253,306,306,https://restful-booker.herokuapp.com/booking/3626,136,0,0
1789684027798,544,Login,200,OK,Thread Group 1-208,text,true,,766,325,306,306,https://restful-booker.herokuapp.com/auth,544,0,408
1789684028205,137,CreateBooking,200,OK,Thread Group 1-148,text,true,,941,522,306,306,https://restful-booker.herokuapp.com/booking,137,0,0
1789684028207,135,Get Booking,200,OK,Thread Group 1-118,text,true,,911,253,306,306,https://restful-booker.herokuapp.com/booking/3605,135,0,0
1789684027802,548,Login,200,OK,Thread Group 1-223,text,true,,766,325,307,307,https://restful-booker.herokuapp.com/auth,548,0,408
1789684028216,135,Get Booking,200,OK,Thread Group 1-116,text,true,,911,253,307,307,https://restful-booker.herokuapp.com/booking/3584,135,0,0
1789684028214,137,Get Booking,200,OK,Thread Group 1-86,text,true,,908,253,307,307,https://restful-booker.herokuapp.com/booking/3580,137,0,0
1789684028216,135,CreateBooking,200,OK,Thread Group 1-176,text,true,,939,520,307,307,https://restful-booker.herokuapp.com/booking,135,0,0
1789684028221,135,CreateBooking,200,OK,Thread Group 1-154,text,true,,941,522,308,308,https://restful-booker.herokuapp.com/booking,135,0,0
1789684028226,133,Get Booking,200,OK,Thread Group 1-93,text,true,,912,253,309,309,https://restful-booker.herokuapp.com/booking/3621,133,0,0
1789684027827,534,Login,200,OK,Thread Group 1-241,text,true,,766,325,309,309,https://restful-booker.herokuapp.com/auth,534,0,402
1789684028229,136,CreateBooking,200,OK,Thread Group 1-161,text,true,,940,521,310,310,https://restful-booker.herokuapp.com/booking,136,0,0
1789684028232,135,Get Booking,200,OK,Thread Group 1-28,text,true,,911,253,311,311,https://restful-booker.herokuapp.com/booking/3575,135,0,0
1789684028233,136,Get Booking,200,OK,Thread Group 1-94,text,true,,912,253,311,311,https://restful-booker.herokuapp.com/booking/3601,136,0,0
1789684027830,539,Login,200,OK,Thread Group 1-248,text,true,,766,325,311,311,https://restful-booker.herokuapp.com/auth,539,0,404
1789684028237,139,Get Booking,200,OK,Thread Group 1-58,text,true,,911,253,312,312,https://restful-booker.herokuapp.com/booking/3628,139,0,0
1789684027820,558,Login,200,OK,Thread Group 1-239,text,true,,766,325,313,313,https://restful-booker.herokuapp.com/auth,558,0,418
1789684028238,142,Get Booking,200,OK,Thread Group 1-100,text,true,,910,253,312,312,https://restful-booker.herokuapp.com/booking/3603,142,0,0
1789684027832,548,Login,200,OK,Thread Group 1-215,text,true,,767,327,312,312,https://restful-booker.herokuapp.com/auth,548,0,409
1789684027840,540,Login,200,OK,Thread Group 1-207,text,true,,766,325,312,312,https://restful-booker.herokuapp.com/auth,540,0,405
1789684028246,136,Get Booking,200,OK,Thread Group 1-30,text,true,,908,253,312,312,https://restful-booker.herokuapp.com/booking/3637,136,0,0
1789684028246,137,Get Booking,200,OK,Thread Group 1-108,text,true,,911,253,312,312,https://restful-booker.herokuapp.com/booking/3619,137,0,0
1789684028244,142,Get Booking,200,OK,Thread Group 1-126,text,true,,908,253,312,312,https://restful-booker.herokuapp.com/booking/3632,142,0,0
1789684027835,552,Login,200,OK,Thread Group 1-254,text,true,,766,325,312,312,https://restful-booker.herokuapp.com/auth,552,0,413
1789684027844,543,Login,200,OK,Thread Group 1-236,text,true,,766,325,312,312,https://restful-booker.herokuapp.com/auth,543,0,408
1789684027852,538,Login,200,OK,Thread Group 1-231,text,true,,766,325,313,313,https://restful-booker.herokuapp.com/auth,538,0,403
1789684028255,136,Get Booking,200,OK,Thread Group 1-37,text,true,,911,253,313,313,https://restful-booker.herokuapp.com/booking/3612,136,0,0
1789684028256,135,CreateBooking,200,OK,Thread Group 1-147,text,true,,939,520,313,313,https://restful-booker.herokuapp.com/booking,135,0,0
1789684028253,138,Get Booking,200,OK,Thread Group 1-27,text,true,,911,253,313,313,https://restful-booker.herokuapp.com/booking/3623,138,0,0
1789684027856,539,Login,200,OK,Thread Group 1-244,text,true,,766,325,314,314,https://restful-booker.herokuapp.com/auth,539,0,405
1789684028261,135,CreateBooking,200,OK,Thread Group 1-127,text,true,,939,520,314,314,https://restful-booker.herokuapp.com/booking,135,0,0
1789684027853,543,Login,200,OK,Thread Group 1-279,text,true,,766,325,314,314,https://restful-booker.herokuapp.com/auth,543,0,408
1789684027859,541,Login,200,OK,Thread Group 1-242,text,true,,766,325,314,314,https://restful-booker.herokuapp.com/auth,541,0,408
1789684028267,134,CreateBooking,200,OK,Thread Group 1-167,text,true,,940,521,314,314,https://restful-booker.herokuapp.com/booking,134,0,0
1789684027874,539,Login,200,OK,Thread Group 1-218,text,true,,766,325,315,315,https://restful-booker.herokuapp.com/auth,538,0,405
1789684027853,565,Login,200,OK,Thread Group 1-230,text,true,,767,327,316,316,https://restful-booker.herokuapp.com/auth,564,0,425
1789684027889,531,Login,200,OK,Thread Group 1-249,text,true,,766,325,316,316,https://restful-booker.herokuapp.com/auth,531,0,397
1789684028286,137,Get Booking,200,OK,Thread Group 1-80,text,true,,912,253,316,316,https://restful-booker.herokuapp.com/booking/3613,137,0,0
1789684028285,138,Get Booking,200,OK,Thread Group 1-10,text,true,,908,253,316,316,https://restful-booker.herokuapp.com/booking/3607,138,0,0
1789684027883,540,Login,200,OK,Thread Group 1-226,text,true,,766,325,316,316,https://restful-booker.herokuapp.com/auth,540,0,405
1789684027890,535,Login,200,OK,Thread Group 1-250,text,true,,767,327,316,316,https://restful-booker.herokuapp.com/auth,535,0,401
1789684027884,541,Login,200,OK,Thread Group 1-235,text,true,,767,327,316,316,https://restful-booker.herokuapp.com/auth,541,0,404
1789684028291,141,Get Booking,200,OK,Thread Group 1-88,text,true,,911,253,317,317,https://restful-booker.herokuapp.com/booking/3633,141,0,0
1789684027883,550,Login,200,OK,Thread Group 1-203,text,true,,766,325,317,317,https://restful-booker.herokuapp.com/auth,550,0,410
1789684028300,134,CreateBooking,200,OK,Thread Group 1-206,text,true,,941,522,317,317,https://restful-booker.herokuapp.com/booking,134,0,0
1789684027888,546,Login,200,OK,Thread Group 1-257,text,true,,766,325,317,317,https://restful-booker.herokuapp.com/auth,546,0,408
1789684028294,140,Get Booking,200,OK,Thread Group 1-123,text,true,,911,253,317,317,https://restful-booker.herokuapp.com/booking/3635,140,0,0
1789684028291,146,Get Booking,200,OK,Thread Group 1-113,text,true,,912,253,318,318,https://restful-booker.herokuapp.com/booking/3631,146,0,0
1789684028294,145,Get Booking,200,OK,Thread Group 1-57,text,true,,910,253,318,318,https://restful-booker.herokuapp.com/booking/3620,145,0,0
1789684028300,140,Get Booking,200,OK,Thread Group 1-70,text,true,,908,253,318,318,https://restful-booker.herokuapp.com/booking/3569,140,0,0
1789684028310,135,Get Booking,200,OK,Thread Group 1-103,text,true,,908,253,319,319,https://restful-booker.herokuapp.com/booking/3630,135,0,0
1789684028311,134,CreateBooking,200,OK,Thread Group 1-170,text,true,,940,521,319,319,https://restful-booker.herokuapp.com/booking,134,0,0
1789684028313,135,Get Booking,200,OK,Thread Group 1-67,text,true,,912,253,320,320,https://restful-booker.herokuapp.com/booking/3618,135,0,0
1789684027905,543,Login,200,OK,Thread Group 1-246,text,true,,766,325,320,320,https://restful-booker.herokuapp.com/auth,543,0,406
1789684028313,136,Get Booking,200,OK,Thread Group 1-60,text,true,,910,253,320,320,https://restful-booker.herokuapp.com/booking/3629,136,0,0
1789684027914,536,Login,200,OK,Thread Group 1-243,text,true,,766,325,320,320,https://restful-booker.herokuapp.com/auth,536,0,404
1789684028327,131,CreateBooking,200,OK,Thread Group 1-168,text,true,,937,518,321,321,https://restful-booker.herokuapp.com/booking,131,0,0
1789684027924,540,Login,200,OK,Thread Group 1-255,text,true,,767,327,322,322,https://restful-booker.herokuapp.com/auth,540,0,408
1789684028332,133,CreateBooking,200,OK,Thread Group 1-172,text,true,,940,521,323,323,https://restful-booker.herokuapp.com/booking,133,0,0
1789684027914,551,Login,200,OK,Thread Group 1-237,text,true,,766,325,323,323,https://restful-booker.herokuapp.com/auth,551,0,415
1789684028331,138,Get Booking,200,OK,Thread Group 1-61,text,true,,910,253,322,322,https://restful-booker.herokuapp.com/booking/3598,138,0,0
1789684027935,538,Login,200,OK,Thread Group 1-228,text,true,,766,325,323,323,https://restful-booker.herokuapp.com/auth,538,0,405
1789684028339,134,CreateBooking,200,OK,Thread Group 1-190,text,true,,941,522,323,323,https://restful-booker.herokuapp.com/booking,134,0,0
1789684028338,136,Get Booking,200,OK,Thread Group 1-110,text,true,,910,253,323,323,https://restful-booker.herokuapp.com/booking/3640,136,0,0
1789684028347,139,Get Booking,200,OK,Thread Group 1-121,text,true,,911,253,325,325,https://restful-booker.herokuapp.com/booking/3616,138,0,0
1789684028353,133,Get Booking,200,OK,Thread Group 1-51,text,true,,910,253,325,325,https://restful-booker.herokuapp.com/booking/3579,133,0,0
1789684027956,536,Login,200,OK,Thread Group 1-229,text,true,,766,325,326,326,https://restful-booker.herokuapp.com/auth,536,0,403
1789684028355,138,Get Booking,200,OK,Thread Group 1-117,text,true,,912,253,327,327,https://restful-booker.herokuapp.com/booking/3646,138,0,0
1789684027950,545,Login,200,OK,Thread Group 1-251,text,true,,766,325,326,326,https://restful-booker.herokuapp.com/auth,545,0,409
1789684027962,533,Login,200,OK,Thread Group 1-252,text,true,,766,325,326,326,https://restful-booker.herokuapp.com/auth,533,0,400
1789684028364,132,Get Booking,200,OK,Thread Group 1-111,text,true,,911,253,325,325,https://restful-booker.herokuapp.com/booking/3644,132,0,0
1789684028368,130,CreateBooking,200,OK,Thread Group 1-210,text,true,,941,522,326,326,https://restful-booker.herokuapp.com/booking,130,0,0
1789684028363,137,Get Booking,200,OK,Thread Group 1-107,text,true,,910,253,326,326,https://restful-booker.herokuapp.com/booking/3611,137,0,0
1789684027954,549,Login,200,OK,Thread Group 1-275,text,true,,767,327,326,326,https://restful-booker.herokuapp.com/auth,549,0,412
1789684027967,536,Login,200,OK,Thread Group 1-266,text,true,,766,325,327,327,https://restful-booker.herokuapp.com/auth,536,0,403
1789684028368,136,Get Booking,200,OK,Thread Group 1-104,text,true,,908,253,327,327,https://restful-booker.herokuapp.com/booking/3634,136,0,0
1789684027967,540,Login,200,OK,Thread Group 1-232,text,true,,766,325,326,326,https://restful-booker.herokuapp.com/auth,540,0,407
1789684027962,549,Login,200,OK,Thread Group 1-259,text,true,,766,325,326,326,https://restful-booker.herokuapp.com/auth,549,0,414
1789684028375,137,CreateBooking,200,OK,Thread Group 1-198,text,true,,940,521,325,325,https://restful-booker.herokuapp.com/booking,137,0,0
1789684028234,281,Get Booking IDs,200,OK,Thread Group 1-71,text,true,,48990,248,326,326,https://restful-booker.herokuapp.com/booking,142,0,0
1789684027969,548,Login,200,OK,Thread Group 1-270,text,true,,767,327,326,326,https://restful-booker.herokuapp.com/auth,548,0,411
1789684027960,558,Login,200,OK,Thread Group 1-238,text,true,,766,325,326,326,https://restful-booker.herokuapp.com/auth,558,0,420
1789684028382,136,CreateBooking,200,OK,Thread Group 1-193,text,true,,941,522,326,326,https://restful-booker.herokuapp.com/booking,136,0,0
1789684027982,540,Login,200,OK,Thread Group 1-247,text,true,,766,325,327,327,https://restful-booker.herokuapp.com/auth,540,0,406
1789684028394,136,CreateBooking,200,OK,Thread Group 1-216,text,true,,940,521,329,329,https://restful-booker.herokuapp.com/booking,136,0,0
1789684027987,546,Login,200,OK,Thread Group 1-264,text,true,,766,325,329,329,https://restful-booker.herokuapp.com/auth,546,0,409
1789684028397,138,Get Booking,200,OK,Thread Group 1-134,text,true,,912,253,329,329,https://restful-booker.herokuapp.com/booking/3642,138,0,0
1789684028397,138,CreateBooking,200,OK,Thread Group 1-158,text,true,,937,518,329,329,https://restful-booker.herokuapp.com/booking,138,0,0
1789684027986,555,Login,200,OK,Thread Group 1-245,text,true,,767,327,331,331,https://restful-booker.herokuapp.com/auth,555,0,414
1789684028410,141,Get Booking,200,OK,Thread Group 1-2,text,true,,911,253,331,331,https://restful-booker.herokuapp.com/booking/3641,141,0,0
1789684028002,549,Login,200,OK,Thread Group 1-256,text,true,,766,325,331,331,https://restful-booker.herokuapp.com/auth,549,0,408
1789684028269,283,Get Booking IDs,200,OK,Thread Group 1-114,text,true,,49047,248,331,331,https://restful-booker.herokuapp.com/booking,135,0,0
1789684028000,556,Login,200,OK,Thread Group 1-262,text,true,,766,325,331,331,https://restful-booker.herokuapp.com/auth,556,0,416
1789684028423,140,Get Booking,200,OK,Thread Group 1-140,text,true,,911,253,331,331,https://restful-booker.herokuapp.com/booking/3654,140,0,0
1789684028020,543,Login,200,OK,Thread Group 1-280,text,true,,767,327,332,332,https://restful-booker.herokuapp.com/auth,543,0,405
1789684028016,548,Login,200,OK,Thread Group 1-277,text,true,,766,325,332,332,https://restful-booker.herokuapp.com/auth,548,0,409
1789684028428,137,CreateBooking,200,OK,Thread Group 1-186,text,true,,939,520,332,332,https://restful-booker.herokuapp.com/booking,137,0,0
1789684028428,139,Get Booking,200,OK,Thread Group 1-124,text,true,,911,253,332,332,https://restful-booker.herokuapp.com/booking/3649,139,0,0
1789684028025,546,Login,200,OK,Thread Group 1-233,text,true,,766,325,333,333,https://restful-booker.herokuapp.com/auth,546,0,406
1789684028434,139,Get Booking,200,OK,Thread Group 1-167,text,true,,911,253,333,333,https://restful-booker.herokuapp.com/booking/3672,139,0,0
1789684028438,143,CreateBooking,200,OK,Thread Group 1-197,text,true,,939,520,335,335,https://restful-booker.herokuapp.com/booking,142,0,0
1789684028034,548,Login,200,OK,Thread Group 1-240,text,true,,767,327,335,335,https://restful-booker.herokuapp.com/auth,548,0,406
1789684028024,559,Login,200,OK,Thread Group 1-261,text,true,,766,325,335,335,https://restful-booker.herokuapp.com/auth,559,0,415
1789684028441,142,CreateBooking,200,OK,Thread Group 1-184,text,true,,940,521,335,335,https://restful-booker.herokuapp.com/booking,142,0,0
1789684028042,541,Login,200,OK,Thread Group 1-271,text,true,,766,325,335,335,https://restful-booker.herokuapp.com/auth,541,0,403
1789684028034,549,Login,200,OK,Thread Group 1-260,text,true,,767,327,335,335,https://restful-booker.herokuapp.com/auth,549,0,410
1789684028449,136,Get Booking,200,OK,Thread Group 1-130,text,true,,912,253,335,335,https://restful-booker.herokuapp.com/booking/3658,136,0,0
1789684028449,136,Get Booking,200,OK,Thread Group 1-136,text,true,,911,253,335,335,https://restful-booker.herokuapp.com/booking/3639,136,0,0
1789684028451,135,Get Booking,200,OK,Thread Group 1-120,text,true,,910,253,335,335,https://restful-booker.herokuapp.com/booking/3648,135,0,0
1789684028451,136,CreateBooking,200,OK,Thread Group 1-200,text,true,,940,521,336,336,https://restful-booker.herokuapp.com/booking,136,0,0
1789684028451,137,CreateBooking,200,OK,Thread Group 1-166,text,true,,940,521,336,336,https://restful-booker.herokuapp.com/booking,137,0,0
1789684028458,133,CreateBooking,200,OK,Thread Group 1-171,text,true,,941,522,336,336,https://restful-booker.herokuapp.com/booking,133,0,0
1789684028062,531,Login,200,OK,Thread Group 1-253,text,true,,766,325,337,337,https://restful-booker.herokuapp.com/auth,531,0,399
1789684028470,134,Get Booking,200,OK,Thread Group 1-151,text,true,,910,253,339,339,https://restful-booker.herokuapp.com/booking/3638,134,0,0
1789684028062,543,Login,200,OK,Thread Group 1-284,text,true,,766,325,339,339,https://restful-booker.herokuapp.com/auth,543,0,407
1789684028467,139,CreateBooking,200,OK,Thread Group 1-180,text,true,,940,521,339,339,https://restful-booker.herokuapp.com/booking,139,0,0
1789684028471,138,CreateBooking,200,OK,Thread Group 1-183,text,true,,937,518,340,340,https://restful-booker.herokuapp.com/booking,138,0,0
1789684028071,543,Login,200,OK,Thread Group 1-294,text,true,,766,325,341,341,https://restful-booker.herokuapp.com/auth,543,0,407
1789684028074,540,Login,200,OK,Thread Group 1-292,text,true,,766,325,341,341,https://restful-booker.herokuapp.com/auth,540,0,404
1789684028485,137,CreateBooking,200,OK,Thread Group 1-181,text,true,,940,521,341,341,https://restful-booker.herokuapp.com/booking,137,0,0
1789684028077,545,Login,200,OK,Thread Group 1-274,text,true,,766,325,341,341,https://restful-booker.herokuapp.com/auth,545,0,408
1789684028087,540,Login,200,OK,Thread Group 1-258,text,true,,766,325,342,342,https://restful-booker.herokuapp.com/auth,540,0,404
1789684028483,146,CreateBooking,200,OK,Thread Group 1-164,text,true,,939,520,343,343,https://restful-booker.herokuapp.com/booking,146,0,0
1789684028092,543,Login,200,OK,Thread Group 1-278,text,true,,766,325,344,344,https://restful-booker.herokuapp.com/auth,543,0,406
1789684028498,137,CreateBooking,200,OK,Thread Group 1-234,text,true,,937,518,344,344,https://restful-booker.herokuapp.com/booking,137,0,0
1789684028080,556,Login,200,OK,Thread Group 1-296,text,true,,766,325,344,344,https://restful-booker.herokuapp.com/auth,556,0,415
1789684028092,545,Login,200,OK,Thread Group 1-269,text,true,,766,325,344,344,https://restful-booker.herokuapp.com/auth,545,0,411
1789684028506,134,CreateBooking,200,OK,Thread Group 1-217,text,true,,940,521,344,344,https://restful-booker.herokuapp.com/booking,134,0,0
1789684028516,135,Get Booking,200,OK,Thread Group 1-131,text,true,,910,253,346,346,https://restful-booker.herokuapp.com/booking/3656,135,0,0
1789684028109,543,Login,200,OK,Thread Group 1-285,text,true,,767,327,346,346,https://restful-booker.herokuapp.com/auth,543,0,408
1789684028104,549,Login,200,OK,Thread Group 1-268,text,true,,766,325,346,346,https://restful-booker.herokuapp.com/auth,549,0,413
1789684028516,137,CreateBooking,200,OK,Thread Group 1-208,text,true,,937,518,345,345,https://restful-booker.herokuapp.com/booking,137,0,0
1789684028119,534,Login,200,OK,Thread Group 1-295,text,true,,767,327,345,345,https://restful-booker.herokuapp.com/auth,534,0,402
1789684028107,547,Login,200,OK,Thread Group 1-263,text,true,,766,325,344,344,https://restful-booker.herokuapp.com/auth,547,0,411
1789684028118,537,Login,200,OK,Thread Group 1-272,text,true,,766,325,344,344,https://restful-booker.herokuapp.com/auth,537,0,403
1789684028521,137,Get Booking,200,OK,Thread Group 1-188,text,true,,908,253,344,344,https://restful-booker.herokuapp.com/booking/3655,137,0,0
1789684028525,135,Get Booking,200,OK,Thread Group 1-143,text,true,,911,253,344,344,https://restful-booker.herokuapp.com/booking/3660,135,0,0
1789684028530,137,Get Booking,200,OK,Thread Group 1-154,text,true,,912,253,346,346,https://restful-booker.herokuapp.com/booking/3667,136,0,0
1789684028253,415,Get Booking IDs,200,OK,Thread Group 1-11,text,true,,48990,248,346,346,https://restful-booker.herokuapp.com/booking,276,0,0
1789684028536,134,CreateBooking,200,OK,Thread Group 1-177,text,true,,940,521,346,346,https://restful-booker.herokuapp.com/booking,134,0,0
1789684028532,141,CreateBooking,200,OK,Thread Group 1-178,text,true,,940,521,347,347,https://restful-booker.herokuapp.com/booking,141,0,0
1789684028534,148,Get Booking,200,OK,Thread Group 1-138,text,true,,908,253,348,348,https://restful-booker.herokuapp.com/booking/3653,148,0,0
1789684028117,565,Login,200,OK,Thread Group 1-267,text,true,,766,325,348,348,https://restful-booker.herokuapp.com/auth,565,0,418
1789684028534,148,CreateBooking,200,OK,Thread Group 1-236,text,true,,940,521,348,348,https://restful-booker.herokuapp.com/booking,148,0,0
1789684028140,544,Login,200,OK,Thread Group 1-286,text,true,,766,325,349,349,https://restful-booker.herokuapp.com/auth,544,0,406
1789684028547,138,CreateBooking,200,OK,Thread Group 1-191,text,true,,937,518,349,349,https://restful-booker.herokuapp.com/booking,138,0,0
1789684028138,549,Login,200,OK,Thread Group 1-290,text,true,,767,327,349,349,https://restful-booker.herokuapp.com/auth,549,0,410
1789684028126,562,Login,200,OK,Thread Group 1-265,text,true,,767,327,349,349,https://restful-booker.herokuapp.com/auth,562,0,420
1789684028127,566,Login,200,OK,Thread Group 1-298,text,true,,766,325,349,349,https://restful-booker.herokuapp.com/auth,565,0,419
1789684028141,552,Login,200,OK,Thread Group 1-283,text,true,,766,325,349,349,https://restful-booker.herokuapp.com/auth,552,0,410
1789684028547,148,Get Booking,200,OK,Thread Group 1-141,text,true,,910,253,350,350,https://restful-booker.herokuapp.com/booking/3645,148,0,0
1789684028280,416,Get Booking IDs,200,OK,Thread Group 1-43,text,true,,49047,248,350,350,https://restful-booker.herokuapp.com/booking,273,0,0
1789684028558,143,CreateBooking,200,OK,Thread Group 1-211,text,true,,940,521,350,350,https://restful-booker.herokuapp.com/booking,143,0,0
1789684028562,140,Get Booking,200,OK,Thread Group 1-157,text,true,,911,253,350,350,https://restful-booker.herokuapp.com/booking/3647,140,0,0
1789684028562,141,Get Booking,200,OK,Thread Group 1-133,text,true,,911,253,350,350,https://restful-booker.herokuapp.com/booking/3651,141,0,0
1789684028154,549,Login,200,OK,Thread Group 1-276,text,true,,766,325,350,350,https://restful-booker.herokuapp.com/auth,549,0,410
1789684028140,564,Login,200,OK,Thread Group 1-273,text,true,,766,325,350,350,https://restful-booker.herokuapp.com/auth,564,0,424
1789684028294,416,Get Booking IDs,200,OK,Thread Group 1-21,text,true,,49066,248,351,351,https://restful-booker.herokuapp.com/booking,142,0,0
1789684028578,139,Get Booking,200,OK,Thread Group 1-176,text,true,,910,253,352,352,https://restful-booker.herokuapp.com/booking/3666,139,0,0
1789684028291,428,Get Booking IDs,200,OK,Thread Group 1-53,text,true,,49047,248,352,352,https://restful-booker.herokuapp.com/booking,137,0,0
1789684028585,143,CreateBooking,200,OK,Thread Group 1-244,text,true,,941,522,353,353,https://restful-booker.herokuapp.com/booking,143,0,0
1789684028175,553,Login,200,OK,Thread Group 1-302,text,true,,766,325,353,353,https://restful-booker.herokuapp.com/auth,553,0,409
1789684028169,563,Login,200,OK,Thread Group 1-303,text,true,,766,325,353,353,https://restful-booker.herokuapp.com/auth,563,0,415
1789684028177,556,Login,200,OK,Thread Group 1-300,text,true,,767,327,353,353,https://restful-booker.herokuapp.com/auth,556,0,410
1789684028594,140,Get Booking,200,OK,Thread Group 1-163,text,true,,908,253,353,353,https://restful-booker.herokuapp.com/booking/3659,140,0,0
1789684028171,567,Login,200,OK,Thread Group 1-293,text,true,,766,325,354,354,https://restful-booker.herokuapp.com/auth,567,0,412
1789684028607,141,CreateBooking,200,OK,Thread Group 1-220,text,true,,940,521,355,355,https://restful-booker.herokuapp.com/booking,141,0,0
1789684028606,142,CreateBooking,200,OK,Thread Group 1-187,text,true,,937,518,355,355,https://restful-booker.herokuapp.com/booking,142,0,0
1789684028595,155,Get Booking,200,OK,Thread Group 1-150,text,true,,912,253,356,356,https://restful-booker.herokuapp.com/booking/3664,155,0,0
1789684028597,157,CreateBooking,200,OK,Thread Group 1-248,text,true,,941,522,357,357,https://restful-booker.herokuapp.com/booking,157,0,0
1789684028209,547,Login,200,OK,Thread Group 1-289,text,true,,766,325,357,357,https://restful-booker.herokuapp.com/auth,547,0,408
1789684028611,156,Get Booking,200,OK,Thread Group 1-128,text,true,,908,253,358,358,https://restful-booker.herokuapp.com/booking/3652,156,0,0
1789684028201,566,Login,200,OK,Thread Group 1-328,text,true,,766,325,358,358,https://restful-booker.herokuapp.com/auth,566,0,408
1789684028341,427,Get Booking IDs,200,OK,Thread Group 1-66,text,true,,49161,248,358,358,https://restful-booker.herokuapp.com/booking,277,0,0
1789684028616,152,Get Booking,200,OK,Thread Group 1-161,text,true,,911,253,358,358,https://restful-booker.herokuapp.com/booking/3669,152,0,0
1789684028619,149,CreateBooking,200,OK,Thread Group 1-204,text,true,,939,520,358,358,https://restful-booker.herokuapp.com/booking,149,0,0
1789684028619,150,Get Booking,200,OK,Thread Group 1-153,text,true,,911,253,357,357,https://restful-booker.herokuapp.com/booking/3657,150,0,0
1789684028624,145,CreateBooking,200,OK,Thread Group 1-221,text,true,,941,522,357,357,https://restful-booker.herokuapp.com/booking,145,0,0
1789684028611,158,CreateBooking,200,OK,Thread Group 1-173,text,true,,939,520,357,357,https://restful-booker.herokuapp.com/booking,158,0,0
1789684028621,148,CreateBooking,200,OK,Thread Group 1-214,text,true,,941,522,357,357,https://restful-booker.herokuapp.com/booking,148,0,0
1789684028630,152,CreateBooking,200,OK,Thread Group 1-231,text,true,,939,520,360,360,https://restful-booker.herokuapp.com/booking,152,0,0
1789684028618,166,CreateBooking,200,OK,Thread Group 1-226,text,true,,940,521,360,360,https://restful-booker.herokuapp.com/booking,166,0,0
1789684028216,571,Login,200,OK,Thread Group 1-322,text,true,,766,325,360,361,https://restful-booker.herokuapp.com/auth,571,0,406
1789684028627,177,Get Booking,200,OK,Thread Group 1-206,text,true,,912,253,362,362,https://restful-booker.herokuapp.com/booking/3673,177,0,0
1789684028392,415,Get Booking IDs,200,OK,Thread Group 1-8,text,true,,49218,248,363,363,https://restful-booker.herokuapp.com/booking,134,0,0
1789684028666,152,CreateBooking,200,OK,Thread Group 1-224,text,true,,941,522,364,364,https://restful-booker.herokuapp.com/booking,152,0,0
1789684028239,582,Login,200,OK,Thread Group 1-314,text,true,,766,325,365,365,https://restful-booker.herokuapp.com/auth,582,0,408
1789684028669,152,CreateBooking,200,OK,Thread Group 1-227,text,true,,939,520,365,365,https://restful-booker.herokuapp.com/booking,152,0,0
1789684028240,581,Login,200,OK,Thread Group 1-301,text,true,,766,325,365,365,https://restful-booker.herokuapp.com/auth,581,0,407
1789684028227,595,Login,200,OK,Thread Group 1-306,text,true,,766,325,365,365,https://restful-booker.herokuapp.com/auth,595,0,416
1789684028458,365,Get Booking IDs,200,OK,Thread Group 1-90,text,true,,49389,248,365,365,https://restful-booker.herokuapp.com/booking,137,0,0
1789684028652,174,Get Booking,200,OK,Thread Group 1-146,text,true,,911,253,365,365,https://restful-booker.herokuapp.com/booking/3650,174,0,0
1789684028392,439,Get Booking IDs,200,OK,Thread Group 1-94,text,true,,49218,248,366,366,https://restful-booker.herokuapp.com/booking,142,0,0
1789684028670,161,CreateBooking,200,OK,Thread Group 1-196,text,true,,940,521,366,366,https://restful-booker.herokuapp.com/booking,161,0,0
1789684028677,159,CreateBooking,200,OK,Thread Group 1-296,text,true,,940,521,366,366,https://restful-booker.herokuapp.com/booking,159,0,0
1789684028682,156,CreateBooking,200,OK,Thread Group 1-247,text,true,,941,522,366,366,https://restful-booker.herokuapp.com/booking,156,0,0
1789684028655,183,CreateBooking,200,OK,Thread Group 1-223,text,true,,940,521,366,366,https://restful-booker.herokuapp.com/booking,183,0,0
1789684028266,572,Login,200,OK,Thread Group 1-305,text,true,,767,327,366,366,https://restful-booker.herokuapp.com/auth,572,0,418
1789684028413,428,Get Booking IDs,200,OK,Thread Group 1-78,text,true,,49256,248,365,365,https://restful-booker.herokuapp.com/booking,138,0,0
1789684028254,587,Login,200,OK,Thread Group 1-288,text,true,,766,325,365,365,https://restful-booker.herokuapp.com/auth,587,0,406
1789684028661,183,CreateBooking,200,OK,Thread Group 1-194,text,true,,937,518,365,365,https://restful-booker.herokuapp.com/booking,183,0,0
1789684028691,157,CreateBooking,200,OK,Thread Group 1-201,text,true,,940,521,365,365,https://restful-booker.herokuapp.com/booking,157,0,0
1789684028674,178,Get Booking,200,OK,Thread Group 1-170,text,true,,911,253,366,366,https://restful-booker.herokuapp.com/booking/3674,178,0,0
1789684028252,602,Login,200,OK,Thread Group 1-299,text,true,,766,325,367,367,https://restful-booker.herokuapp.com/auth,602,0,417
1789684028677,181,CreateBooking,200,OK,Thread Group 1-207,text,true,,940,521,366,366,https://restful-booker.herokuapp.com/booking,181,0,0
1789684028677,185,Get Booking,200,OK,Thread Group 1-156,text,true,,908,253,367,367,https://restful-booker.herokuapp.com/booking/3662,185,0,0
1789684028681,181,CreateBooking,200,OK,Thread Group 1-241,text,true,,939,520,367,367,https://restful-booker.herokuapp.com/booking,181,0,0
1789684028705,161,Get Booking,200,OK,Thread Group 1-164,text,true,,910,253,368,368,https://restful-booker.herokuapp.com/booking/3693,161,0,0
1789684028280,586,Login,200,OK,Thread Group 1-321,text,true,,766,325,368,368,https://restful-booker.herokuapp.com/auth,586,0,423
1789684028399,468,Get Booking IDs,200,OK,Thread Group 1-48,text,true,,49256,248,368,368,https://restful-booker.herokuapp.com/booking,144,0,0
1789684028257,610,Login,200,OK,Thread Group 1-319,text,true,,766,325,368,368,https://restful-booker.herokuapp.com/auth,610,0,425
1789684028692,184,Get Booking,200,OK,Thread Group 1-144,text,true,,911,253,368,368,https://restful-booker.herokuapp.com/booking/3663,184,0,0
1789684028688,188,Get Booking,200,OK,Thread Group 1-190,text,true,,912,253,368,368,https://restful-booker.herokuapp.com/booking/3678,188,0,0
1789684028295,581,Login,200,OK,Thread Group 1-326,text,true,,766,325,368,368,https://restful-booker.herokuapp.com/auth,581,0,418
1789684028411,467,Get Booking IDs,200,OK,Thread Group 1-56,text,true,,49256,248,368,368,https://restful-booker.herokuapp.com/booking,143,0,0
1789684028266,614,Login,200,OK,Thread Group 1-324,text,true,,766,325,368,368,https://restful-booker.herokuapp.com/auth,614,0,427
1789684028693,190,CreateBooking,200,OK,Thread Group 1-251,text,true,,940,521,368,368,https://restful-booker.herokuapp.com/booking,190,0,0
1789684028707,203,Get Booking,200,OK,Thread Group 1-148,text,true,,912,253,368,368,https://restful-booker.herokuapp.com/booking/3665,203,0,0
1789684028719,191,CreateBooking,200,OK,Thread Group 1-237,text,true,,939,520,368,368,https://restful-booker.herokuapp.com/booking,191,0,0
1789684028707,203,CreateBooking,200,OK,Thread Group 1-218,text,true,,940,521,368,368,https://restful-booker.herokuapp.com/booking,203,0,0
1789684028420,491,Get Booking IDs,200,OK,Thread Group 1-26,text,true,,49256,248,368,368,https://restful-booker.herokuapp.com/booking,288,0,0
1789684028728,183,Get Booking,200,OK,Thread Group 1-193,text,true,,912,253,368,368,https://restful-booker.herokuapp.com/booking/3681,183,0,0
1789684028733,181,Get Booking,200,OK,Thread Group 1-127,text,true,,910,253,368,368,https://restful-booker.herokuapp.com/booking/3671,181,0,0
1789684028437,478,Get Booking IDs,200,OK,Thread Group 1-40,text,true,,49313,248,369,369,https://restful-booker.herokuapp.com/booking,143,0,0
1789684028326,592,Login,200,OK,Thread Group 1-318,text,true,,766,325,368,368,https://restful-booker.herokuapp.com/auth,592,0,412
1789684028715,212,Get Booking,200,OK,Thread Group 1-160,text,true,,911,253,370,370,https://restful-booker.herokuapp.com/booking/3661,212,0,0
1789684028720,209,CreateBooking,200,OK,Thread Group 1-243,text,true,,940,521,370,370,https://restful-booker.herokuapp.com/booking,209,0,0
1789684028474,459,Get Booking IDs,200,OK,Thread Group 1-84,text,true,,49427,248,371,371,https://restful-booker.herokuapp.com/booking,277,0,0
1789684028337,597,Login,200,OK,Thread Group 1-291,text,true,,766,325,371,371,https://restful-booker.herokuapp.com/auth,597,0,414
1789684028756,184,CreateBooking,200,OK,Thread Group 1-212,text,true,,939,520,372,372,https://restful-booker.herokuapp.com/booking,184,0,0
1789684028286,654,Login,200,OK,Thread Group 1-307,text,true,,766,325,372,372,https://restful-booker.herokuapp.com/auth,654,0,438
1789684028289,653,Login,200,OK,Thread Group 1-313,text,true,,766,325,373,373,https://restful-booker.herokuapp.com/auth,653,0,435
1789684028437,508,Get Booking IDs,200,OK,Thread Group 1-68,text,true,,49313,248,373,373,https://restful-booker.herokuapp.com/booking,140,0,0
1789684028483,462,Get Booking IDs,200,OK,Thread Group 1-76,text,true,,49446,248,373,373,https://restful-booker.herokuapp.com/booking,140,0,0
1789684028145,803,Login,200,OK,Thread Group 1-281,text,true,,766,325,372,372,https://restful-booker.herokuapp.com/auth,803,0,579
1789684028763,186,Get Booking,200,OK,Thread Group 1-180,text,true,,911,253,372,372,https://restful-booker.herokuapp.com/booking/3691,186,0,0
1789684028486,464,Get Booking IDs,200,OK,Thread Group 1-31,text,true,,49465,248,372,372,https://restful-booker.herokuapp.com/booking,139,0,0
1789684028730,220,CreateBooking,200,OK,Thread Group 1-250,text,true,,939,520,372,372,https://restful-booker.herokuapp.com/booking,220,0,0
1789684028774,178,Get Booking,200,OK,Thread Group 1-147,text,true,,910,253,372,372,https://restful-booker.herokuapp.com/booking/3670,178,0,0
1789684028297,661,Login,200,OK,Thread Group 1-310,text,true,,767,327,373,373,https://restful-booker.herokuapp.com/auth,660,0,438
1789684028356,602,Login,200,OK,Thread Group 1-329,text,true,,766,325,373,373,https://restful-booker.herokuapp.com/auth,601,0,421
1789684028303,655,Login,200,OK,Thread Group 1-287,text,true,,766,325,374,374,https://restful-booker.herokuapp.com/auth,655,0,432
1789684028311,649,Login,200,OK,Thread Group 1-297,text,true,,766,325,373,373,https://restful-booker.herokuapp.com/auth,649,0,426
1789684028316,649,Login,200,OK,Thread Group 1-282,text,true,,766,325,374,374,https://restful-booker.herokuapp.com/auth,649,0,428
1789684028303,662,Login,200,OK,Thread Group 1-323,text,true,,766,325,374,374,https://restful-booker.herokuapp.com/auth,662,0,436
1789684028297,668,Login,200,OK,Thread Group 1-338,text,true,,766,325,374,374,https://restful-booker.herokuapp.com/auth,668,0,439
1789684028747,222,CreateBooking,200,OK,Thread Group 1-274,text,true,,940,521,373,373,https://restful-booker.herokuapp.com/booking,222,0,0
1789684028493,478,Get Booking IDs,200,OK,Thread Group 1-87,text,true,,49465,248,374,374,https://restful-booker.herokuapp.com/booking,140,0,0
1789684028505,469,Get Booking IDs,200,OK,Thread Group 1-93,text,true,,49484,248,373,373,https://restful-booker.herokuapp.com/booking,137,0,0
1789684028369,606,Login,200,OK,Thread Group 1-309,text,true,,766,325,372,372,https://restful-booker.herokuapp.com/auth,606,0,421
1789684028792,184,CreateBooking,200,OK,Thread Group 1-286,text,true,,941,522,373,373,https://restful-booker.herokuapp.com/booking,184,0,0
1789684028335,646,Login,200,OK,Thread Group 1-308,text,true,,766,325,373,373,https://restful-booker.herokuapp.com/auth,646,0,419
1789684028333,650,Login,200,OK,Thread Group 1-316,text,true,,766,325,373,373,https://restful-booker.herokuapp.com/auth,650,0,423
1789684028332,651,Login,200,OK,Thread Group 1-337,text,true,,766,325,373,373,https://restful-booker.herokuapp.com/auth,651,0,422
1789684028334,649,Login,200,OK,Thread Group 1-312,text,true,,766,325,373,373,https://restful-booker.herokuapp.com/auth,649,0,424
1789684028799,184,CreateBooking,200,OK,Thread Group 1-263,text,true,,940,521,373,373,https://restful-booker.herokuapp.com/booking,184,0,0
1789684028465,522,Get Booking IDs,200,OK,Thread Group 1-44,text,true,,49389,248,373,373,https://restful-booker.herokuapp.com/booking,140,0,0
1789684028338,649,Login,200,OK,Thread Group 1-334,text,true,,766,325,373,373,https://restful-booker.herokuapp.com/auth,649,0,429
1789684028525,466,Get Booking IDs,200,OK,Thread Group 1-83,text,true,,49522,248,373,373,https://restful-booker.herokuapp.com/booking,137,0,0
1789684028804,186,CreateBooking,200,OK,Thread Group 1-254,text,true,,937,518,373,373,https://restful-booker.herokuapp.com/booking,186,0,0
1789684028810,184,Get Booking,200,OK,Thread Group 1-184,text,true,,911,253,373,373,https://restful-booker.herokuapp.com/booking/3687,184,0,0
1789684028814,180,CreateBooking,200,OK,Thread Group 1-280,text,true,,940,521,373,373,https://restful-booker.herokuapp.com/booking,180,0,0
1789684028772,228,CreateBooking,200,OK,Thread Group 1-228,text,true,,941,522,374,374,https://restful-booker.herokuapp.com/booking,228,0,0
1789684028473,527,Get Booking IDs,200,OK,Thread Group 1-46,text,true,,49427,248,374,374,https://restful-booker.herokuapp.com/booking,139,0,0
1789684028818,186,CreateBooking,200,OK,Thread Group 1-203,text,true,,941,522,374,374,https://restful-booker.herokuapp.com/booking,186,0,0
1789684028525,483,Get Booking IDs,200,OK,Thread Group 1-97,text,true,,49522,248,375,375,https://restful-booker.herokuapp.com/booking,144,0,0
1789684028820,191,Get Booking,200,OK,Thread Group 1-171,text,true,,912,253,375,375,https://restful-booker.herokuapp.com/booking/3690,191,0,0
1789684028823,190,Get Booking,200,OK,Thread Group 1-210,text,true,,912,253,376,376,https://restful-booker.herokuapp.com/booking/3679,190,0,0
1789684028785,236,Get Booking,200,OK,Thread Group 1-181,text,true,,911,253,377,377,https://restful-booker.herokuapp.com/booking/3694,236,0,0
1789684028783,239,Get Booking,200,OK,Thread Group 1-168,text,true,,908,253,377,377,https://restful-booker.herokuapp.com/booking/3675,239,0,0
1789684028405,623,Login,200,OK,Thread Group 1-325,text,true,,767,327,378,378,https://restful-booker.herokuapp.com/auth,623,0,435
1789684028403,626,Login,200,OK,Thread Group 1-348,text,true,,766,325,378,378,https://restful-booker.herokuapp.com/auth,626,0,437
1789684028404,631,Login,200,OK,Thread Group 1-304,text,true,,766,325,379,379,https://restful-booker.herokuapp.com/auth,631,0,439
1789684028494,542,Get Booking IDs,200,OK,Thread Group 1-9,text,true,,49465,248,379,379,https://restful-booker.herokuapp.com/booking,135,0,0
1789684028850,193,CreateBooking,200,OK,Thread Group 1-253,text,true,,941,522,381,381,https://restful-booker.herokuapp.com/booking,193,0,0
1789684028849,194,CreateBooking,200,OK,Thread Group 1-240,text,true,,940,521,381,381,https://restful-booker.herokuapp.com/booking,194,0,0
1789684028552,493,Get Booking IDs,200,OK,Thread Group 1-41,text,true,,49598,248,381,381,https://restful-booker.herokuapp.com/booking,301,0,0
1789684028857,195,CreateBooking,200,OK,Thread Group 1-270,text,true,,940,521,381,381,https://restful-booker.herokuapp.com/booking,194,0,0
1789684028857,198,UpdateBooking - PUT,200,OK,Thread Group 1-71,text,true,,910,524,382,382,https://restful-booker.herokuapp.com/booking/3556,198,0,0
1789684028800,258,CreateBooking,200,OK,Thread Group 1-246,text,true,,937,518,383,383,https://restful-booker.herokuapp.com/booking,258,0,0
1789684028575,493,Get Booking IDs,200,OK,Thread Group 1-50,text,true,,49617,248,385,385,https://restful-booker.herokuapp.com/booking,291,0,0
1789684028360,709,Login,200,OK,Thread Group 1-317,text,true,,766,325,385,385,https://restful-booker.herokuapp.com/auth,709,0,455
1789684028360,709,Login,200,OK,Thread Group 1-327,text,true,,766,325,385,385,https://restful-booker.herokuapp.com/auth,709,0,455
1789684028417,652,Login,200,OK,Thread Group 1-349,text,true,,766,325,385,385,https://restful-booker.herokuapp.com/auth,652,0,449
1789684028432,637,Login,200,OK,Thread Group 1-335,text,true,,767,327,385,385,https://restful-booker.herokuapp.com/auth,637,0,440
1789684028364,705,Login,200,OK,Thread Group 1-315,text,true,,767,327,385,385,https://restful-booker.herokuapp.com/auth,705,0,451
1789684028810,259,Get Booking,200,OK,Thread Group 1-198,text,true,,911,253,385,385,https://restful-booker.herokuapp.com/booking/3680,259,0,0
1789684028873,201,CreateBooking,200,OK,Thread Group 1-230,text,true,,937,518,383,383,https://restful-booker.herokuapp.com/booking,201,0,0
1789684028433,641,Login,200,OK,Thread Group 1-330,text,true,,767,327,383,383,https://restful-booker.herokuapp.com/auth,641,0,443
1789684028882,202,Get Booking,200,OK,Thread Group 1-158,text,true,,908,253,385,385,https://restful-booker.herokuapp.com/booking/3683,202,0,0
1789684028578,509,Get Booking IDs,200,OK,Thread Group 1-64,text,true,,49617,248,386,386,https://restful-booker.herokuapp.com/booking,146,0,0
1789684028514,575,Get Booking IDs,200,OK,Thread Group 1-6,text,true,,49503,248,386,386,https://restful-booker.herokuapp.com/booking,139,0,0
1789684028824,265,Get Booking,200,OK,Thread Group 1-216,text,true,,911,253,386,386,https://restful-booker.herokuapp.com/booking/3682,265,0,0
1789684028820,269,CreateBooking,200,OK,Thread Group 1-257,text,true,,940,521,386,386,https://restful-booker.herokuapp.com/booking,269,0,0
1789684028519,573,Get Booking IDs,200,OK,Thread Group 1-17,text,true,,49522,248,386,386,https://restful-booker.herokuapp.com/booking,312,0,0
1789684028839,255,CreateBooking,200,OK,Thread Group 1-258,text,true,,939,520,386,386,https://restful-booker.herokuapp.com/booking,255,0,0
1789684028584,513,Get Booking IDs,200,OK,Thread Group 1-28,text,true,,49636,248,387,387,https://restful-booker.herokuapp.com/booking,145,0,0
1789684028392,709,Login,200,OK,Thread Group 1-339,text,true,,766,325,387,387,https://restful-booker.herokuapp.com/auth,709,0,451
1789684028587,515,Get Booking IDs,200,OK,Thread Group 1-37,text,true,,49636,248,387,387,https://restful-booker.herokuapp.com/booking,146,0,0
1789684028912,189,CreateBooking,200,OK,Thread Group 1-266,text,true,,937,518,387,387,https://restful-booker.herokuapp.com/booking,189,0,0
1789684028913,189,Get Booking,200,OK,Thread Group 1-197,text,true,,910,253,386,386,https://restful-booker.herokuapp.com/booking/3686,189,0,0
1789684028913,189,CreateBooking,200,OK,Thread Group 1-284,text,true,,940,521,386,386,https://restful-booker.herokuapp.com/booking,189,0,0
1789684028913,191,Get Booking,200,OK,Thread Group 1-186,text,true,,910,253,387,387,https://restful-booker.herokuapp.com/booking/3684,191,0,0
1789684028914,190,CreateBooking,200,OK,Thread Group 1-294,text,true,,937,518,387,387,https://restful-booker.herokuapp.com/booking,190,0,0
1789684028602,511,Get Booking IDs,200,OK,Thread Group 1-81,text,true,,49655,248,388,388,https://restful-booker.herokuapp.com/booking,143,0,0
1789684028599,517,Get Booking IDs,200,OK,Thread Group 1-54,text,true,,49655,248,388,388,https://restful-booker.herokuapp.com/booking,320,0,0
1789684028924,196,Get Booking,200,OK,Thread Group 1-200,text,true,,911,253,388,388,https://restful-booker.herokuapp.com/booking/3688,196,0,0
1789684028850,270,CreateBooking,200,OK,Thread Group 1-256,text,true,,937,518,388,388,https://restful-booker.herokuapp.com/booking,270,0,0
1789684028396,725,Login,200,OK,Thread Group 1-341,text,true,,766,325,388,388,https://restful-booker.herokuapp.com/auth,725,0,456
1789684028539,582,Get Booking IDs,200,OK,Thread Group 1-18,text,true,,49579,248,388,388,https://restful-booker.herokuapp.com/booking,137,0,0
1789684028395,726,Login,200,OK,Thread Group 1-359,text,true,,766,325,388,388,https://restful-booker.herokuapp.com/auth,726,0,459
1789684028929,195,Get Booking,200,OK,Thread Group 1-191,text,true,,908,253,387,387,https://restful-booker.herokuapp.com/booking/3701,195,0,0
1789684028861,268,CreateBooking,200,OK,Thread Group 1-264,text,true,,940,521,388,388,https://restful-booker.herokuapp.com/booking,268,0,0
1789684028937,200,Get Booking,200,OK,Thread Group 1-201,text,true,,911,253,389,389,https://restful-booker.herokuapp.com/booking/3723,200,0,0
1789684028546,592,Get Booking IDs,200,OK,Thread Group 1-34,text,true,,49598,248,390,390,https://restful-booker.herokuapp.com/booking,145,0,0
1789684028553,588,Get Booking IDs,200,OK,Thread Group 1-36,text,true,,49598,248,389,389,https://restful-booker.herokuapp.com/booking,145,0,0
1789684028950,198,Get Booking,200,OK,Thread Group 1-220,text,true,,911,253,390,390,https://restful-booker.herokuapp.com/booking/3706,198,0,0
1789684028882,266,CreateBooking,200,OK,Thread Group 1-238,text,true,,939,520,390,390,https://restful-booker.herokuapp.com/booking,266,0,0
1789684028949,199,CreateBooking,200,OK,Thread Group 1-260,text,true,,939,520,390,390,https://restful-booker.herokuapp.com/booking,199,0,0
1789684028952,197,CreateBooking,200,OK,Thread Group 1-277,text,true,,939,520,390,390,https://restful-booker.herokuapp.com/booking,197,0,0
1789684028556,595,Get Booking IDs,200,OK,Thread Group 1-137,text,true,,49617,248,391,391,https://restful-booker.herokuapp.com/booking,152,0,0
1789684028951,200,Get Booking,200,OK,Thread Group 1-236,text,true,,911,253,391,391,https://restful-booker.herokuapp.com/booking/3699,200,0,0
1789684028626,530,Get Booking IDs,200,OK,Thread Group 1-86,text,true,,49807,248,392,392,https://restful-booker.herokuapp.com/booking,151,0,0
1789684028976,199,Get Booking,200,OK,Thread Group 1-178,text,true,,911,253,395,395,https://restful-booker.herokuapp.com/booking/3698,199,0,0
1789684028972,204,Get Booking,200,OK,Thread Group 1-183,text,true,,908,253,396,396,https://restful-booker.herokuapp.com/booking/3692,204,0,0
1789684028562,616,Get Booking IDs,200,OK,Thread Group 1-14,text,true,,49617,248,396,396,https://restful-booker.herokuapp.com/booking,354,0,0
1789684028643,536,Get Booking IDs,200,OK,Thread Group 1-100,text,true,,49826,248,396,396,https://restful-booker.herokuapp.com/booking,334,0,0
1789684028988,194,Get Booking,200,OK,Thread Group 1-172,text,true,,911,253,395,395,https://restful-booker.herokuapp.com/booking/3677,194,0,0
1789684028513,669,Login,200,OK,Thread Group 1-374,text,true,,766,325,395,395,https://restful-booker.herokuapp.com/auth,669,0,477
1789684028926,256,CreateBooking,200,OK,Thread Group 1-233,text,true,,941,522,395,395,https://restful-booker.herokuapp.com/booking,256,0,0
1789684028664,521,Get Booking IDs,200,OK,Thread Group 1-116,text,true,,49864,248,396,396,https://restful-booker.herokuapp.com/booking,330,0,0
1789684028997,188,CreateBooking,200,OK,Thread Group 1-276,text,true,,939,520,396,396,https://restful-booker.herokuapp.com/booking,188,0,0
1789684028669,525,Get Booking IDs,200,OK,Thread Group 1-151,text,true,,49921,248,397,397,https://restful-booker.herokuapp.com/booking,337,0,0
1789684028572,622,Get Booking IDs,200,OK,Thread Group 1-73,text,true,,49617,248,397,397,https://restful-booker.herokuapp.com/booking,155,0,0
1789684029005,189,Get Booking,200,OK,Thread Group 1-221,text,true,,912,253,397,397,https://restful-booker.herokuapp.com/booking/3712,189,0,0
1789684028674,526,Get Booking IDs,200,OK,Thread Group 1-30,text,true,,49921,248,397,397,https://restful-booker.herokuapp.com/booking,160,0,0
1789684029016,184,Get Booking,200,OK,Thread Group 1-217,text,true,,911,253,397,397,https://restful-booker.herokuapp.com/booking/3696,184,0,0
1789684028433,772,Login,200,OK,Thread Group 1-311,text,true,,766,325,397,397,https://restful-booker.herokuapp.com/auth,772,0,517
1789684028689,517,Get Booking IDs,200,OK,Thread Group 1-77,text,true,,49997,248,397,397,https://restful-booker.herokuapp.com/booking,335,0,0
1789684029029,179,Get Booking,200,OK,Thread Group 1-234,text,true,,908,253,398,398,https://restful-booker.herokuapp.com/booking/3695,179,0,0
1789684029022,186,CreateBooking,200,OK,Thread Group 1-273,text,true,,941,522,398,398,https://restful-booker.herokuapp.com/booking,186,0,0
1789684029027,183,Get Booking,200,OK,Thread Group 1-244,text,true,,912,253,398,398,https://restful-booker.herokuapp.com/booking/3703,183,0,0
1789684029029,181,Get Booking,200,OK,Thread Group 1-231,text,true,,910,253,398,398,https://restful-booker.herokuapp.com/booking/3713,181,0,0
1789684028535,675,Login,200,OK,Thread Group 1-345,text,true,,767,327,398,398,https://restful-booker.herokuapp.com/auth,675,0,492
1789684028952,260,CreateBooking,200,OK,Thread Group 1-298,text,true,,937,518,398,398,https://restful-booker.herokuapp.com/booking,260,0,0
1789684028547,668,Login,200,OK,Thread Group 1-367,text,true,,766,325,398,398,https://restful-booker.herokuapp.com/auth,668,0,488
1789684028462,757,Login,200,OK,Thread Group 1-355,text,true,,767,327,399,399,https://restful-booker.herokuapp.com/auth,757,0,502
1789684028960,259,CreateBooking,200,OK,Thread Group 1-306,text,true,,937,518,399,399,https://restful-booker.herokuapp.com/booking,259,0,0
1789684028452,767,Login,200,OK,Thread Group 1-344,text,true,,766,325,399,399,https://restful-booker.herokuapp.com/auth,767,0,512
1789684028687,533,Get Booking IDs,200,OK,Thread Group 1-101,text,true,,49997,248,399,399,https://restful-booker.herokuapp.com/booking,349,0,0
1789684028449,771,Login,200,OK,Thread Group 1-340,text,true,,767,327,399,399,https://restful-booker.herokuapp.com/auth,771,0,514
1789684028443,786,Login,200,OK,Thread Group 1-356,text,true,,766,325,400,400,https://restful-booker.herokuapp.com/auth,786,0,521
1789684029046,184,Get Booking,200,OK,Thread Group 1-224,text,true,,912,253,400,400,https://restful-booker.herokuapp.com/booking/3716,184,0,0
1789684028595,635,Get Booking IDs,200,OK,Thread Group 1-106,text,true,,49636,248,400,400,https://restful-booker.herokuapp.com/booking,375,0,0
1789684028974,257,Get Booking,200,OK,Thread Group 1-166,text,true,,911,253,399,399,https://restful-booker.herokuapp.com/booking/3689,257,0,0
1789684028975,256,CreateBooking,200,OK,Thread Group 1-278,text,true,,941,522,399,399,https://restful-booker.herokuapp.com/booking,256,0,0
1789684028970,261,Get Booking,200,OK,Thread Group 1-208,text,true,,908,253,399,399,https://restful-booker.herokuapp.com/booking/3697,261,0,0
1789684028977,256,CreateBooking,200,OK,Thread Group 1-293,text,true,,940,521,400,400,https://restful-booker.herokuapp.com/booking,256,0,0
1789684028700,538,Get Booking IDs,200,OK,Thread Group 1-108,text,true,,50035,248,401,401,https://restful-booker.herokuapp.com/booking,166,0,0
1789684029047,191,Get Booking,200,OK,Thread Group 1-187,text,true,,908,253,401,401,https://restful-booker.herokuapp.com/booking/3705,191,0,0
1789684029052,186,Get Booking,200,OK,Thread Group 1-211,text,true,,911,253,401,401,https://restful-booker.herokuapp.com/booking/3702,186,0,0
1789684029048,190,CreateBooking,200,OK,Thread Group 1-303,text,true,,940,521,401,401,https://restful-booker.herokuapp.com/booking,190,0,0
1789684028693,547,Get Booking IDs,200,OK,Thread Group 1-70,text,true,,50035,248,400,400,https://restful-booker.herokuapp.com/booking,167,0,0
1789684028984,259,Get Booking,200,OK,Thread Group 1-177,text,true,,911,253,400,400,https://restful-booker.herokuapp.com/booking/3700,259,0,0
1789684029060,184,CreateBooking,200,OK,Thread Group 1-261,text,true,,937,518,400,400,https://restful-booker.herokuapp.com/booking,184,0,0
1789684028714,537,Get Booking IDs,200,OK,Thread Group 1-47,text,true,,50054,248,402,402,https://restful-booker.herokuapp.com/booking,163,0,0
1789684029073,180,CreateBooking,200,OK,Thread Group 1-290,text,true,,940,521,402,402,https://restful-booker.herokuapp.com/booking,180,0,0
1789684028614,642,Get Booking IDs,200,OK,Thread Group 1-63,text,true,,49712,248,402,402,https://restful-booker.herokuapp.com/booking,161,0,0
1789684028711,547,Get Booking IDs,200,OK,Thread Group 1-107,text,true,,50054,248,402,402,https://restful-booker.herokuapp.com/booking,169,0,0
1789684028613,646,Get Booking IDs,200,OK,Thread Group 1-16,text,true,,49712,248,401,401,https://restful-booker.herokuapp.com/booking,167,0,0
1789684029011,248,Get Booking,200,OK,Thread Group 1-248,text,true,,912,253,401,401,https://restful-booker.herokuapp.com/booking/3704,248,0,0
1789684028613,648,Get Booking IDs,200,OK,Thread Group 1-1,text,true,,49712,248,400,400,https://restful-booker.herokuapp.com/booking,169,0,0
1789684028619,644,Get Booking IDs,200,OK,Thread Group 1-38,text,true,,49769,248,400,400,https://restful-booker.herokuapp.com/booking,405,0,0
1789684028483,780,Login,200,OK,Thread Group 1-352,text,true,,766,325,400,400,https://restful-booker.herokuapp.com/auth,780,0,541
1789684028621,645,Get Booking IDs,200,OK,Thread Group 1-58,text,true,,49769,248,398,398,https://restful-booker.herokuapp.com/booking,407,0,0
1789684029028,238,Get Booking,200,OK,Thread Group 1-173,text,true,,910,253,398,398,https://restful-booker.herokuapp.com/booking/3707,238,0,0
1789684028628,643,Get Booking IDs,200,OK,Thread Group 1-5,text,true,,49807,248,398,398,https://restful-booker.herokuapp.com/booking,172,0,0
1789684028719,556,Get Booking IDs,200,OK,Thread Group 1-104,text,true,,50035,248,398,398,https://restful-booker.herokuapp.com/booking,191,0,0
1789684029097,178,Get Booking,200,OK,Thread Group 1-196,text,true,,911,253,398,398,https://restful-booker.herokuapp.com/booking/3717,178,0,0
1789684029094,181,CreateBooking,200,OK,Thread Group 1-271,text,true,,940,521,398,398,https://restful-booker.herokuapp.com/booking,181,0,0
1789684028586,689,Login,200,OK,Thread Group 1-357,text,true,,766,325,398,398,https://restful-booker.herokuapp.com/auth,689,0,515
1789684028630,660,Get Booking IDs,200,OK,Thread Group 1-13,text,true,,49826,248,402,402,https://restful-booker.herokuapp.com/booking,177,0,0
1789684029109,181,Get Booking,200,OK,Thread Group 1-296,text,true,,911,253,402,402,https://restful-booker.herokuapp.com/booking/3720,181,0,0
1789684028598,692,Login,200,OK,Thread Group 1-361,text,true,,766,325,402,402,https://restful-booker.herokuapp.com/auth,692,0,515
1789684028505,788,Login,200,OK,Thread Group 1-363,text,true,,766,325,402,402,https://restful-booker.herokuapp.com/auth,788,0,564
1789684028754,548,Get Booking IDs,200,OK,Thread Group 1-33,text,true,,50111,248,403,403,https://restful-booker.herokuapp.com/booking,370,0,0
1789684028639,668,Get Booking IDs,200,OK,Thread Group 1-123,text,true,,49826,248,404,404,https://restful-booker.herokuapp.com/booking,179,0,0
1789684028603,708,Login,200,OK,Thread Group 1-385,text,true,,767,327,404,404,https://restful-booker.herokuapp.com/auth,708,0,532
1789684029075,236,CreateBooking,200,OK,Thread Group 1-310,text,true,,937,518,404,404,https://restful-booker.herokuapp.com/booking,236,0,0
1789684028762,552,Get Booking IDs,200,OK,Thread Group 1-57,text,true,,50130,248,403,403,https://restful-booker.herokuapp.com/booking,376,0,0
1789684029079,235,Get Booking,200,OK,Thread Group 1-226,text,true,,911,253,403,403,https://restful-booker.herokuapp.com/booking/3709,235,0,0
1789684028494,820,Login,200,OK,Thread Group 1-320,text,true,,767,327,403,403,https://restful-booker.herokuapp.com/auth,820,0,581
1789684029085,232,CreateBooking,200,OK,Thread Group 1-301,text,true,,940,521,404,404,https://restful-booker.herokuapp.com/booking,232,0,0
1789684028488,829,Login,200,OK,Thread Group 1-343,text,true,,766,325,404,404,https://restful-booker.herokuapp.com/auth,829,0,592
1789684028775,544,Get Booking IDs,200,OK,Thread Group 1-120,text,true,,50149,248,404,404,https://restful-booker.herokuapp.com/booking,181,0,0
1789684028505,814,Login,200,OK,Thread Group 1-391,text,true,,766,325,404,404,https://restful-booker.herokuapp.com/auth,814,0,580
1789684028507,812,Login,200,OK,Thread Group 1-342,text,true,,766,325,404,404,https://restful-booker.herokuapp.com/auth,812,0,580
1789684028614,709,Login,200,OK,Thread Group 1-354,text,true,,766,325,403,403,https://restful-booker.herokuapp.com/auth,709,0,537
1789684028666,660,Get Booking IDs,200,OK,Thread Group 1-20,text,true,,49864,248,404,404,https://restful-booker.herokuapp.com/booking,428,0,0
1789684029094,232,CreateBooking,200,OK,Thread Group 1-268,text,true,,937,518,404,404,https://restful-booker.herokuapp.com/booking,232,0,0
1789684028515,811,Login,200,OK,Thread Group 1-332,text,true,,766,325,404,404,https://restful-booker.herokuapp.com/auth,811,0,579
1789684028783,546,Get Booking IDs,200,OK,Thread Group 1-121,text,true,,50149,248,402,402,https://restful-booker.herokuapp.com/booking,187,0,0
1789684028629,700,Login,200,OK,Thread Group 1-373,text,true,,766,325,402,402,https://restful-booker.herokuapp.com/auth,700,0,530
1789684029160,172,Get Booking,200,OK,Thread Group 1-270,text,true,,911,253,402,402,https://restful-booker.herokuapp.com/booking/3743,172,0,0
1789684029160,172,CreateBooking,200,OK,Thread Group 1-300,text,true,,937,518,402,402,https://restful-booker.herokuapp.com/booking,172,0,0
1789684029166,168,CreateBooking,200,OK,Thread Group 1-318,text,true,,937,518,402,402,https://restful-booker.herokuapp.com/booking,168,0,0
1789684029101,233,CreateBooking,200,OK,Thread Group 1-314,text,true,,941,522,402,402,https://restful-booker.herokuapp.com/booking,233,0,0
1789684028517,817,Login,200,OK,Thread Group 1-366,text,true,,766,325,402,402,https://restful-booker.herokuapp.com/auth,817,0,584
1789684029170,166,Get Booking,200,OK,Thread Group 1-286,text,true,,912,253,403,403,https://restful-booker.herokuapp.com/booking/3732,166,0,0
1789684028655,681,Get Booking IDs,200,OK,Thread Group 1-91,text,true,,49826,248,403,403,https://restful-booker.herokuapp.com/booking,447,0,0
1789684029170,170,CreateBooking,200,OK,Thread Group 1-326,text,true,,941,522,403,403,https://restful-booker.herokuapp.com/booking,170,0,0
1789684029173,176,UpdateBooking - PUT,200,OK,Thread Group 1-31,text,true,,910,524,406,406,https://restful-booker.herokuapp.com/booking/3574,176,0,0
1789684029113,236,Get Booking,200,OK,Thread Group 1-274,text,true,,911,253,406,406,https://restful-booker.herokuapp.com/booking/3729,236,0,0
1789684029172,181,CreateBooking,200,OK,Thread Group 1-267,text,true,,939,520,406,406,https://restful-booker.herokuapp.com/booking,181,0,0
1789684028681,676,Get Booking IDs,200,OK,Thread Group 1-80,text,true,,49959,248,407,407,https://restful-booker.herokuapp.com/booking,181,0,0
1789684028632,727,Login,200,OK,Thread Group 1-372,text,true,,766,325,407,407,https://restful-booker.herokuapp.com/auth,727,0,543
1789684028641,718,Login,200,OK,Thread Group 1-386,text,true,,766,325,407,407,https://restful-booker.herokuapp.com/auth,718,0,538
1789684029180,179,Get Booking,200,OK,Thread Group 1-203,text,true,,912,253,407,407,https://restful-booker.herokuapp.com/booking/3737,179,0,0
1789684029125,235,CreateBooking,200,OK,Thread Group 1-281,text,true,,940,521,406,406,https://restful-booker.herokuapp.com/booking,235,0,0
1789684028539,826,Login,200,OK,Thread Group 1-378,text,true,,766,325,407,407,https://restful-booker.herokuapp.com/auth,826,0,596
1789684028551,819,Login,200,OK,Thread Group 1-370,text,true,,767,327,409,409,https://restful-booker.herokuapp.com/auth,819,0,590
1789684029189,185,Get Booking,200,OK,Thread Group 1-247,text,true,,912,253,409,409,https://restful-booker.herokuapp.com/booking/3722,185,0,0
1789684028700,674,Get Booking IDs,200,OK,Thread Group 1-98,text,true,,50035,248,409,409,https://restful-booker.herokuapp.com/booking,210,0,0
1789684028655,720,Login,200,OK,Thread Group 1-369,text,true,,766,325,409,409,https://restful-booker.herokuapp.com/auth,720,0,533
1789684028657,719,Login,200,OK,Thread Group 1-396,text,true,,766,325,409,409,https://restful-booker.herokuapp.com/auth,719,0,531
1789684028667,711,Login,200,OK,Thread Group 1-399,text,true,,766,325,408,408,https://restful-booker.herokuapp.com/auth,711,0,528
1789684029193,186,UpdateBooking - PATCH,200,OK,Thread Group 1-71,text,true,,910,333,408,408,https://restful-booker.herokuapp.com/booking/3556,186,0,0
1789684028675,704,Login,200,OK,Thread Group 1-400,text,true,,767,327,408,408,https://restful-booker.herokuapp.com/auth,704,0,529
1789684028675,705,Login,200,OK,Thread Group 1-347,text,true,,766,325,408,408,https://restful-booker.herokuapp.com/auth,705,0,531
1789684029147,234,UpdateBooking - PUT,200,OK,Thread Group 1-11,text,true,,910,524,408,408,https://restful-booker.herokuapp.com/booking/3559,234,0,0
1789684028687,694,Login,200,OK,Thread Group 1-331,text,true,,766,325,408,408,https://restful-booker.herokuapp.com/auth,694,0,523
1789684028704,677,Get Booking IDs,200,OK,Thread Group 1-96,text,true,,50035,248,408,408,https://restful-booker.herokuapp.com/booking,206,0,0
1789684029154,230,Get Booking,200,OK,Thread Group 1-243,text,true,,911,253,408,408,https://restful-booker.herokuapp.com/booking/3727,230,0,0
1789684028707,681,Get Booking IDs,200,OK,Thread Group 1-140,text,true,,50054,248,409,409,https://restful-booker.herokuapp.com/booking,204,0,0
1789684028712,677,Get Booking IDs,200,OK,Thread Group 1-118,text,true,,50054,248,408,408,https://restful-booker.herokuapp.com/booking,454,0,0
1789684029218,173,CreateBooking,200,OK,Thread Group 1-348,text,true,,940,521,407,407,https://restful-booker.herokuapp.com/booking,173,0,0
1789684028687,704,Login,200,OK,Thread Group 1-382,text,true,,766,325,407,407,https://restful-booker.herokuapp.com/auth,704,0,529
1789684028855,539,Get Booking IDs,200,OK,Thread Group 1-134,text,true,,50358,248,407,407,https://restful-booker.herokuapp.com/booking,191,0,0
1789684029173,221,Get Booking,200,OK,Thread Group 1-250,text,true,,910,253,407,407,https://restful-booker.herokuapp.com/booking/3728,221,0,0
1789684029224,172,Get Booking,200,OK,Thread Group 1-214,text,true,,912,253,406,406,https://restful-booker.herokuapp.com/booking/3711,172,0,0
1789684029180,216,CreateBooking,200,OK,Thread Group 1-324,text,true,,940,521,406,406,https://restful-booker.herokuapp.com/booking,216,0,0
1789684028688,710,Login,200,OK,Thread Group 1-351,text,true,,766,325,407,407,https://restful-booker.herokuapp.com/auth,710,0,532
1789684029183,217,CreateBooking,200,OK,Thread Group 1-288,text,true,,940,521,407,407,https://restful-booker.herokuapp.com/booking,217,0,0
1789684029233,173,Get Booking,200,OK,Thread Group 1-280,text,true,,911,253,409,409,https://restful-booker.herokuapp.com/booking/3736,173,0,0
1789684029241,166,Get Booking,200,OK,Thread Group 1-204,text,true,,910,253,409,409,https://restful-booker.herokuapp.com/booking/3710,166,0,0
1789684029237,172,Get Booking,200,OK,Thread Group 1-237,text,true,,910,253,410,410,https://restful-booker.herokuapp.com/booking/3726,172,0,0
1789684029192,220,CreateBooking,200,OK,Thread Group 1-328,text,true,,939,520,410,410,https://restful-booker.herokuapp.com/booking,220,0,0
1789684028559,854,Login,200,OK,Thread Group 1-402,text,true,,766,325,411,411,https://restful-booker.herokuapp.com/auth,854,0,635
1789684029201,212,CreateBooking,200,OK,Thread Group 1-283,text,true,,940,521,411,411,https://restful-booker.herokuapp.com/booking,212,0,0
1789684028733,683,Get Booking IDs,200,OK,Thread Group 1-67,text,true,,50092,248,410,410,https://restful-booker.herokuapp.com/booking,470,0,0
1789684028721,695,Get Booking IDs,200,OK,Thread Group 1-117,text,true,,50073,248,410,410,https://restful-booker.herokuapp.com/booking,218,0,0
1789684028734,686,Get Booking IDs,200,OK,Thread Group 1-60,text,true,,50092,248,410,410,https://restful-booker.herokuapp.com/booking,222,0,0
1789684029209,211,Get Booking,200,OK,Thread Group 1-218,text,true,,911,253,410,410,https://restful-booker.herokuapp.com/booking/3725,211,0,0
1789684028572,848,Login,200,OK,Thread Group 1-360,text,true,,767,327,410,410,https://restful-booker.herokuapp.com/auth,848,0,638
1789684029210,211,Get Booking,200,OK,Thread Group 1-251,text,true,,911,253,409,409,https://restful-booker.herokuapp.com/booking/3724,211,0,0
1789684029209,212,CreateBooking,200,OK,Thread Group 1-338,text,true,,940,521,409,409,https://restful-booker.herokuapp.com/booking,212,0,0
1789684028565,857,Login,200,OK,Thread Group 1-336,text,true,,766,325,410,410,https://restful-booker.herokuapp.com/auth,857,0,645
1789684028733,695,Get Booking IDs,200,OK,Thread Group 1-110,text,true,,50092,248,411,411,https://restful-booker.herokuapp.com/booking,227,0,0
1789684029258,170,Get Booking,200,OK,Thread Group 1-212,text,true,,910,253,411,411,https://restful-booker.herokuapp.com/booking/3730,170,0,0
1789684028745,683,Get Booking IDs,200,OK,Thread Group 1-88,text,true,,50092,248,411,411,https://restful-booker.herokuapp.com/booking,221,0,0
1789684029224,204,CreateBooking,200,OK,Thread Group 1-307,text,true,,939,520,411,411,https://restful-booker.herokuapp.com/booking,204,0,0
1789684028573,855,Login,200,OK,Thread Group 1-375,text,true,,767,327,411,411,https://restful-booker.herokuapp.com/auth,855,0,646
1789684028748,687,Get Booking IDs,200,OK,Thread Group 1-27,text,true,,50111,248,409,409,https://restful-booker.herokuapp.com/booking,230,0,0
1789684028767,671,Get Booking IDs,200,OK,Thread Group 1-24,text,true,,50130,248,409,409,https://restful-booker.herokuapp.com/booking,223,0,0
1789684029243,195,CreateBooking,200,OK,Thread Group 1-313,text,true,,941,522,409,409,https://restful-booker.herokuapp.com/booking,195,0,0
1789684028769,673,Get Booking IDs,200,OK,Thread Group 1-2,text,true,,50130,248,410,410,https://restful-booker.herokuapp.com/booking,477,0,0
1789684028607,835,Login,200,OK,Thread Group 1-353,text,true,,766,325,410,410,https://restful-booker.herokuapp.com/auth,835,0,637
1789684028720,724,Login,200,OK,Thread Group 1-379,text,true,,766,325,409,409,https://restful-booker.herokuapp.com/auth,724,0,558
1789684029256,190,UpdateBooking - PUT,200,OK,Thread Group 1-44,text,true,,910,524,409,409,https://restful-booker.herokuapp.com/booking/3560,190,0,0
1789684028599,849,Login,200,OK,Thread Group 1-333,text,true,,766,325,409,409,https://restful-booker.herokuapp.com/auth,849,0,657
1789684029267,183,Get Booking,200,OK,Thread Group 1-228,text,true,,912,253,409,409,https://restful-booker.herokuapp.com/booking/3731,183,0,0
1789684028790,661,Get Booking IDs,200,OK,Thread Group 1-126,text,true,,50168,248,409,409,https://restful-booker.herokuapp.com/booking,253,0,0
1789684029269,183,Get Booking,200,OK,Thread Group 1-223,text,true,,911,253,409,409,https://restful-booker.herokuapp.com/booking/3714,183,0,0
1789684028731,721,Login,200,OK,Thread Group 1-426,text,true,,766,325,408,408,https://restful-booker.herokuapp.com/auth,721,0,554
1789684028723,732,Login,200,OK,Thread Group 1-364,text,true,,766,325,409,409,https://restful-booker.herokuapp.com/auth,732,0,562
1789684029278,183,Get Booking,200,OK,Thread Group 1-207,text,true,,911,253,411,411,https://restful-booker.herokuapp.com/booking/3719,183,0,0
1789684028927,536,Get Booking IDs,200,OK,Thread Group 1-131,text,true,,50529,248,411,411,https://restful-booker.herokuapp.com/booking,197,0,0
1789684028793,670,Get Booking IDs,200,OK,Thread Group 1-113,text,true,,50168,248,411,411,https://restful-booker.herokuapp.com/booking,257,0,0
1789684029292,171,CreateBooking,200,OK,Thread Group 1-304,text,true,,937,518,411,411,https://restful-booker.herokuapp.com/booking,171,0,0
1789684029283,180,CreateBooking,200,OK,Thread Group 1-316,text,true,,940,521,411,411,https://restful-booker.herokuapp.com/booking,180,0,0
1789684029285,179,CreateBooking,200,OK,Thread Group 1-297,text,true,,939,520,411,411,https://restful-booker.herokuapp.com/booking,179,0,0
1789684029286,178,CreateBooking,200,OK,Thread Group 1-323,text,true,,941,522,411,411,https://restful-booker.herokuapp.com/booking,178,0,0
1789684029299,165,Get Booking,200,OK,Thread Group 1-227,text,true,,910,253,410,410,https://restful-booker.herokuapp.com/booking/3718,165,0,0
1789684028802,665,Get Booking IDs,200,OK,Thread Group 1-61,text,true,,50206,248,411,411,https://restful-booker.herokuapp.com/booking,488,0,0
1789684028933,534,Get Booking IDs,200,OK,Thread Group 1-74,text,true,,50529,248,411,411,https://restful-booker.herokuapp.com/booking,369,0,0
1789684029304,165,CreateBooking,200,OK,Thread Group 1-291,text,true,,940,521,409,409,https://restful-booker.herokuapp.com/booking,165,0,0
1789684028739,732,Login,200,OK,Thread Group 1-418,text,true,,766,325,410,410,https://restful-booker.herokuapp.com/auth,732,0,563
1789684029296,178,CreateBooking,200,OK,Thread Group 1-317,text,true,,940,521,410,410,https://restful-booker.herokuapp.com/booking,178,0,0
1789684029308,166,CreateBooking,200,OK,Thread Group 1-321,text,true,,939,520,410,410,https://restful-booker.herokuapp.com/booking,166,0,0
1789684028735,739,Login,200,OK,Thread Group 1-383,text,true,,766,325,410,410,https://restful-booker.herokuapp.com/auth,739,0,567
1789684028754,721,Login,200,OK,Thread Group 1-384,text,true,,766,325,410,410,https://restful-booker.herokuapp.com/auth,721,0,557
1789684028817,663,Get Booking IDs,200,OK,Thread Group 1-111,text,true,,50244,248,412,412,https://restful-booker.herokuapp.com/booking,259,0,0
1789684029310,170,Get Booking,200,OK,Thread Group 1-241,text,true,,910,253,412,412,https://restful-booker.herokuapp.com/booking/3721,170,0,0
1789684029308,173,UpdateBooking - PUT,200,OK,Thread Group 1-9,text,true,,910,524,412,412,https://restful-booker.herokuapp.com/booking/3550,172,0,0
1789684029304,177,CreateBooking,200,OK,Thread Group 1-341,text,true,,940,521,412,412,https://restful-booker.herokuapp.com/booking,177,0,0
1789684028818,665,Get Booking IDs,200,OK,Thread Group 1-188,text,true,,50263,248,412,412,https://restful-booker.herokuapp.com/booking,265,0,0
1789684028747,736,Login,200,OK,Thread Group 1-412,text,true,,766,325,412,412,https://restful-booker.herokuapp.com/auth,736,0,569
1789684029317,168,Get Booking,200,OK,Thread Group 1-194,text,true,,908,253,411,411,https://restful-booker.herokuapp.com/booking/3715,168,0,0
1789684028839,653,Get Booking IDs,200,OK,Thread Group 1-103,text,true,,50282,248,413,413,https://restful-booker.herokuapp.com/booking,483,0,0
1789684029323,169,CreateBooking,200,OK,Thread Group 1-334,text,true,,941,522,413,413,https://restful-booker.herokuapp.com/booking,169,0,0
1789684029325,167,CreateBooking,200,OK,Thread Group 1-308,text,true,,937,518,413,413,https://restful-booker.herokuapp.com/booking,167,0,0
1789684028653,839,Login,200,OK,Thread Group 1-350,text,true,,767,327,413,413,https://restful-booker.herokuapp.com/auth,839,0,673
1789684028776,718,Login,200,OK,Thread Group 1-387,text,true,,766,325,412,412,https://restful-booker.herokuapp.com/auth,718,0,556
1789684028974,522,Get Booking IDs,200,OK,Thread Group 1-163,text,true,,50605,248,412,412,https://restful-booker.herokuapp.com/booking,201,0,0
1789684028792,708,Login,200,OK,Thread Group 1-403,text,true,,766,325,412,412,https://restful-booker.herokuapp.com/auth,708,0,548
1789684029339,165,Get Booking,200,OK,Thread Group 1-254,text,true,,908,253,413,413,https://restful-booker.herokuapp.com/booking/3735,165,0,0
1789684028779,725,Login,200,OK,Thread Group 1-380,text,true,,767,327,413,413,https://restful-booker.herokuapp.com/auth,725,0,561
1789684028843,664,Get Booking IDs,200,OK,Thread Group 1-10,text,true,,50301,248,414,414,https://restful-booker.herokuapp.com/booking,270,0,0
1789684029342,167,Get Booking,200,OK,Thread Group 1-230,text,true,,908,253,413,413,https://restful-booker.herokuapp.com/booking/3745,167,0,0
1789684029350,162,Get Booking,200,OK,Thread Group 1-276,text,true,,910,253,414,414,https://restful-booker.herokuapp.com/booking/3758,162,0,0
1789684028789,724,Login,200,OK,Thread Group 1-368,text,true,,766,325,414,414,https://restful-booker.herokuapp.com/auth,724,0,560
1789684029350,167,UpdateBooking - PUT,200,OK,Thread Group 1-84,text,true,,910,524,415,415,https://restful-booker.herokuapp.com/booking/3600,167,0,0
1789684028670,849,Login,200,OK,Thread Group 1-377,text,true,,766,325,416,416,https://restful-booker.herokuapp.com/auth,849,0,687
1789684028859,662,Get Booking IDs,200,OK,Thread Group 1-51,text,true,,50377,248,416,416,https://restful-booker.herokuapp.com/booking,500,0,0
1789684029356,165,Get Booking,200,OK,Thread Group 1-263,text,true,,911,253,416,416,https://restful-booker.herokuapp.com/booking/3733,165,0,0
1789684028672,852,Login,200,OK,Thread Group 1-358,text,true,,766,325,416,416,https://restful-booker.herokuapp.com/auth,851,0,687
1789684029364,160,CreateBooking,200,OK,Thread Group 1-287,text,true,,940,521,416,416,https://restful-booker.herokuapp.com/booking,160,0,0
1789684028779,749,Login,200,OK,Thread Group 1-393,text,true,,766,325,417,417,https://restful-booker.herokuapp.com/auth,749,0,580
1789684029370,161,Get Booking,200,OK,Thread Group 1-257,text,true,,911,253,418,418,https://restful-booker.herokuapp.com/booking/3738,161,0,0
1789684029000,536,Get Booking IDs,200,OK,Thread Group 1-130,text,true,,50662,248,419,419,https://restful-booker.herokuapp.com/booking,367,0,0
1789684029373,164,CreateBooking,200,OK,Thread Group 1-356,text,true,,937,518,419,419,https://restful-booker.herokuapp.com/booking,164,0,0
1789684028811,738,Login,200,OK,Thread Group 1-407,text,true,,766,325,420,420,https://restful-booker.herokuapp.com/auth,738,0,564
1789684029030,520,Get Booking IDs,200,OK,Thread Group 1-138,text,true,,50681,248,420,420,https://restful-booker.herokuapp.com/booking,182,0,0
1789684029382,169,UpdateBooking - PUT,200,OK,Thread Group 1-17,text,true,,910,524,420,420,https://restful-booker.herokuapp.com/booking/3573,169,0,0
1789684028821,730,Login,200,OK,Thread Group 1-424,text,true,,766,325,420,420,https://restful-booker.herokuapp.com/auth,730,0,558
1789684028680,871,Login,200,OK,Thread Group 1-392,text,true,,766,325,420,420,https://restful-booker.herokuapp.com/auth,871,0,698
1789684028833,727,Login,200,OK,Thread Group 1-406,text,true,,766,325,420,420,https://restful-booker.herokuapp.com/auth,727,0,546
1789684029380,182,Get Booking,200,OK,Thread Group 1-273,text,true,,912,253,421,421,https://restful-booker.herokuapp.com/booking/3759,182,0,0
1789684028706,856,Login,200,OK,Thread Group 1-401,text,true,,766,325,421,421,https://restful-booker.herokuapp.com/auth,856,0,688
1789684028823,739,Login,200,OK,Thread Group 1-388,text,true,,766,325,421,421,https://restful-booker.herokuapp.com/auth,739,0,556
1789684029392,170,CreateBooking,200,OK,Thread Group 1-320,text,true,,940,521,421,421,https://restful-booker.herokuapp.com/booking,170,0,0
1789684029386,176,CreateBooking,200,OK,Thread Group 1-330,text,true,,941,522,421,421,https://restful-booker.herokuapp.com/booking,176,0,0
1789684029395,171,Get Booking,200,OK,Thread Group 1-271,text,true,,911,253,422,422,https://restful-booker.herokuapp.com/booking/3766,171,0,0
1789684029395,173,Get Booking,200,OK,Thread Group 1-303,text,true,,911,253,422,422,https://restful-booker.herokuapp.com/booking/3760,173,0,0
1789684028927,644,Get Booking IDs,200,OK,Thread Group 1-143,text,true,,50529,248,423,423,https://restful-booker.herokuapp.com/booking,258,0,0
1789684028853,720,Login,200,OK,Thread Group 1-408,text,true,,766,325,423,423,https://restful-booker.herokuapp.com/auth,720,0,550
1789684028855,718,Login,200,OK,Thread Group 1-427,text,true,,766,325,423,423,https://restful-booker.herokuapp.com/auth,718,0,548
1789684028857,716,Login,200,OK,Thread Group 1-432,text,true,,766,325,423,423,https://restful-booker.herokuapp.com/auth,716,0,545
1789684028926,649,Get Booking IDs,200,OK,Thread Group 1-136,text,true,,50529,248,422,422,https://restful-booker.herokuapp.com/booking,259,0,0
1789684029407,168,Get Booking,200,OK,Thread Group 1-258,text,true,,910,253,422,422,https://restful-booker.herokuapp.com/booking/3739,168,0,0
1789684028706,869,Login,200,OK,Thread Group 1-395,text,true,,767,327,422,422,https://restful-booker.herokuapp.com/auth,869,0,696
1789684028937,639,Get Booking IDs,200,OK,Thread Group 1-146,text,true,,50529,248,420,420,https://restful-booker.herokuapp.com/booking,258,0,0
1789684029411,165,Get Booking,200,OK,Thread Group 1-246,text,true,,908,253,420,420,https://restful-booker.herokuapp.com/booking/3734,165,0,0
1789684028509,1069,Login,200,OK,Thread Group 1-346,text,true,,766,325,420,420,https://restful-booker.herokuapp.com/auth,1069,0,476
1789684029064,515,Get Booking IDs,200,OK,Thread Group 1-153,text,true,,50719,248,420,420,https://restful-booker.herokuapp.com/booking,182,0,0
1789684029074,512,Get Booking IDs,200,OK,Thread Group 1-176,text,true,,50738,248,421,421,https://restful-booker.herokuapp.com/booking,179,0,0
1789684029418,168,UpdateBooking - PUT,200,OK,Thread Group 1-97,text,true,,910,524,421,421,https://restful-booker.herokuapp.com/booking/3582,168,0,0
1789684029424,163,Get Booking,200,OK,Thread Group 1-261,text,true,,908,253,421,421,https://restful-booker.herokuapp.com/booking/3761,163,0,0
1789684029093,497,Get Booking IDs,200,OK,Thread Group 1-210,text,true,,50776,248,420,420,https://restful-booker.herokuapp.com/booking,340,0,0
1789684029431,160,Get Booking,200,OK,Thread Group 1-284,text,true,,911,253,419,419,https://restful-booker.herokuapp.com/booking/3749,160,0,0
1789684029434,159,Get Booking,200,OK,Thread Group 1-253,text,true,,912,253,419,419,https://restful-booker.herokuapp.com/booking/3742,159,0,0
1789684029434,161,UpdateBooking - PUT,200,OK,Thread Group 1-137,text,true,,910,524,420,420,https://restful-booker.herokuapp.com/booking/3636,161,0,0
1789684029442,156,Get Booking,200,OK,Thread Group 1-266,text,true,,908,253,421,421,https://restful-booker.herokuapp.com/booking/3748,156,0,0
1789684028764,834,Login,200,OK,Thread Group 1-404,text,true,,766,325,421,421,https://restful-booker.herokuapp.com/auth,834,0,678
1789684029442,156,CreateBooking,200,OK,Thread Group 1-327,text,true,,939,520,421,421,https://restful-booker.herokuapp.com/booking,156,0,0
1789684029438,160,UpdateBooking - PUT,200,OK,Thread Group 1-104,text,true,,910,524,421,421,https://restful-booker.herokuapp.com/booking/3634,160,0,0
1789684028768,830,Login,200,OK,Thread Group 1-362,text,true,,766,325,421,421,https://restful-booker.herokuapp.com/auth,830,0,676
1789684029445,155,Get Booking,200,OK,Thread Group 1-293,text,true,,911,253,421,421,https://restful-booker.herokuapp.com/booking/3757,155,0,0
1789684028920,682,Get Booking IDs,200,OK,Thread Group 1-157,text,true,,50510,248,421,421,https://restful-booker.herokuapp.com/booking,190,0,0
1789684028913,690,Login,200,OK,Thread Group 1-445,text,true,,767,327,421,421,https://restful-booker.herokuapp.com/auth,690,0,533
1789684028782,822,Login,200,OK,Thread Group 1-397,text,true,,766,325,421,421,https://restful-booker.herokuapp.com/auth,822,0,664
1789684028792,812,Login,200,OK,Thread Group 1-398,text,true,,766,325,420,420,https://restful-booker.herokuapp.com/auth,812,0,659
1789684029046,561,Get Booking IDs,200,OK,Thread Group 1-154,text,true,,50681,248,421,421,https://restful-booker.herokuapp.com/booking,406,0,0
1789684029458,152,Get Booking,200,OK,Thread Group 1-298,text,true,,908,253,421,421,https://restful-booker.herokuapp.com/booking/3754,152,0,0
1789684028782,828,Login,200,OK,Thread Group 1-394,text,true,,766,325,421,421,https://restful-booker.herokuapp.com/auth,828,0,666
1789684029067,545,Get Booking IDs,200,OK,Thread Group 1-128,text,true,,50719,248,421,421,https://restful-booker.herokuapp.com/booking,231,0,0
1789684028804,808,Login,200,OK,Thread Group 1-409,text,true,,766,325,421,421,https://restful-booker.herokuapp.com/auth,808,0,660
1789684029110,504,Get Booking IDs,200,OK,Thread Group 1-133,text,true,,50852,248,420,420,https://restful-booker.herokuapp.com/booking,180,0,0
1789684029458,156,Get Booking,200,OK,Thread Group 1-277,text,true,,910,253,420,420,https://restful-booker.herokuapp.com/booking/3753,156,0,0
1789684028916,698,Login,200,OK,Thread Group 1-423,text,true,,766,325,420,420,https://restful-booker.herokuapp.com/auth,698,0,539
1789684029460,154,CreateBooking,200,OK,Thread Group 1-351,text,true,,939,520,420,420,https://restful-booker.herokuapp.com/booking,154,0,0
1789684029461,154,UpdateBooking - PUT,200,OK,Thread Group 1-37,text,true,,910,524,420,420,https://restful-booker.herokuapp.com/booking/3612,154,0,0
1789684028912,703,Login,200,OK,Thread Group 1-421,text,true,,766,325,420,420,https://restful-booker.herokuapp.com/auth,703,0,539
1789684029469,148,CreateBooking,200,OK,Thread Group 1-337,text,true,,939,520,419,419,https://restful-booker.herokuapp.com/booking,148,0,0
1789684029070,549,Get Booking IDs,200,OK,Thread Group 1-206,text,true,,50719,248,420,420,https://restful-booker.herokuapp.com/booking,232,0,0
1789684029470,149,Get Booking,200,OK,Thread Group 1-260,text,true,,910,253,420,420,https://restful-booker.herokuapp.com/booking/3752,149,0,0
1789684029473,146,Get Booking,200,OK,Thread Group 1-256,text,true,,908,253,420,420,https://restful-booker.herokuapp.com/booking/3740,146,0,0
1789684029480,149,CreateBooking,200,OK,Thread Group 1-367,text,true,,939,520,421,421,https://restful-booker.herokuapp.com/booking,149,0,0
1789684029481,148,CreateBooking,200,OK,Thread Group 1-426,text,true,,939,520,421,421,https://restful-booker.herokuapp.com/booking,148,0,0
1789684029148,487,Get Booking IDs,200,OK,Thread Group 1-164,text,true,,50890,248,422,422,https://restful-booker.herokuapp.com/booking,174,0,0
1789684029098,540,Get Booking IDs,200,OK,Thread Group 1-150,text,true,,50833,248,422,422,https://restful-booker.herokuapp.com/booking,234,0,0
1789684029492,147,Get Booking,200,OK,Thread Group 1-278,text,true,,912,253,422,422,https://restful-booker.herokuapp.com/booking/3756,147,0,0
1789684029491,148,Get Booking,200,OK,Thread Group 1-238,text,true,,910,253,422,422,https://restful-booker.herokuapp.com/booking/3746,148,0,0
1789684028958,681,Login,200,OK,Thread Group 1-466,text,true,,766,325,422,422,https://restful-booker.herokuapp.com/auth,681,0,536
1789684028822,817,Login,200,OK,Thread Group 1-433,text,true,,766,325,422,422,https://restful-booker.herokuapp.com/auth,817,0,670
1789684029497,143,CreateBooking,200,OK,Thread Group 1-344,text,true,,941,522,422,422,https://restful-booker.herokuapp.com/booking,143,0,0
1789684028822,823,Login,200,OK,Thread Group 1-405,text,true,,767,327,423,423,https://restful-booker.herokuapp.com/auth,823,0,675
1789684029113,535,Get Booking IDs,200,OK,Thread Group 1-144,text,true,,50852,248,423,423,https://restful-booker.herokuapp.com/booking,234,0,0
1789684029499,149,Get Booking,200,OK,Thread Group 1-294,text,true,,908,253,423,423,https://restful-booker.herokuapp.com/booking/3750,149,0,0
1789684029095,553,Get Booking IDs,200,OK,Thread Group 1-156,text,true,,50814,248,423,423,https://restful-booker.herokuapp.com/booking,237,0,0
1789684029171,482,Get Booking IDs,200,OK,Thread Group 1-171,text,true,,50947,248,423,423,https://restful-booker.herokuapp.com/booking,333,0,0
1789684029504,159,UpdateBooking - PUT,200,OK,Thread Group 1-64,text,true,,910,524,424,424,https://restful-booker.herokuapp.com/booking/3594,159,0,0
1789684028845,818,Login,200,OK,Thread Group 1-438,text,true,,766,325,424,424,https://restful-booker.herokuapp.com/auth,818,0,667
1789684029503,160,CreateBooking,200,OK,Thread Group 1-357,text,true,,940,521,424,424,https://restful-booker.herokuapp.com/booking,160,0,0
1789684028853,814,Login,200,OK,Thread Group 1-413,text,true,,766,325,425,425,https://restful-booker.herokuapp.com/auth,814,0,668
1789684028851,816,Login,200,OK,Thread Group 1-381,text,true,,766,325,425,425,https://restful-booker.herokuapp.com/auth,816,0,667
1789684029513,161,CreateBooking,200,OK,Thread Group 1-361,text,true,,939,520,426,426,https://restful-booker.herokuapp.com/booking,161,0,0
1789684029174,505,Get Booking IDs,200,OK,Thread Group 1-161,text,true,,50966,248,428,428,https://restful-booker.herokuapp.com/booking,344,0,0
1789684028843,836,Login,200,OK,Thread Group 1-390,text,true,,767,327,428,428,https://restful-booker.herokuapp.com/auth,836,0,681
1789684029143,538,Get Booking IDs,200,OK,Thread Group 1-181,text,true,,50890,248,427,427,https://restful-booker.herokuapp.com/booking,232,0,0
1789684028870,813,Login,200,OK,Thread Group 1-415,text,true,,767,327,426,426,https://restful-booker.herokuapp.com/auth,813,0,667
1789684028860,823,Login,200,OK,Thread Group 1-417,text,true,,766,325,426,426,https://restful-booker.herokuapp.com/auth,823,0,671
1789684029522,166,Get Booking,200,OK,Thread Group 1-240,text,true,,911,253,427,427,https://restful-booker.herokuapp.com/booking/3741,166,0,0
1789684029541,149,Get Booking,200,OK,Thread Group 1-264,text,true,,911,253,427,427,https://restful-booker.herokuapp.com/booking/3744,149,0,0
1789684028966,729,Login,200,OK,Thread Group 1-442,text,true,,766,325,428,428,https://restful-booker.herokuapp.com/auth,729,0,558
1789684028971,724,Login,200,OK,Thread Group 1-428,text,true,,766,325,428,428,https://restful-booker.herokuapp.com/auth,724,0,550
1789684029524,174,UpdateBooking - PUT,200,OK,Thread Group 1-57,text,true,,910,524,428,428,https://restful-booker.herokuapp.com/booking/3620,174,0,0
1789684029154,544,Get Booking IDs,200,OK,Thread Group 1-170,text,true,,50890,248,428,428,https://restful-booker.herokuapp.com/booking,392,0,0
1789684028882,816,Login,200,OK,Thread Group 1-440,text,true,,767,327,428,428,https://restful-booker.herokuapp.com/auth,816,0,664
1789684028867,832,Login,200,OK,Thread Group 1-425,text,true,,767,327,428,428,https://restful-booker.herokuapp.com/auth,832,0,683
1789684028976,725,Get Booking IDs,200,OK,Thread Group 1-141,text,true,,50624,248,427,427,https://restful-booker.herokuapp.com/booking,552,0,0
1789684029168,533,Get Booking IDs,200,OK,Thread Group 1-190,text,true,,50928,248,427,427,https://restful-booker.herokuapp.com/booking,223,0,0
1789684029554,151,Get Booking,200,OK,Thread Group 1-281,text,true,,911,253,427,427,https://restful-booker.herokuapp.com/booking/3769,151,0,0
1789684029535,172,CreateBooking,200,OK,Thread Group 1-364,text,true,,941,522,427,427,https://restful-booker.herokuapp.com/booking,172,0,0
1789684028990,717,Login,200,OK,Thread Group 1-446,text,true,,766,325,427,427,https://restful-booker.herokuapp.com/auth,717,0,547
1789684029561,149,Get Booking,200,OK,Thread Group 1-233,text,true,,912,253,428,428,https://restful-booker.herokuapp.com/booking/3751,149,0,0
1789684029565,147,CreateBooking,200,OK,Thread Group 1-311,text,true,,940,521,428,428,https://restful-booker.herokuapp.com/booking,147,0,0
1789684029567,147,CreateBooking,200,OK,Thread Group 1-378,text,true,,940,521,429,429,https://restful-booker.herokuapp.com/booking,147,0,0
1789684028916,802,Login,200,OK,Thread Group 1-453,text,true,,766,325,430,430,https://restful-booker.herokuapp.com/auth,802,0,659
1789684028916,804,Login,200,OK,Thread Group 1-411,text,true,,766,325,430,430,https://restful-booker.herokuapp.com/auth,804,0,659
1789684028993,729,Login,200,OK,Thread Group 1-461,text,true,,766,325,430,430,https://restful-booker.herokuapp.com/auth,729,0,551
1789684029004,721,Login,200,OK,Thread Group 1-470,text,true,,767,327,431,431,https://restful-booker.herokuapp.com/auth,721,0,545
1789684029004,721,Login,200,OK,Thread Group 1-430,text,true,,767,327,431,431,https://restful-booker.herokuapp.com/auth,721,0,545
1789684029553,174,CreateBooking,200,OK,Thread Group 1-374,text,true,,937,518,431,431,https://restful-booker.herokuapp.com/booking,174,0,0
1789684029209,520,Get Booking IDs,200,OK,Thread Group 1-127,text,true,,51042,248,432,432,https://restful-booker.herokuapp.com/booking,343,0,0
1789684029561,168,UpdateBooking - PUT,200,OK,Thread Group 1-77,text,true,,910,524,432,432,https://restful-booker.herokuapp.com/booking/3565,168,0,0
1789684029008,721,Login,200,OK,Thread Group 1-419,text,true,,766,325,432,432,https://restful-booker.herokuapp.com/auth,721,0,552
1789684029581,148,CreateBooking,200,OK,Thread Group 1-363,text,true,,941,522,432,432,https://restful-booker.herokuapp.com/booking,148,0,0
1789684029561,168,Get Booking,200,OK,Thread Group 1-267,text,true,,910,253,432,432,https://restful-booker.herokuapp.com/booking/3774,168,0,0
1789684028942,791,Login,200,OK,Thread Group 1-420,text,true,,767,327,431,431,https://restful-booker.herokuapp.com/auth,791,0,641
1789684029042,698,Login,200,OK,Thread Group 1-465,text,true,,767,327,433,433,https://restful-booker.herokuapp.com/auth,698,0,531
1789684029224,518,Get Booking IDs,200,OK,Thread Group 1-160,text,true,,51099,248,432,432,https://restful-booker.herokuapp.com/booking,366,0,0
1789684029592,150,Get Booking,200,OK,Thread Group 1-306,text,true,,908,253,432,432,https://restful-booker.herokuapp.com/booking/3755,150,0,0
1789684028965,777,Login,200,OK,Thread Group 1-416,text,true,,766,325,432,432,https://restful-booker.herokuapp.com/auth,777,0,630
1789684028551,1192,Login,200,OK,Thread Group 1-371,text,true,,766,325,431,431,https://restful-booker.herokuapp.com/auth,1192,0,1047
1789684028993,750,Login,200,OK,Thread Group 1-435,text,true,,767,327,431,431,https://restful-booker.herokuapp.com/auth,750,0,609
1789684029029,716,Login,200,OK,Thread Group 1-443,text,true,,766,325,431,431,https://restful-booker.herokuapp.com/auth,716,0,575
1789684029084,663,Login,200,OK,Thread Group 1-479,text,true,,766,325,431,431,https://restful-booker.herokuapp.com/auth,663,0,506
1789684029088,662,Login,200,OK,Thread Group 1-462,text,true,,766,325,431,431,https://restful-booker.herokuapp.com/auth,662,0,505
1789684029592,159,Get Booking,200,OK,Thread Group 1-318,text,true,,908,253,430,430,https://restful-booker.herokuapp.com/booking/3772,159,0,0
1789684029592,159,CreateBooking,200,OK,Thread Group 1-331,text,true,,940,521,430,430,https://restful-booker.herokuapp.com/booking,159,0,0
1789684029002,750,Login,200,OK,Thread Group 1-439,text,true,,766,325,430,430,https://restful-booker.herokuapp.com/auth,750,0,606
1789684029023,729,Login,200,OK,Thread Group 1-434,text,true,,766,325,430,430,https://restful-booker.herokuapp.com/auth,729,0,585
1789684029064,689,Login,200,OK,Thread Group 1-410,text,true,,767,327,430,430,https://restful-booker.herokuapp.com/auth,689,0,548
1789684029090,663,Login,200,OK,Thread Group 1-431,text,true,,766,325,429,429,https://restful-booker.herokuapp.com/auth,663,0,505
1789684029614,139,Get Booking,200,OK,Thread Group 1-308,text,true,,908,253,429,429,https://restful-booker.herokuapp.com/booking/3792,139,0,0
1789684029086,667,Login,200,OK,Thread Group 1-458,text,true,,766,325,429,429,https://restful-booker.herokuapp.com/auth,667,0,512
1789684028985,768,Login,200,OK,Thread Group 1-457,text,true,,766,325,429,429,https://restful-booker.herokuapp.com/auth,768,0,625
1789684029044,709,Login,200,OK,Thread Group 1-437,text,true,,766,325,429,429,https://restful-booker.herokuapp.com/auth,709,0,568
1789684029592,161,CreateBooking,200,OK,Thread Group 1-396,text,true,,941,522,429,429,https://restful-booker.herokuapp.com/booking,161,0,0
1789684029614,140,Get Booking,200,OK,Thread Group 1-314,text,true,,912,253,429,429,https://restful-booker.herokuapp.com/booking/3768,140,0,0
1789684029612,144,UpdateBooking - PATCH,200,OK,Thread Group 1-11,text,true,,910,333,430,430,https://restful-booker.herokuapp.com/booking/3559,144,0,0
1789684029596,160,CreateBooking,200,OK,Thread Group 1-400,text,true,,940,521,430,430,https://restful-booker.herokuapp.com/booking,160,0,0
1789684029621,141,CreateBooking,200,OK,Thread Group 1-340,text,true,,940,521,432,432,https://restful-booker.herokuapp.com/booking,141,0,0
1789684029096,668,Login,200,OK,Thread Group 1-454,text,true,,766,325,432,432,https://restful-booker.herokuapp.com/auth,668,0,506
1789684029322,445,Get Booking IDs,200,OK,Thread Group 1-168,text,true,,51270,248,433,433,https://restful-booker.herokuapp.com/booking,169,0,0
1789684029624,143,CreateBooking,200,OK,Thread Group 1-391,text,true,,940,521,433,433,https://restful-booker.herokuapp.com/booking,143,0,0
1789684029626,145,Get Booking,200,OK,Thread Group 1-301,text,true,,911,253,433,433,https://restful-booker.herokuapp.com/booking/3764,145,0,0
1789684029633,142,CreateBooking,200,OK,Thread Group 1-377,text,true,,939,520,434,434,https://restful-booker.herokuapp.com/booking,142,0,0
1789684029057,718,Login,200,OK,Thread Group 1-441,text,true,,766,325,434,434,https://restful-booker.herokuapp.com/auth,718,0,566
1789684029088,689,Login,200,OK,Thread Group 1-447,text,true,,766,325,434,434,https://restful-booker.herokuapp.com/auth,689,0,549
1789684029609,169,CreateBooking,200,OK,Thread Group 1-386,text,true,,937,518,434,434,https://restful-booker.herokuapp.com/booking,168,0,0
1789684029613,167,UpdateBooking - PUT,200,OK,Thread Group 1-151,text,true,,910,524,435,435,https://restful-booker.herokuapp.com/booking/3638,167,0,0
1789684029104,676,Login,200,OK,Thread Group 1-429,text,true,,766,325,435,435,https://restful-booker.herokuapp.com/auth,676,0,511
1789684029616,167,Get Booking,200,OK,Thread Group 1-326,text,true,,912,253,434,434,https://restful-booker.herokuapp.com/booking/3773,167,0,0
1789684029617,166,CreateBooking,200,OK,Thread Group 1-384,text,true,,940,521,434,434,https://restful-booker.herokuapp.com/booking,166,0,0
1789684029619,169,Get Booking,200,OK,Thread Group 1-300,text,true,,908,253,435,435,https://restful-booker.herokuapp.com/booking/3771,169,0,0
1789684029123,665,Login,200,OK,Thread Group 1-444,text,true,,766,325,435,435,https://restful-booker.herokuapp.com/auth,665,0,496
1789684029299,493,Get Booking IDs,200,OK,Thread Group 1-184,text,true,,51213,248,436,436,https://restful-booker.herokuapp.com/booking,175,0,0
1789684029654,145,Get Booking,200,OK,Thread Group 1-287,text,true,,911,253,438,438,https://restful-booker.herokuapp.com/booking/3794,145,0,0
1789684029353,449,Get Booking IDs,200,OK,Thread Group 1-198,text,true,,51327,248,438,438,https://restful-booker.herokuapp.com/booking,162,0,0
1789684029666,138,Get Booking,200,OK,Thread Group 1-307,text,true,,910,253,438,438,https://restful-booker.herokuapp.com/booking/3781,138,0,0
1789684029664,140,Get Booking,200,OK,Thread Group 1-323,text,true,,912,253,438,438,https://restful-booker.herokuapp.com/booking/3785,140,0,0
1789684029115,689,Login,200,OK,Thread Group 1-477,text,true,,766,325,438,438,https://restful-booker.herokuapp.com/auth,689,0,552
1789684029368,443,Get Booking IDs,200,OK,Thread Group 1-216,text,true,,51346,248,440,440,https://restful-booker.herokuapp.com/booking,161,0,0
1789684029666,145,Get Booking,200,OK,Thread Group 1-283,text,true,,911,253,440,440,https://restful-booker.herokuapp.com/booking/3778,145,0,0
1789684029146,668,Login,200,OK,Thread Group 1-459,text,true,,766,325,439,439,https://restful-booker.herokuapp.com/auth,668,0,490
1789684028647,1169,Login,200,OK,Thread Group 1-389,text,true,,766,325,439,439,https://restful-booker.herokuapp.com/auth,1169,0,992
1789684029643,173,CreateBooking,200,OK,Thread Group 1-354,text,true,,939,520,439,439,https://restful-booker.herokuapp.com/booking,173,0,0
1789684029636,181,Get Booking,200,OK,Thread Group 1-321,text,true,,910,253,439,439,https://restful-booker.herokuapp.com/booking/3790,181,0,0
1789684029331,488,Get Booking IDs,200,OK,Thread Group 1-180,text,true,,51308,248,438,438,https://restful-booker.herokuapp.com/booking,312,0,0
1789684029686,139,CreateBooking,200,OK,Thread Group 1-366,text,true,,940,521,438,438,https://restful-booker.herokuapp.com/booking,139,0,0
1789684029142,683,Login,200,OK,Thread Group 1-436,text,true,,766,325,438,438,https://restful-booker.herokuapp.com/auth,683,0,546
1789684029689,140,UpdateBooking - PUT,200,OK,Thread Group 1-117,text,true,,910,524,439,439,https://restful-booker.herokuapp.com/booking/3646,140,0,0
1789684029694,135,Get Booking,200,OK,Thread Group 1-310,text,true,,908,253,439,439,https://restful-booker.herokuapp.com/booking/3763,135,0,0
1789684029377,454,Get Booking IDs,200,OK,Thread Group 1-148,text,true,,51365,248,440,440,https://restful-booker.herokuapp.com/booking,166,0,0
1789684029708,136,UpdateBooking - PATCH,200,OK,Thread Group 1-9,text,true,,910,333,442,442,https://restful-booker.herokuapp.com/booking/3550,136,0,0
1789684029707,137,Get Booking,200,OK,Thread Group 1-334,text,true,,912,253,442,442,https://restful-booker.herokuapp.com/booking/3791,137,0,0
1789684029707,137,Get Booking,200,OK,Thread Group 1-288,text,true,,911,253,442,442,https://restful-booker.herokuapp.com/booking/3776,137,0,0
1789684029707,139,Get Booking,200,OK,Thread Group 1-268,text,true,,908,253,442,442,https://restful-booker.herokuapp.com/booking/3765,139,0,0
1789684029349,499,Get Booking IDs,200,OK,Thread Group 1-201,text,true,,51327,248,442,442,https://restful-booker.herokuapp.com/booking,165,0,0
1789684029174,677,Login,200,OK,Thread Group 1-460,text,true,,767,327,442,442,https://restful-booker.herokuapp.com/auth,677,0,542
1789684029717,136,Get Booking,200,OK,Thread Group 1-316,text,true,,911,253,442,442,https://restful-booker.herokuapp.com/booking/3783,136,0,0
1789684029675,182,Get Booking,200,OK,Thread Group 1-290,text,true,,911,253,443,443,https://restful-booker.herokuapp.com/booking/3762,182,0,0
1789684029175,682,Login,200,OK,Thread Group 1-451,text,true,,766,325,443,443,https://restful-booker.herokuapp.com/auth,682,0,501
1789684029162,700,Login,200,OK,Thread Group 1-450,text,true,,767,327,444,444,https://restful-booker.herokuapp.com/auth,700,0,554
1789684029180,685,Login,200,OK,Thread Group 1-452,text,true,,766,325,445,445,https://restful-booker.herokuapp.com/auth,685,0,542
1789684029362,510,Get Booking IDs,200,OK,Thread Group 1-186,text,true,,51327,248,445,445,https://restful-booker.herokuapp.com/booking,162,0,0
1789684029417,456,Get Booking IDs,200,OK,Thread Group 1-208,text,true,,51441,248,445,445,https://restful-booker.herokuapp.com/booking,308,0,0
1789684028566,1308,Get Booking IDs,200,OK,Thread Group 1-23,text,true,,49617,248,445,445,https://restful-booker.herokuapp.com/booking,154,0,0
1789684029728,146,CreateBooking,200,OK,Thread Group 1-370,text,true,,943,520,445,445,https://restful-booker.herokuapp.com/booking,146,0,0
1789684029681,192,CreateBooking,200,OK,Thread Group 1-393,text,true,,940,521,445,445,https://restful-booker.herokuapp.com/booking,192,0,0
1789684029184,690,Login,200,OK,Thread Group 1-455,text,true,,767,327,445,445,https://restful-booker.herokuapp.com/auth,690,0,541
1789684029736,140,UpdateBooking - PUT,200,OK,Thread Group 1-24,text,true,,914,524,443,443,https://restful-booker.herokuapp.com/booking/3576,140,0,0
1789684029728,148,CreateBooking,200,OK,Thread Group 1-333,text,true,,944,521,443,443,https://restful-booker.herokuapp.com/booking,148,0,0
1789684029210,667,Login,200,OK,Thread Group 1-471,text,true,,770,325,443,443,https://restful-booker.herokuapp.com/auth,667,0,525
1789684029215,662,Login,200,OK,Thread Group 1-489,text,true,,770,325,443,443,https://restful-booker.herokuapp.com/auth,662,0,520
1789684029217,660,Login,200,OK,Thread Group 1-522,text,true,,770,325,443,443,https://restful-booker.herokuapp.com/auth,660,0,521
1789684029209,668,Login,200,OK,Thread Group 1-449,text,true,,770,325,443,443,https://restful-booker.herokuapp.com/auth,668,0,529
1789684029736,144,Get Booking,200,OK,Thread Group 1-338,text,true,,915,253,440,440,https://restful-booker.herokuapp.com/booking/3779,144,0,0
1789684029238,642,Login,200,OK,Thread Group 1-475,text,true,,771,327,440,440,https://restful-booker.herokuapp.com/auth,642,0,505
1789684028704,1179,Login,200,OK,Thread Group 1-376,text,true,,770,325,440,440,https://restful-booker.herokuapp.com/auth,1179,0,1038
1789684029362,525,Get Booking IDs,200,OK,Thread Group 1-197,text,true,,51327,248,441,441,https://restful-booker.herokuapp.com/booking,169,0,0
1789684029252,635,Login,200,OK,Thread Group 1-472,text,true,,770,325,441,441,https://restful-booker.herokuapp.com/auth,635,0,495
1789684029267,625,Login,200,OK,Thread Group 1-485,text,true,,771,327,440,440,https://restful-booker.herokuapp.com/auth,625,0,484
1789684029258,636,Login,200,OK,Thread Group 1-448,text,true,,770,325,439,439,https://restful-booker.herokuapp.com/auth,636,0,495
1789684029481,415,Get Booking IDs,200,OK,Thread Group 1-177,text,true,,51498,248,440,440,https://restful-booker.herokuapp.com/booking,142,0,0
1789684029755,141,UpdateBooking - PATCH,200,OK,Thread Group 1-17,text,true,,914,333,440,440,https://restful-booker.herokuapp.com/booking/3573,141,0,0
1789684029371,526,Get Booking IDs,200,OK,Thread Group 1-193,text,true,,51346,248,440,440,https://restful-booker.herokuapp.com/booking,169,0,0
1789684029759,138,CreateBooking,200,OK,Thread Group 1-413,text,true,,943,520,440,440,https://restful-booker.herokuapp.com/booking,138,0,0
1789684029760,137,CreateBooking,200,OK,Thread Group 1-350,text,true,,943,520,440,440,https://restful-booker.herokuapp.com/booking,137,0,0
1789684029186,719,Login,200,OK,Thread Group 1-469,text,true,,766,325,441,441,https://restful-booker.herokuapp.com/auth,719,0,528
1789684029186,719,Login,200,OK,Thread Group 1-481,text,true,,766,325,441,441,https://restful-booker.herokuapp.com/auth,719,0,528
1789684029298,611,Login,200,OK,Thread Group 1-495,text,true,,771,327,441,441,https://restful-booker.herokuapp.com/auth,611,0,469
1789684029771,144,Get Booking,200,OK,Thread Group 1-320,text,true,,915,253,441,441,https://restful-booker.herokuapp.com/booking/3797,144,0,0
1789684029289,626,Login,200,OK,Thread Group 1-486,text,true,,770,325,441,441,https://restful-booker.herokuapp.com/auth,626,0,478
1789684029295,620,Login,200,OK,Thread Group 1-497,text,true,,770,325,441,441,https://restful-booker.herokuapp.com/auth,620,0,476
1789684029374,541,Get Booking IDs,200,OK,Thread Group 1-200,text,true,,51365,248,441,441,https://restful-booker.herokuapp.com/booking,340,0,0
1789684029286,629,Login,200,OK,Thread Group 1-491,text,true,,770,325,441,441,https://restful-booker.herokuapp.com/auth,629,0,481
1789684029773,145,Get Booking,200,OK,Thread Group 1-317,text,true,,915,253,440,440,https://restful-booker.herokuapp.com/booking/3787,145,0,0
1789684029309,609,Login,200,OK,Thread Group 1-493,text,true,,770,325,440,440,https://restful-booker.herokuapp.com/auth,609,0,466
1789684029207,714,Login,200,OK,Thread Group 1-474,text,true,,770,325,440,440,https://restful-booker.herokuapp.com/auth,714,0,524
1789684029726,195,CreateBooking,200,OK,Thread Group 1-373,text,true,,945,522,440,440,https://restful-booker.herokuapp.com/booking,195,0,0
1789684029398,526,Get Booking IDs,200,OK,Thread Group 1-236,text,true,,51441,248,442,442,https://restful-booker.herokuapp.com/booking,335,0,0
1789684029780,144,CreateBooking,200,OK,Thread Group 1-404,text,true,,945,522,442,442,https://restful-booker.herokuapp.com/booking,144,0,0
1789684029781,147,Get Booking,200,OK,Thread Group 1-328,text,true,,914,253,441,441,https://restful-booker.herokuapp.com/booking/3777,147,0,0
1789684029207,724,Login,200,OK,Thread Group 1-482,text,true,,770,325,442,442,https://restful-booker.herokuapp.com/auth,724,0,524
1789684029405,527,Get Booking IDs,200,OK,Thread Group 1-158,text,true,,51441,248,442,442,https://restful-booker.herokuapp.com/booking,168,0,0
1789684029194,739,Login,200,OK,Thread Group 1-496,text,true,,770,325,442,442,https://restful-booker.herokuapp.com/auth,739,0,544
1789684029217,716,Login,200,OK,Thread Group 1-478,text,true,,770,325,442,442,https://restful-booker.herokuapp.com/auth,716,0,523
1789684029744,189,UpdateBooking - PATCH,200,OK,Thread Group 1-31,text,true,,914,333,442,442,https://restful-booker.herokuapp.com/booking/3574,189,0,0
1789684029738,195,CreateBooking,200,OK,Thread Group 1-347,text,true,,941,518,442,442,https://restful-booker.herokuapp.com/booking,195,0,0
1789684029305,628,Login,200,OK,Thread Group 1-473,text,true,,770,325,442,442,https://restful-booker.herokuapp.com/auth,628,0,475
1789684029322,611,Login,200,OK,Thread Group 1-467,text,true,,770,325,441,441,https://restful-booker.herokuapp.com/auth,611,0,461
1789684029328,608,Login,200,OK,Thread Group 1-506,text,true,,770,325,441,441,https://restful-booker.herokuapp.com/auth,608,0,456
1789684029787,149,UpdateBooking - PUT,200,OK,Thread Group 1-190,text,true,,914,524,441,441,https://restful-booker.herokuapp.com/booking/3678,149,0,0
1789684029244,692,Login,200,OK,Thread Group 1-463,text,true,,770,325,441,441,https://restful-booker.herokuapp.com/auth,692,0,503
1789684029503,433,Get Booking IDs,200,OK,Thread Group 1-173,text,true,,51555,248,441,441,https://restful-booker.herokuapp.com/booking,146,0,0
1789684029245,693,Login,200,OK,Thread Group 1-480,text,true,,771,327,442,442,https://restful-booker.herokuapp.com/auth,693,0,502
1789684029236,702,Login,200,OK,Thread Group 1-512,text,true,,770,325,442,442,https://restful-booker.herokuapp.com/auth,702,0,511
1789684029506,434,Get Booking IDs,200,OK,Thread Group 1-166,text,true,,51555,248,441,441,https://restful-booker.herokuapp.com/booking,147,0,0
1789684029794,146,UpdateBooking - PUT,200,OK,Thread Group 1-111,text,true,,914,524,441,441,https://restful-booker.herokuapp.com/booking/3644,146,0,0
1789684029436,504,Get Booking IDs,200,OK,Thread Group 1-147,text,true,,51441,248,441,441,https://restful-booker.herokuapp.com/booking,160,0,0
1789684029447,497,Get Booking IDs,200,OK,Thread Group 1-178,text,true,,51460,248,440,440,https://restful-booker.herokuapp.com/booking,156,0,0
1789684029346,601,Login,200,OK,Thread Group 1-484,text,true,,770,325,440,440,https://restful-booker.herokuapp.com/auth,601,0,458
1789684029803,145,UpdateBooking - PATCH,200,OK,Thread Group 1-44,text,true,,914,333,440,440,https://restful-booker.herokuapp.com/booking/3560,145,0,0
1789684029338,611,Login,200,OK,Thread Group 1-510,text,true,,771,327,440,440,https://restful-booker.herokuapp.com/auth,611,0,466
1789684029805,146,CreateBooking,200,OK,Thread Group 1-343,text,true,,941,518,441,441,https://restful-booker.herokuapp.com/booking,146,0,0
1789684029810,141,CreateBooking,200,OK,Thread Group 1-401,text,true,,945,522,441,441,https://restful-booker.herokuapp.com/booking,141,0,0
1789684029360,595,Login,200,OK,Thread Group 1-487,text,true,,770,325,442,442,https://restful-booker.herokuapp.com/auth,595,0,452
1789684029363,592,Login,200,OK,Thread Group 1-490,text,true,,771,327,442,442,https://restful-booker.herokuapp.com/auth,592,0,451
1789684029361,596,Login,200,OK,Thread Group 1-514,text,true,,770,325,442,442,https://restful-booker.herokuapp.com/auth,596,0,453
1789684029272,687,Login,200,OK,Thread Group 1-476,text,true,,770,325,443,443,https://restful-booker.herokuapp.com/auth,687,0,492
1789684029819,142,UpdateBooking - PUT,200,OK,Thread Group 1-91,text,true,,914,524,443,443,https://restful-booker.herokuapp.com/booking/3624,142,0,0
1789684029370,591,Login,200,OK,Thread Group 1-535,text,true,,771,327,443,443,https://restful-booker.herokuapp.com/auth,591,0,452
1789684029819,144,CreateBooking,200,OK,Thread Group 1-358,text,true,,945,522,443,443,https://restful-booker.herokuapp.com/booking,144,0,0
1789684029821,142,CreateBooking,200,OK,Thread Group 1-353,text,true,,941,518,443,443,https://restful-booker.herokuapp.com/booking,142,0,0
1789684029447,520,Get Booking IDs,200,OK,Thread Group 1-231,text,true,,51460,248,444,444,https://restful-booker.herokuapp.com/booking,323,0,0
1789684029361,606,Login,200,OK,Thread Group 1-502,text,true,,770,325,444,444,https://restful-booker.herokuapp.com/auth,606,0,464
1789684029773,194,CreateBooking,200,OK,Thread Group 1-407,text,true,,941,518,444,444,https://restful-booker.herokuapp.com/booking,194,0,0
1789684029821,146,CreateBooking,200,OK,Thread Group 1-336,text,true,,944,521,444,444,https://restful-booker.herokuapp.com/booking,146,0,0
1789684029279,689,Login,200,OK,Thread Group 1-483,text,true,,770,325,443,443,https://restful-booker.herokuapp.com/auth,689,0,499
1789684029779,195,CreateBooking,200,OK,Thread Group 1-427,text,true,,944,521,444,444,https://restful-booker.herokuapp.com/booking,195,0,0
1789684029779,195,CreateBooking,200,OK,Thread Group 1-418,text,true,,944,521,444,444,https://restful-booker.herokuapp.com/booking,195,0,0
1789684029271,703,Login,200,OK,Thread Group 1-456,text,true,,770,325,444,444,https://restful-booker.herokuapp.com/auth,703,0,507
1789684029836,138,Get Booking,200,OK,Thread Group 1-337,text,true,,914,253,444,444,https://restful-booker.herokuapp.com/booking/3802,138,0,0
1789684029284,690,Login,200,OK,Thread Group 1-517,text,true,,770,325,444,444,https://restful-booker.herokuapp.com/auth,690,0,499
1789684029784,196,UpdateBooking - PUT,200,OK,Thread Group 1-131,text,true,,914,524,446,446,https://restful-booker.herokuapp.com/booking/3656,196,0,0
1789684029385,595,Login,200,OK,Thread Group 1-492,text,true,,770,325,446,446,https://restful-booker.herokuapp.com/auth,595,0,455
1789684029389,599,Login,200,OK,Thread Group 1-501,text,true,,770,325,447,447,https://restful-booker.herokuapp.com/auth,599,0,458
1789684029389,599,Login,200,OK,Thread Group 1-504,text,true,,770,325,447,447,https://restful-booker.herokuapp.com/auth,599,0,458
1789684029279,710,Login,200,OK,Thread Group 1-498,text,true,,770,325,447,447,https://restful-booker.herokuapp.com/auth,710,0,509
1789684029476,513,Get Booking IDs,200,OK,Thread Group 1-270,text,true,,51479,248,447,447,https://restful-booker.herokuapp.com/booking,316,0,0
1789684029849,146,Get Booking,200,OK,Thread Group 1-356,text,true,,912,253,448,448,https://restful-booker.herokuapp.com/booking/3795,146,0,0
1789684029852,143,CreateBooking,200,OK,Thread Group 1-398,text,true,,941,518,448,448,https://restful-booker.herokuapp.com/booking,143,0,0
1789684029483,513,Get Booking IDs,200,OK,Thread Group 1-220,text,true,,51517,248,448,448,https://restful-booker.herokuapp.com/booking,147,0,0
1789684029797,200,DeleteBooking,200,OK,Thread Group 1-71,text,true,,914,253,448,448,https://restful-booker.herokuapp.com/booking/3556,200,0,0
1789684029800,196,CreateBooking,200,OK,Thread Group 1-387,text,true,,945,522,448,448,https://restful-booker.herokuapp.com/booking,196,0,0
1789684029801,196,Get Booking,200,OK,Thread Group 1-348,text,true,,915,253,448,448,https://restful-booker.herokuapp.com/booking/3780,196,0,0
1789684029577,420,Get Booking IDs,200,OK,Thread Group 1-248,text,true,,51650,248,446,446,https://restful-booker.herokuapp.com/booking,145,0,0
1789684029809,191,UpdateBooking - PATCH,200,OK,Thread Group 1-84,text,true,,914,333,446,446,https://restful-booker.herokuapp.com/booking/3600,191,0,0
1789684029808,192,CreateBooking,200,OK,Thread Group 1-424,text,true,,944,521,446,446,https://restful-booker.herokuapp.com/booking,192,0,0
1789684029486,515,Get Booking IDs,200,OK,Thread Group 1-172,text,true,,51517,248,446,446,https://restful-booker.herokuapp.com/booking,150,0,0
1789684029330,671,Login,200,OK,Thread Group 1-500,text,true,,771,327,446,446,https://restful-booker.herokuapp.com/auth,671,0,486
1789684029812,192,Get Booking,200,OK,Thread Group 1-330,text,true,,916,253,446,446,https://restful-booker.herokuapp.com/booking/3796,192,0,0
1789684029499,508,Get Booking IDs,200,OK,Thread Group 1-224,text,true,,51536,248,447,447,https://restful-booker.herokuapp.com/booking,147,0,0
1789684029861,147,Get Booking,200,OK,Thread Group 1-313,text,true,,916,253,447,447,https://restful-booker.herokuapp.com/booking/3782,147,0,0
1789684029866,144,CreateBooking,200,OK,Thread Group 1-434,text,true,,945,522,447,447,https://restful-booker.herokuapp.com/booking,144,0,0
1789684029864,146,CreateBooking,200,OK,Thread Group 1-360,text,true,,945,522,447,447,https://restful-booker.herokuapp.com/booking,146,0,0
1789684029417,594,Login,200,OK,Thread Group 1-539,text,true,,770,325,448,448,https://restful-booker.herokuapp.com/auth,594,0,457
1789684029877,140,Get Booking,200,OK,Thread Group 1-297,text,true,,914,253,448,448,https://restful-booker.herokuapp.com/booking/3784,140,0,0
1789684029829,191,Get Booking,200,OK,Thread Group 1-426,text,true,,914,253,449,449,https://restful-booker.herokuapp.com/booking/3804,191,0,0
1789684029411,609,Login,200,OK,Thread Group 1-541,text,true,,770,325,449,449,https://restful-booker.herokuapp.com/auth,609,0,465
1789684029424,596,Login,200,OK,Thread Group 1-511,text,true,,770,325,449,449,https://restful-booker.herokuapp.com/auth,596,0,456
1789684029438,582,Login,200,OK,Thread Group 1-550,text,true,,771,327,449,449,https://restful-booker.herokuapp.com/auth,582,0,445
1789684029424,596,Login,200,OK,Thread Group 1-520,text,true,,771,327,449,449,https://restful-booker.herokuapp.com/auth,596,0,456
1789684029831,190,CreateBooking,200,OK,Thread Group 1-408,text,true,,941,518,449,449,https://restful-booker.herokuapp.com/booking,190,0,0
1789684029881,140,UpdateBooking - PUT,200,OK,Thread Group 1-144,text,true,,914,524,449,449,https://restful-booker.herokuapp.com/booking/3663,140,0,0
1789684029879,142,Get Booking,200,OK,Thread Group 1-341,text,true,,915,253,449,449,https://restful-booker.herokuapp.com/booking/3789,142,0,0
1789684029499,523,Get Booking IDs,200,OK,Thread Group 1-196,text,true,,51536,248,449,449,https://restful-booker.herokuapp.com/booking,155,0,0
1789684029501,521,Get Booking IDs,200,OK,Thread Group 1-221,text,true,,51536,248,449,449,https://restful-booker.herokuapp.com/booking,158,0,0
1789684029833,189,CreateBooking,200,OK,Thread Group 1-380,text,true,,941,518,449,449,https://restful-booker.herokuapp.com/booking,189,0,0
1789684029836,190,CreateBooking,200,OK,Thread Group 1-406,text,true,,943,520,448,448,https://restful-booker.herokuapp.com/booking,190,0,0
1789684029513,527,Get Booking IDs,200,OK,Thread Group 1-286,text,true,,51555,248,451,451,https://restful-booker.herokuapp.com/booking,337,0,0
1789684029851,189,Get Booking,200,OK,Thread Group 1-351,text,true,,914,253,451,451,https://restful-booker.herokuapp.com/booking/3801,189,0,0
1789684029898,145,Get Booking,200,OK,Thread Group 1-324,text,true,,915,253,451,451,https://restful-booker.herokuapp.com/booking/3775,145,0,0
1789684029901,152,CreateBooking,200,OK,Thread Group 1-433,text,true,,941,518,453,453,https://restful-booker.herokuapp.com/booking,152,0,0
1789684029624,431,Get Booking IDs,200,OK,Thread Group 1-274,text,true,,51802,248,454,454,https://restful-booker.herokuapp.com/booking,279,0,0
1789684029861,194,CreateBooking,200,OK,Thread Group 1-388,text,true,,944,521,454,454,https://restful-booker.herokuapp.com/booking,194,0,0
1789684029868,191,Get Booking,200,OK,Thread Group 1-374,text,true,,912,253,454,454,https://restful-booker.herokuapp.com/booking/3809,191,0,0
1789684029906,153,DeleteBooking,200,OK,Thread Group 1-11,text,true,,914,253,454,454,https://restful-booker.herokuapp.com/booking/3559,153,0,0
1789684029524,541,Get Booking IDs,200,OK,Thread Group 1-217,text,true,,51574,248,454,454,https://restful-booker.herokuapp.com/booking,349,0,0
1789684029353,713,Login,200,OK,Thread Group 1-503,text,true,,770,325,454,454,https://restful-booker.herokuapp.com/auth,713,0,519
1789684029875,196,Get Booking,200,OK,Thread Group 1-304,text,true,,912,253,455,455,https://restful-booker.herokuapp.com/booking/3786,196,0,0
1789684029913,158,CreateBooking,200,OK,Thread Group 1-438,text,true,,944,521,455,455,https://restful-booker.herokuapp.com/booking,158,0,0
1789684029879,197,CreateBooking,200,OK,Thread Group 1-454,text,true,,944,521,457,457,https://restful-booker.herokuapp.com/booking,197,0,0
1789684029914,166,CreateBooking,200,OK,Thread Group 1-381,text,true,,945,522,457,457,https://restful-booker.herokuapp.com/booking,166,0,0
1789684029883,200,Get Booking,200,OK,Thread Group 1-367,text,true,,914,253,458,458,https://restful-booker.herokuapp.com/booking/3803,200,0,0
1789684029530,557,Get Booking IDs,200,OK,Thread Group 1-183,text,true,,51574,248,459,459,https://restful-booker.herokuapp.com/booking,173,0,0
1789684029893,201,Get Booking,200,OK,Thread Group 1-291,text,true,,915,253,459,459,https://restful-booker.herokuapp.com/booking/3788,201,0,0
1789684029484,611,Login,200,OK,Thread Group 1-509,text,true,,770,325,459,459,https://restful-booker.herokuapp.com/auth,611,0,437
1789684029542,555,Get Booking IDs,200,OK,Thread Group 1-244,text,true,,51593,248,459,459,https://restful-booker.herokuapp.com/booking,170,0,0
1789684029495,604,Login,200,OK,Thread Group 1-526,text,true,,770,325,460,460,https://restful-booker.herokuapp.com/auth,604,0,429
1789684029922,177,CreateBooking,200,OK,Thread Group 1-394,text,true,,944,521,460,460,https://restful-booker.herokuapp.com/booking,177,0,0
1789684029892,208,UpdateBooking - PATCH,200,OK,Thread Group 1-104,text,true,,914,333,460,460,https://restful-booker.herokuapp.com/booking/3634,208,0,0
1789684029467,633,Login,200,OK,Thread Group 1-529,text,true,,770,325,460,460,https://restful-booker.herokuapp.com/auth,633,0,451
1789684029545,560,Get Booking IDs,200,OK,Thread Group 1-191,text,true,,51593,248,460,460,https://restful-booker.herokuapp.com/booking,173,0,0
1789684029898,207,CreateBooking,200,OK,Thread Group 1-383,text,true,,941,518,460,460,https://restful-booker.herokuapp.com/booking,207,0,0
1789684029910,198,CreateBooking,200,OK,Thread Group 1-368,text,true,,944,521,460,460,https://restful-booker.herokuapp.com/booking,198,0,0
1789684029495,613,Login,200,OK,Thread Group 1-533,text,true,,770,325,460,460,https://restful-booker.herokuapp.com/auth,613,0,433
1789684029484,632,Login,200,OK,Thread Group 1-528,text,true,,770,325,462,462,https://restful-booker.herokuapp.com/auth,632,0,444
1789684029935,182,CreateBooking,200,OK,Thread Group 1-371,text,true,,944,521,462,462,https://restful-booker.herokuapp.com/booking,182,0,0
1789684029914,204,CreateBooking,200,OK,Thread Group 1-346,text,true,,943,520,462,462,https://restful-booker.herokuapp.com/booking,204,0,0
1789684029505,620,Login,200,OK,Thread Group 1-516,text,true,,770,325,464,464,https://restful-booker.herokuapp.com/auth,620,0,435
1789684029936,191,CreateBooking,200,OK,Thread Group 1-417,text,true,,941,518,464,464,https://restful-booker.herokuapp.com/booking,191,0,0
1789684029689,445,Get Booking IDs,200,OK,Thread Group 1-226,text,true,,51916,248,466,466,https://restful-booker.herokuapp.com/booking,270,0,0
1789684029925,209,CreateBooking,200,OK,Thread Group 1-446,text,true,,945,522,466,466,https://restful-booker.herokuapp.com/booking,209,0,0
1789684029929,205,UpdateBooking - PUT,200,OK,Thread Group 1-157,text,true,,914,524,466,466,https://restful-booker.herokuapp.com/booking/3647,205,0,0
1789684029520,615,Login,200,OK,Thread Group 1-523,text,true,,770,325,466,466,https://restful-booker.herokuapp.com/auth,615,0,431
1789684029523,612,Login,200,OK,Thread Group 1-527,text,true,,770,325,466,466,https://restful-booker.herokuapp.com/auth,612,0,436
1789684029516,619,Login,200,OK,Thread Group 1-540,text,true,,771,327,465,465,https://restful-booker.herokuapp.com/auth,619,0,443
1789684029970,167,Get Booking,200,OK,Thread Group 1-344,text,true,,916,253,465,465,https://restful-booker.herokuapp.com/booking/3805,167,0,0
1789684029393,744,Login,200,OK,Thread Group 1-508,text,true,,770,325,465,465,https://restful-booker.herokuapp.com/auth,744,0,535
1789684029966,171,UpdateBooking - PATCH,200,OK,Thread Group 1-137,text,true,,914,333,465,465,https://restful-booker.herokuapp.com/booking/3636,171,0,0
1789684029533,604,Login,200,OK,Thread Group 1-593,text,true,,770,325,465,465,https://restful-booker.herokuapp.com/auth,604,0,434
1789684028913,1225,Get Booking IDs,200,OK,Thread Group 1-167,text,true,,50491,248,466,466,https://restful-booker.herokuapp.com/booking,646,0,0
1789684029384,754,Login,200,OK,Thread Group 1-507,text,true,,770,325,466,466,https://restful-booker.herokuapp.com/auth,754,0,544
1789684029925,214,CreateBooking,200,OK,Thread Group 1-428,text,true,,944,521,466,466,https://restful-booker.herokuapp.com/booking,214,0,0
1789684029933,208,CreateBooking,200,OK,Thread Group 1-458,text,true,,944,521,465,465,https://restful-booker.herokuapp.com/booking,208,0,0
1789684029976,165,UpdateBooking - PUT,200,OK,Thread Group 1-51,text,true,,914,524,465,465,https://restful-booker.herokuapp.com/booking/3579,165,0,0
1789684029929,212,UpdateBooking - PUT,200,OK,Thread Group 1-164,text,true,,914,524,465,465,https://restful-booker.herokuapp.com/booking/3693,212,0,0
1789684029399,742,Login,200,OK,Thread Group 1-468,text,true,,770,325,465,465,https://restful-booker.herokuapp.com/auth,742,0,534
1789684029977,165,CreateBooking,200,OK,Thread Group 1-397,text,true,,944,521,466,466,https://restful-booker.herokuapp.com/booking,165,0,0
1789684029939,207,UpdateBooking - PATCH,200,OK,Thread Group 1-64,text,true,,914,333,466,466,https://restful-booker.herokuapp.com/booking/3594,207,0,0
1789684029408,738,Login,200,OK,Thread Group 1-538,text,true,,770,325,466,466,https://restful-booker.herokuapp.com/auth,738,0,532
1789684029941,205,CreateBooking,200,OK,Thread Group 1-403,text,true,,944,521,466,466,https://restful-booker.herokuapp.com/booking,205,0,0
1789684029704,445,Get Booking IDs,200,OK,Thread Group 1-207,text,true,,51935,248,467,467,https://restful-booker.herokuapp.com/booking,137,0,0
1789684029941,208,UpdateBooking - PATCH,200,OK,Thread Group 1-97,text,true,,914,333,467,467,https://restful-booker.herokuapp.com/booking/3582,208,0,0
1789684029548,601,Login,200,OK,Thread Group 1-531,text,true,,770,325,467,467,https://restful-booker.herokuapp.com/auth,601,0,432
1789684029602,551,Get Booking IDs,200,OK,Thread Group 1-234,text,true,,51726,248,467,467,https://restful-booker.herokuapp.com/booking,159,0,0
1789684029399,754,Login,200,OK,Thread Group 1-534,text,true,,770,325,467,467,https://restful-booker.herokuapp.com/auth,754,0,546
1789684029948,209,CreateBooking,200,OK,Thread Group 1-421,text,true,,945,522,467,467,https://restful-booker.herokuapp.com/booking,209,0,0
1789684029992,169,Get Booking,200,OK,Thread Group 1-377,text,true,,914,253,468,468,https://restful-booker.herokuapp.com/booking/3821,169,0,0
1789684029992,169,CreateBooking,200,OK,Thread Group 1-440,text,true,,943,520,468,468,https://restful-booker.herokuapp.com/booking,169,0,0
1789684029997,166,Get Booking,200,OK,Thread Group 1-391,text,true,,915,253,468,468,https://restful-booker.herokuapp.com/booking/3820,166,0,0
1789684029998,165,CreateBooking,200,OK,Thread Group 1-436,text,true,,944,521,468,468,https://restful-booker.herokuapp.com/booking,165,0,0
1789684029721,446,Get Booking IDs,200,OK,Thread Group 1-243,text,true,,51935,248,469,469,https://restful-booker.herokuapp.com/booking,141,0,0
1789684029603,566,Get Booking IDs,200,OK,Thread Group 1-247,text,true,,51726,248,469,469,https://restful-booker.herokuapp.com/booking,162,0,0
1789684029443,727,Login,200,OK,Thread Group 1-519,text,true,,770,325,468,468,https://restful-booker.herokuapp.com/auth,727,0,520
1789684030013,161,Get Booking,200,OK,Thread Group 1-363,text,true,,916,253,468,468,https://restful-booker.herokuapp.com/booking/3812,161,0,0
1789684030004,170,CreateBooking,200,OK,Thread Group 1-390,text,true,,944,521,468,468,https://restful-booker.herokuapp.com/booking,170,0,0
1789684030011,163,CreateBooking,200,OK,Thread Group 1-477,text,true,,945,522,468,468,https://restful-booker.herokuapp.com/booking,163,0,0
1789684029576,598,Login,200,OK,Thread Group 1-560,text,true,,771,327,468,468,https://restful-booker.herokuapp.com/auth,598,0,434
1789684029611,564,Get Booking IDs,200,OK,Thread Group 1-203,text,true,,51764,248,468,468,https://restful-booker.herokuapp.com/booking,168,0,0
1789684030017,158,Get Booking,200,OK,Thread Group 1-327,text,true,,914,253,468,468,https://restful-booker.herokuapp.com/booking/3800,158,0,0
1789684029569,609,Login,200,OK,Thread Group 1-532,text,true,,770,325,468,468,https://restful-booker.herokuapp.com/auth,609,0,449
1789684029603,575,Login,200,OK,Thread Group 1-575,text,true,,771,327,468,468,https://restful-booker.herokuapp.com/auth,575,0,419
1789684029970,209,UpdateBooking - PATCH,200,OK,Thread Group 1-77,text,true,,914,333,466,466,https://restful-booker.herokuapp.com/booking/3565,209,0,0
1789684029467,712,Login,200,OK,Thread Group 1-494,text,true,,770,325,466,466,https://restful-booker.herokuapp.com/auth,712,0,507
1789684029974,207,UpdateBooking - PATCH,200,OK,Thread Group 1-151,text,true,,914,333,467,467,https://restful-booker.herokuapp.com/booking/3638,207,0,0
1789684029608,577,Login,200,OK,Thread Group 1-557,text,true,,770,325,468,468,https://restful-booker.herokuapp.com/auth,577,0,427
1789684029593,593,Login,200,OK,Thread Group 1-569,text,true,,770,325,468,468,https://restful-booker.herokuapp.com/auth,593,0,438
1789684029614,572,Get Booking IDs,200,OK,Thread Group 1-296,text,true,,51764,248,467,467,https://restful-booker.herokuapp.com/booking,174,0,0
1789684030034,152,CreateBooking,200,OK,Thread Group 1-416,text,true,,941,518,467,467,https://restful-booker.herokuapp.com/booking,152,0,0
1789684029760,429,Get Booking IDs,200,OK,Thread Group 1-250,text,true,,52015,248,467,467,https://restful-booker.herokuapp.com/booking,140,0,0
1789684029976,213,Get Booking,200,OK,Thread Group 1-364,text,true,,916,253,467,467,https://restful-booker.herokuapp.com/booking/3808,213,0,0
1789684029981,208,CreateBooking,200,OK,Thread Group 1-466,text,true,,944,521,467,467,https://restful-booker.herokuapp.com/booking,208,0,0
1789684030034,155,CreateBooking,200,OK,Thread Group 1-441,text,true,,941,518,467,467,https://restful-booker.herokuapp.com/booking,155,0,0
1789684029439,750,Login,200,OK,Thread Group 1-547,text,true,,770,325,467,467,https://restful-booker.herokuapp.com/auth,750,0,535
1789684029979,210,Get Booking,200,OK,Thread Group 1-396,text,true,,916,253,466,466,https://restful-booker.herokuapp.com/booking/3814,210,0,0
1789684030038,157,CreateBooking,200,OK,Thread Group 1-457,text,true,,943,520,467,467,https://restful-booker.herokuapp.com/booking,157,0,0
1789684029454,746,Login,200,OK,Thread Group 1-488,text,true,,770,325,469,469,https://restful-booker.herokuapp.com/auth,746,0,542
1789684029612,590,Login,200,OK,Thread Group 1-558,text,true,,770,325,469,469,https://restful-booker.herokuapp.com/auth,590,0,436
1789684029482,723,Login,200,OK,Thread Group 1-554,text,true,,770,325,470,470,https://restful-booker.herokuapp.com/auth,723,0,519
1789684029491,714,Login,200,OK,Thread Group 1-505,text,true,,771,327,470,470,https://restful-booker.herokuapp.com/auth,714,0,513
1789684030006,202,CreateBooking,200,OK,Thread Group 1-470,text,true,,943,520,470,470,https://restful-booker.herokuapp.com/booking,202,0,0
1789684029474,734,Login,200,OK,Thread Group 1-513,text,true,,770,325,470,470,https://restful-booker.herokuapp.com/auth,734,0,527
1789684029622,588,Login,200,OK,Thread Group 1-563,text,true,,770,325,471,471,https://restful-booker.herokuapp.com/auth,588,0,433
1789684030054,156,CreateBooking,200,OK,Thread Group 1-420,text,true,,944,521,471,471,https://restful-booker.herokuapp.com/booking,156,0,0
1789684030056,156,DeleteBooking,200,OK,Thread Group 1-9,text,true,,914,253,472,472,https://restful-booker.herokuapp.com/booking/3550,156,0,0
1789684029650,566,Get Booking IDs,200,OK,Thread Group 1-212,text,true,,51878,248,472,472,https://restful-booker.herokuapp.com/booking,180,0,0
1789684029771,454,Get Booking IDs,200,OK,Thread Group 1-228,text,true,,52053,248,474,474,https://restful-booker.herokuapp.com/booking,145,0,0
1789684029625,600,Login,200,OK,Thread Group 1-530,text,true,,771,327,474,474,https://restful-booker.herokuapp.com/auth,600,0,436
1789684029659,578,Get Booking IDs,200,OK,Thread Group 1-187,text,true,,51878,248,477,477,https://restful-booker.herokuapp.com/booking,185,0,0
1789684030030,216,CreateBooking,200,OK,Thread Group 1-423,text,true,,943,520,478,478,https://restful-booker.herokuapp.com/booking,216,0,0
1789684030037,209,UpdateBooking - PATCH,200,OK,Thread Group 1-131,text,true,,914,333,478,478,https://restful-booker.herokuapp.com/booking/3656,209,0,0
1789684030041,207,Get Booking,200,OK,Thread Group 1-361,text,true,,914,253,479,479,https://restful-booker.herokuapp.com/booking/3807,207,0,0
1789684029677,572,Get Booking IDs,200,OK,Thread Group 1-211,text,true,,51878,248,479,479,https://restful-booker.herokuapp.com/booking,183,0,0
1789684029505,743,Login,200,OK,Thread Group 1-537,text,true,,770,325,479,479,https://restful-booker.herokuapp.com/auth,743,0,535
1789684030046,206,CreateBooking,200,OK,Thread Group 1-430,text,true,,945,522,480,480,https://restful-booker.herokuapp.com/booking,206,0,0
1789684029778,477,Get Booking IDs,200,OK,Thread Group 1-194,text,true,,52053,248,481,481,https://restful-booker.herokuapp.com/booking,303,0,0
1789684030081,175,CreateBooking,200,OK,Thread Group 1-506,text,true,,944,521,481,481,https://restful-booker.herokuapp.com/booking,175,0,0
1789684029523,733,Login,200,OK,Thread Group 1-543,text,true,,770,325,481,481,https://restful-booker.herokuapp.com/auth,733,0,530
1789684030083,173,CreateBooking,200,OK,Thread Group 1-410,text,true,,944,521,481,481,https://restful-booker.herokuapp.com/booking,173,0,0
1789684030061,212,UpdateBooking - PATCH,200,OK,Thread Group 1-37,text,true,,914,333,486,486,https://restful-booker.herokuapp.com/booking/3612,212,0,0
1789684029628,645,Login,200,OK,Thread Group 1-499,text,true,,770,325,486,486,https://restful-booker.herokuapp.com/auth,645,0,467
1789684029519,754,Login,200,OK,Thread Group 1-518,text,true,,770,325,486,486,https://restful-booker.herokuapp.com/auth,754,0,547
1789684029512,765,Login,200,OK,Thread Group 1-570,text,true,,771,327,486,486,https://restful-booker.herokuapp.com/auth,765,0,550
1789684029685,601,Get Booking IDs,200,OK,Thread Group 1-237,text,true,,51897,248,489,489,https://restful-booker.herokuapp.com/booking,192,0,0
1789684029524,764,Login,200,OK,Thread Group 1-551,text,true,,770,325,489,489,https://restful-booker.herokuapp.com/auth,764,0,559
1789684030084,205,Get Booking,200,OK,Thread Group 1-386,text,true,,912,253,490,490,https://restful-booker.herokuapp.com/booking/3817,205,0,0
1789684030084,206,UpdateBooking - PATCH,200,OK,Thread Group 1-57,text,true,,914,333,490,490,https://restful-booker.herokuapp.com/booking/3620,206,0,0
1789684029779,514,Get Booking IDs,200,OK,Thread Group 1-257,text,true,,52110,248,490,490,https://restful-booker.herokuapp.com/booking,149,0,0
1789684030103,196,Get Booking,200,OK,Thread Group 1-354,text,true,,914,253,492,492,https://restful-booker.herokuapp.com/booking/3822,196,0,0
1789684029724,587,Get Booking IDs,200,OK,Thread Group 1-271,text,true,,51935,248,496,496,https://restful-booker.herokuapp.com/booking,192,0,0
1789684030114,197,Get Booking,200,OK,Thread Group 1-357,text,true,,915,253,496,496,https://restful-booker.herokuapp.com/booking/3806,197,0,0
1789684030119,192,CreateBooking,200,OK,Thread Group 1-453,text,true,,944,521,496,496,https://restful-booker.herokuapp.com/booking,192,0,0
1789684029531,780,Login,200,OK,Thread Group 1-545,text,true,,771,327,496,496,https://restful-booker.herokuapp.com/auth,780,0,577
1789684029659,657,Login,200,OK,Thread Group 1-561,text,true,,770,325,497,497,https://restful-booker.herokuapp.com/auth,657,0,471
1789684030131,185,CreateBooking,200,OK,Thread Group 1-493,text,true,,941,518,497,497,https://restful-booker.herokuapp.com/booking,185,0,0
1789684029659,659,Login,200,OK,Thread Group 1-602,text,true,,770,325,498,498,https://restful-booker.herokuapp.com/auth,659,0,469
1789684029662,656,Login,200,OK,Thread Group 1-556,text,true,,770,325,498,498,https://restful-booker.herokuapp.com/auth,656,0,466
1789684029664,654,Login,200,OK,Thread Group 1-577,text,true,,770,325,498,498,https://restful-booker.herokuapp.com/auth,654,0,470
1789684030132,186,CreateBooking,200,OK,Thread Group 1-437,text,true,,945,522,498,498,https://restful-booker.herokuapp.com/booking,186,0,0
1789684029674,645,Login,200,OK,Thread Group 1-581,text,true,,770,325,497,497,https://restful-booker.herokuapp.com/auth,645,0,461
1789684030121,202,UpdateBooking - PUT,200,OK,Thread Group 1-197,text,true,,914,524,498,498,https://restful-booker.herokuapp.com/booking/3686,202,0,0
1789684030123,200,CreateBooking,200,OK,Thread Group 1-474,text,true,,944,521,498,498,https://restful-booker.herokuapp.com/booking,200,0,0
1789684029838,487,Get Booking IDs,200,OK,Thread Group 1-251,text,true,,52338,248,498,498,https://restful-booker.herokuapp.com/booking,141,0,0
1789684030145,182,DeleteBooking,200,OK,Thread Group 1-17,text,true,,914,253,499,499,https://restful-booker.herokuapp.com/booking/3573,182,0,0
1789684030126,204,UpdateBooking - PUT,200,OK,Thread Group 1-184,text,true,,914,524,499,499,https://restful-booker.herokuapp.com/booking/3687,204,0,0
1789684029542,788,Login,200,OK,Thread Group 1-566,text,true,,770,325,499,499,https://restful-booker.herokuapp.com/auth,788,0,586
1789684030135,202,Get Booking,200,OK,Thread Group 1-331,text,true,,915,253,501,501,https://restful-booker.herokuapp.com/booking/3813,202,0,0
1789684030129,208,CreateBooking,200,OK,Thread Group 1-496,text,true,,943,520,501,501,https://restful-booker.herokuapp.com/booking,208,0,0
1789684030129,212,Get Booking,200,OK,Thread Group 1-393,text,true,,915,253,502,502,https://restful-booker.herokuapp.com/booking/3824,212,0,0
1789684029850,492,Get Booking IDs,200,OK,Thread Group 1-218,text,true,,52338,248,503,503,https://restful-booker.herokuapp.com/booking,307,0,0
1789684030155,187,CreateBooking,200,OK,Thread Group 1-376,text,true,,944,521,503,503,https://restful-booker.herokuapp.com/booking,187,0,0
1789684029703,640,Login,200,OK,Thread Group 1-580,text,true,,771,327,502,502,https://restful-booker.herokuapp.com/auth,640,0,458
1789684030162,183,Get Booking,200,OK,Thread Group 1-366,text,true,,915,253,503,503,https://restful-booker.herokuapp.com/booking/3825,183,0,0
1789684030156,189,CreateBooking,200,OK,Thread Group 1-450,text,true,,943,520,503,503,https://restful-booker.herokuapp.com/booking,189,0,0
1789684030164,183,UpdateBooking - PATCH,200,OK,Thread Group 1-24,text,true,,914,333,503,503,https://restful-booker.herokuapp.com/booking/3576,183,0,0
1789684030164,183,Get Booking,200,OK,Thread Group 1-340,text,true,,915,253,503,503,https://restful-booker.herokuapp.com/booking/3819,183,0,0
1789684029554,800,Login,200,OK,Thread Group 1-524,text,true,,770,325,505,505,https://restful-booker.herokuapp.com/auth,800,0,585
1789684029582,774,Login,200,OK,Thread Group 1-544,text,true,,770,325,506,506,https://restful-booker.herokuapp.com/auth,774,0,559
1789684030140,216,CreateBooking,200,OK,Thread Group 1-431,text,true,,941,518,506,506,https://restful-booker.herokuapp.com/booking,216,0,0
1789684029561,797,Login,200,OK,Thread Group 1-583,text,true,,770,325,506,506,https://restful-booker.herokuapp.com/auth,797,0,580
1789684029716,647,Login,200,OK,Thread Group 1-549,text,true,,770,325,508,508,https://restful-booker.herokuapp.com/auth,647,0,451
1789684030169,199,CreateBooking,200,OK,Thread Group 1-514,text,true,,945,522,508,508,https://restful-booker.herokuapp.com/booking,199,0,0
1789684029711,657,Login,200,OK,Thread Group 1-582,text,true,,770,325,508,508,https://restful-booker.herokuapp.com/auth,657,0,457
1789684029583,785,Login,200,OK,Thread Group 1-521,text,true,,770,325,508,508,https://restful-booker.herokuapp.com/auth,785,0,566
1789684030171,199,UpdateBooking - PATCH,200,OK,Thread Group 1-117,text,true,,914,333,508,508,https://restful-booker.herokuapp.com/booking/3646,199,0,0
1789684029731,639,Login,200,OK,Thread Group 1-573,text,true,,770,325,508,508,https://restful-booker.herokuapp.com/auth,639,0,444
1789684029727,644,Login,200,OK,Thread Group 1-605,text,true,,771,327,508,508,https://restful-booker.herokuapp.com/auth,644,0,448
1789684029591,784,Login,200,OK,Thread Group 1-546,text,true,,770,325,508,508,https://restful-booker.herokuapp.com/auth,784,0,561
1789684029592,784,Login,200,OK,Thread Group 1-578,text,true,,770,325,509,509,https://restful-booker.herokuapp.com/auth,784,0,560
1789684029586,790,Login,200,OK,Thread Group 1-553,text,true,,770,325,509,509,https://restful-booker.herokuapp.com/auth,790,0,566
1789684029585,791,Login,200,OK,Thread Group 1-585,text,true,,771,327,509,509,https://restful-booker.herokuapp.com/auth,791,0,568
1789684029731,652,Login,200,OK,Thread Group 1-607,text,true,,770,325,509,509,https://restful-booker.herokuapp.com/auth,652,0,446
1789684029732,651,Login,200,OK,Thread Group 1-591,text,true,,770,325,509,509,https://restful-booker.herokuapp.com/auth,651,0,445
1789684030184,202,CreateBooking,200,OK,Thread Group 1-411,text,true,,941,518,510,510,https://restful-booker.herokuapp.com/booking,202,0,0
1789684030155,231,CreateBooking,200,OK,Thread Group 1-451,text,true,,944,521,510,510,https://restful-booker.herokuapp.com/booking,231,0,0
1789684030161,232,UpdateBooking - PUT,200,OK,Thread Group 1-231,text,true,,914,524,512,512,https://restful-booker.herokuapp.com/booking/3713,232,0,0
1789684029593,800,Login,200,OK,Thread Group 1-515,text,true,,771,327,512,512,https://restful-booker.herokuapp.com/auth,800,0,567
1789684029583,810,Login,200,OK,Thread Group 1-586,text,true,,770,325,512,512,https://restful-booker.herokuapp.com/auth,810,0,580
1789684029757,636,Get Booking IDs,200,OK,Thread Group 1-263,text,true,,52015,248,512,512,https://restful-booker.herokuapp.com/booking,194,0,0
1789684030169,224,Get Booking,200,OK,Thread Group 1-384,text,true,,915,253,512,512,https://restful-booker.herokuapp.com/booking/3818,224,0,0
1789684029579,815,Login,200,OK,Thread Group 1-579,text,true,,770,325,510,510,https://restful-booker.herokuapp.com/auth,815,0,581
1789684029751,645,Login,200,OK,Thread Group 1-567,text,true,,770,325,510,510,https://restful-booker.herokuapp.com/auth,645,0,438
1789684030194,203,CreateBooking,200,OK,Thread Group 1-471,text,true,,945,522,510,510,https://restful-booker.herokuapp.com/booking,203,0,0
1789684030192,205,CreateBooking,200,OK,Thread Group 1-486,text,true,,943,520,510,510,https://restful-booker.herokuapp.com/booking,205,0,0
1789684030193,205,CreateBooking,200,OK,Thread Group 1-443,text,true,,943,520,510,510,https://restful-booker.herokuapp.com/booking,205,0,0
1789684030184,214,CreateBooking,200,OK,Thread Group 1-500,text,true,,944,521,510,510,https://restful-booker.herokuapp.com/booking,214,0,0
1789684030183,215,CreateBooking,200,OK,Thread Group 1-494,text,true,,943,520,510,510,https://restful-booker.herokuapp.com/booking,215,0,0
1789684029784,615,Get Booking IDs,200,OK,Thread Group 1-276,text,true,,52110,248,510,510,https://restful-booker.herokuapp.com/booking,192,0,0
1789684030194,209,Get Booking,200,OK,Thread Group 1-404,text,true,,916,253,511,511,https://restful-booker.herokuapp.com/booking/3836,209,0,0
1789684030194,209,Get Booking,200,OK,Thread Group 1-378,text,true,,915,253,511,511,https://restful-booker.herokuapp.com/booking/3811,209,0,0
1789684029797,606,Get Booking IDs,200,OK,Thread Group 1-227,text,true,,52110,248,511,511,https://restful-booker.herokuapp.com/booking,393,0,0
1789684030186,218,CreateBooking,200,OK,Thread Group 1-480,text,true,,945,522,510,510,https://restful-booker.herokuapp.com/booking,218,0,0
1789684030193,212,UpdateBooking - PATCH,200,OK,Thread Group 1-91,text,true,,914,333,510,510,https://restful-booker.herokuapp.com/booking/3624,212,0,0
1789684029620,785,Login,200,OK,Thread Group 1-565,text,true,,771,327,510,510,https://restful-booker.herokuapp.com/auth,785,0,569
1789684029895,513,Get Booking IDs,200,OK,Thread Group 1-281,text,true,,52433,248,510,510,https://restful-booker.herokuapp.com/booking,300,0,0
1789684030209,202,Get Booking,200,OK,Thread Group 1-370,text,true,,914,253,510,510,https://restful-booker.herokuapp.com/booking/3828,202,0,0
1789684029898,513,Get Booking IDs,200,OK,Thread Group 1-246,text,true,,52452,248,510,510,https://restful-booker.herokuapp.com/booking,153,0,0
1789684029633,778,Login,200,OK,Thread Group 1-542,text,true,,770,325,510,510,https://restful-booker.herokuapp.com/auth,778,0,567
1789684029905,510,Get Booking IDs,200,OK,Thread Group 1-258,text,true,,52471,248,509,509,https://restful-booker.herokuapp.com/booking,307,0,0
1789684030204,211,Get Booking,200,OK,Thread Group 1-333,text,true,,915,253,509,509,https://restful-booker.herokuapp.com/booking/3829,211,0,0
1789684030209,206,CreateBooking,200,OK,Thread Group 1-487,text,true,,944,521,509,509,https://restful-booker.herokuapp.com/booking,206,0,0
1789684029760,657,Login,200,OK,Thread Group 1-589,text,true,,770,325,509,509,https://restful-booker.herokuapp.com/auth,657,0,449
1789684030209,212,CreateBooking,200,OK,Thread Group 1-491,text,true,,944,521,509,509,https://restful-booker.herokuapp.com/booking,212,0,0
1789684030206,217,CreateBooking,200,OK,Thread Group 1-517,text,true,,943,520,509,509,https://restful-booker.herokuapp.com/booking,217,0,0
1789684030221,202,CreateBooking,200,OK,Thread Group 1-447,text,true,,944,521,509,509,https://restful-booker.herokuapp.com/booking,202,0,0
1789684029913,514,Get Booking IDs,200,OK,Thread Group 1-308,text,true,,52509,248,511,511,https://restful-booker.herokuapp.com/booking,153,0,0
1789684030228,200,Get Booking,200,OK,Thread Group 1-336,text,true,,915,253,510,510,https://restful-booker.herokuapp.com/booking/3844,200,0,0
1789684030230,198,Get Booking,200,OK,Thread Group 1-350,text,true,,914,253,510,510,https://restful-booker.herokuapp.com/booking/3832,198,0,0
1789684030228,200,CreateBooking,200,OK,Thread Group 1-484,text,true,,944,521,510,510,https://restful-booker.herokuapp.com/booking,200,0,0
1789684030212,218,Get Booking,200,OK,Thread Group 1-427,text,true,,915,253,511,511,https://restful-booker.herokuapp.com/booking/3834,218,0,0
1789684029640,790,Login,200,OK,Thread Group 1-525,text,true,,771,327,511,511,https://restful-booker.herokuapp.com/auth,790,0,569
1789684029912,526,Get Booking IDs,200,OK,Thread Group 1-241,text,true,,52509,248,512,512,https://restful-booker.herokuapp.com/booking,160,0,0
1789684030215,223,CreateBooking,200,OK,Thread Group 1-461,text,true,,944,521,512,512,https://restful-booker.herokuapp.com/booking,223,0,0
1789684030240,198,Get Booking,200,OK,Thread Group 1-413,text,true,,914,253,512,512,https://restful-booker.herokuapp.com/booking/3831,198,0,0
1789684030238,201,UpdateBooking - PATCH,200,OK,Thread Group 1-111,text,true,,914,333,511,511,https://restful-booker.herokuapp.com/booking/3644,201,0,0
1789684029914,529,Get Booking IDs,200,OK,Thread Group 1-256,text,true,,52509,248,512,512,https://restful-booker.herokuapp.com/booking,332,0,0
1789684030251,194,Get Booking,200,OK,Thread Group 1-311,text,true,,915,253,512,512,https://restful-booker.herokuapp.com/booking/3810,194,0,0
1789684030247,198,CreateBooking,200,OK,Thread Group 1-511,text,true,,945,522,512,512,https://restful-booker.herokuapp.com/booking,198,0,0
1789684030247,198,CreateBooking,200,OK,Thread Group 1-497,text,true,,945,522,512,512,https://restful-booker.herokuapp.com/booking,198,0,0
1789684030222,228,Get Booking,200,OK,Thread Group 1-347,text,true,,912,253,514,514,https://restful-booker.herokuapp.com/booking/3830,228,0,0
1789684029827,623,Get Booking IDs,200,OK,Thread Group 1-204,text,true,,52281,248,514,514,https://restful-booker.herokuapp.com/booking,392,0,0
1789684030222,230,CreateBooking,200,OK,Thread Group 1-444,text,true,,943,520,514,514,https://restful-booker.herokuapp.com/booking,230,0,0
1789684030253,204,CreateBooking,200,OK,Thread Group 1-504,text,true,,944,521,516,516,https://restful-booker.herokuapp.com/booking,204,0,0
1789684029913,545,Get Booking IDs,200,OK,Thread Group 1-278,text,true,,52547,248,516,516,https://restful-booker.herokuapp.com/booking,343,0,0
1789684030261,197,CreateBooking,200,OK,Thread Group 1-490,text,true,,943,520,516,516,https://restful-booker.herokuapp.com/booking,197,0,0
1789684030227,232,Get Booking,200,OK,Thread Group 1-373,text,true,,916,253,515,515,https://restful-booker.herokuapp.com/booking/3827,232,0,0
1789684029777,682,Login,200,OK,Thread Group 1-604,text,true,,770,325,515,515,https://restful-booker.herokuapp.com/auth,682,0,487
1789684030236,225,DeleteBooking,200,OK,Thread Group 1-31,text,true,,914,253,516,516,https://restful-booker.herokuapp.com/booking/3574,225,0,0
1789684030233,228,UpdateBooking - PUT,200,OK,Thread Group 1-224,text,true,,914,524,516,516,https://restful-booker.herokuapp.com/booking/3716,228,0,0
1789684030235,227,Get Booking,200,OK,Thread Group 1-446,text,true,,916,253,516,516,https://restful-booker.herokuapp.com/booking/3861,226,0,0
1789684030261,204,Get Booking,200,OK,Thread Group 1-358,text,true,,916,253,516,516,https://restful-booker.herokuapp.com/booking/3843,204,0,0
1789684029839,628,Get Booking IDs,200,OK,Thread Group 1-230,text,true,,52338,248,517,517,https://restful-booker.herokuapp.com/booking,190,0,0
1789684030244,223,Get Booking,200,OK,Thread Group 1-418,text,true,,915,253,517,517,https://restful-booker.herokuapp.com/booking/3835,223,0,0
1789684029655,812,Login,200,OK,Thread Group 1-587,text,true,,770,325,517,517,https://restful-booker.herokuapp.com/auth,812,0,582
1789684030240,227,CreateBooking,200,OK,Thread Group 1-508,text,true,,944,521,517,517,https://restful-booker.herokuapp.com/booking,227,0,0
1789684029913,554,Get Booking IDs,200,OK,Thread Group 1-298,text,true,,52547,248,517,517,https://restful-booker.herokuapp.com/booking,353,0,0
1789684030243,224,Get Booking,200,OK,Thread Group 1-387,text,true,,916,253,517,517,https://restful-booker.herokuapp.com/booking/3838,224,0,0
1789684030240,227,DeleteBooking,200,OK,Thread Group 1-84,text,true,,914,253,517,517,https://restful-booker.herokuapp.com/booking/3600,227,0,0
1789684029651,817,Login,200,OK,Thread Group 1-568,text,true,,770,325,514,514,https://restful-booker.herokuapp.com/auth,817,0,595
1789684030269,202,CreateBooking,200,OK,Thread Group 1-448,text,true,,941,518,515,515,https://restful-booker.herokuapp.com/booking,202,0,0
1789684029671,800,Login,200,OK,Thread Group 1-555,text,true,,771,327,515,515,https://restful-booker.herokuapp.com/auth,800,0,581
1789684029854,618,Get Booking IDs,200,OK,Thread Group 1-273,text,true,,52357,248,514,514,https://restful-booker.herokuapp.com/booking,191,0,0
1789684030251,221,Get Booking,200,OK,Thread Group 1-346,text,true,,914,253,514,514,https://restful-booker.herokuapp.com/booking/3858,221,0,0
1789684030269,203,CreateBooking,200,OK,Thread Group 1-460,text,true,,941,518,514,514,https://restful-booker.herokuapp.com/booking,203,0,0
1789684030272,201,UpdateBooking - PUT,200,OK,Thread Group 1-177,text,true,,914,524,514,514,https://restful-booker.herokuapp.com/booking/3700,201,0,0
1789684030269,204,CreateBooking,200,OK,Thread Group 1-520,text,true,,941,518,514,514,https://restful-booker.herokuapp.com/booking,204,0,0
1789684030274,201,Get Booking,200,OK,Thread Group 1-438,text,true,,915,253,514,514,https://restful-booker.herokuapp.com/booking/3857,201,0,0
1789684029776,699,Login,200,OK,Thread Group 1-572,text,true,,770,325,514,514,https://restful-booker.herokuapp.com/auth,699,0,501
1789684030272,203,UpdateBooking - PUT,200,OK,Thread Group 1-173,text,true,,914,524,514,514,https://restful-booker.herokuapp.com/booking/3707,203,0,0
1789684029867,610,Get Booking IDs,200,OK,Thread Group 1-277,text,true,,52414,248,514,514,https://restful-booker.herokuapp.com/booking,190,0,0
1789684030255,223,CreateBooking,200,OK,Thread Group 1-456,text,true,,944,521,514,514,https://restful-booker.herokuapp.com/booking,223,0,0
1789684029678,802,Login,200,OK,Thread Group 1-599,text,true,,770,325,514,514,https://restful-booker.herokuapp.com/auth,802,0,586
1789684029924,557,Get Booking IDs,200,OK,Thread Group 1-223,text,true,,52604,248,514,514,https://restful-booker.herokuapp.com/booking,178,0,0
1789684029868,614,Get Booking IDs,200,OK,Thread Group 1-284,text,true,,52414,248,514,514,https://restful-booker.herokuapp.com/booking,193,0,0
1789684029872,615,Get Booking IDs,200,OK,Thread Group 1-280,text,true,,52414,248,514,514,https://restful-booker.herokuapp.com/booking,401,0,0
1789684030276,214,Get Booking,200,OK,Thread Group 1-454,text,true,,915,253,514,514,https://restful-booker.herokuapp.com/booking/3853,214,0,0
1789684030277,213,UpdateBooking - PUT,200,OK,Thread Group 1-217,text,true,,914,524,514,514,https://restful-booker.herokuapp.com/booking/3696,213,0,0
1789684030272,218,Get Booking,200,OK,Thread Group 1-400,text,true,,915,253,514,514,https://restful-booker.herokuapp.com/booking/3815,218,0,0
1789684030287,203,UpdateBooking - PATCH,200,OK,Thread Group 1-190,text,true,,914,333,514,514,https://restful-booker.herokuapp.com/booking/3678,203,0,0
1789684030283,207,CreateBooking,200,OK,Thread Group 1-483,text,true,,941,518,514,514,https://restful-booker.herokuapp.com/booking,207,0,0
1789684029931,561,Get Booking IDs,200,OK,Thread Group 1-287,text,true,,52604,248,515,515,https://restful-booker.herokuapp.com/booking,183,0,0
1789684029689,803,Login,200,OK,Thread Group 1-608,text,true,,770,325,515,515,https://restful-booker.herokuapp.com/auth,803,0,597
1789684029682,810,Login,200,OK,Thread Group 1-552,text,true,,770,325,515,515,https://restful-booker.herokuapp.com/auth,810,0,601
1789684029889,605,Get Booking IDs,200,OK,Thread Group 1-321,text,true,,52433,248,513,513,https://restful-booker.herokuapp.com/booking,401,0,0
1789684030298,198,Get Booking,200,OK,Thread Group 1-343,text,true,,912,253,513,513,https://restful-booker.herokuapp.com/booking/3840,198,0,0
1789684029939,557,Get Booking IDs,200,OK,Thread Group 1-264,text,true,,52661,248,513,513,https://restful-booker.herokuapp.com/booking,181,0,0
1789684029683,814,Login,200,OK,Thread Group 1-571,text,true,,770,325,513,513,https://restful-booker.herokuapp.com/auth,814,0,607
1789684029697,800,Login,200,OK,Thread Group 1-576,text,true,,770,325,513,513,https://restful-booker.herokuapp.com/auth,800,0,599
1789684029788,710,Login,200,OK,Thread Group 1-615,text,true,,771,327,513,513,https://restful-booker.herokuapp.com/auth,710,0,527
1789684029706,794,Login,200,OK,Thread Group 1-600,text,true,,771,327,512,512,https://restful-booker.herokuapp.com/auth,794,0,592
1789684029933,568,Get Booking IDs,200,OK,Thread Group 1-306,text,true,,52604,248,512,512,https://restful-booker.herokuapp.com/booking,374,0,0
1789684029905,596,Get Booking IDs,200,OK,Thread Group 1-253,text,true,,52471,248,512,512,https://restful-booker.herokuapp.com/booking,201,0,0
1789684030312,189,CreateBooking,200,OK,Thread Group 1-467,text,true,,941,518,512,512,https://restful-booker.herokuapp.com/booking,189,0,0
1789684029795,707,Login,200,OK,Thread Group 1-609,text,true,,770,325,510,510,https://restful-booker.herokuapp.com/auth,707,0,523
1789684029817,685,Login,200,OK,Thread Group 1-564,text,true,,770,325,510,510,https://restful-booker.herokuapp.com/auth,685,0,502
1789684029706,798,Login,200,OK,Thread Group 1-597,text,true,,770,325,511,511,https://restful-booker.herokuapp.com/auth,798,0,595
1789684029693,811,Login,200,OK,Thread Group 1-562,text,true,,770,325,511,511,https://restful-booker.herokuapp.com/auth,811,0,608
1789684029834,670,Login,200,OK,Thread Group 1-617,text,true,,770,325,511,511,https://restful-booker.herokuapp.com/auth,670,0,487
1789684029708,796,Login,200,OK,Thread Group 1-612,text,true,,770,325,511,511,https://restful-booker.herokuapp.com/auth,796,0,596
1789684030327,182,Get Booking,200,OK,Thread Group 1-394,text,true,,915,253,510,510,https://restful-booker.herokuapp.com/booking/3860,182,0,0
1789684030312,201,UpdateBooking - PATCH,200,OK,Thread Group 1-157,text,true,,914,333,511,511,https://restful-booker.herokuapp.com/booking/3647,201,0,0
1789684030329,184,CreateBooking,200,OK,Thread Group 1-473,text,true,,944,521,511,511,https://restful-booker.herokuapp.com/booking,184,0,0
1789684029918,595,Get Booking IDs,200,OK,Thread Group 1-266,text,true,,52547,248,511,511,https://restful-booker.herokuapp.com/booking,203,0,0
1789684030317,198,CreateBooking,200,OK,Thread Group 1-463,text,true,,943,520,511,511,https://restful-booker.herokuapp.com/booking,198,0,0
1789684030318,197,Get Booking,200,OK,Thread Group 1-466,text,true,,915,253,511,511,https://restful-booker.herokuapp.com/booking/3869,197,0,0
1789684030336,179,Get Booking,200,OK,Thread Group 1-398,text,true,,912,253,511,511,https://restful-booker.herokuapp.com/booking/3849,179,0,0
1789684029723,792,Login,200,OK,Thread Group 1-574,text,true,,770,325,511,511,https://restful-booker.herokuapp.com/auth,792,0,600
1789684029913,603,Get Booking IDs,200,OK,Thread Group 1-254,text,true,,52547,248,512,512,https://restful-booker.herokuapp.com/booking,211,0,0
1789684030329,187,CreateBooking,200,OK,Thread Group 1-481,text,true,,944,521,512,512,https://restful-booker.herokuapp.com/booking,187,0,0
1789684030328,189,CreateBooking,200,OK,Thread Group 1-538,text,true,,945,522,512,512,https://restful-booker.herokuapp.com/booking,189,0,0
1789684029922,598,Get Booking IDs,200,OK,Thread Group 1-260,text,true,,52547,248,512,512,https://restful-booker.herokuapp.com/booking,208,0,0
1789684029847,680,Login,200,OK,Thread Group 1-595,text,true,,771,327,513,513,https://restful-booker.herokuapp.com/auth,680,0,496
1789684030339,190,CreateBooking,200,OK,Thread Group 1-501,text,true,,945,522,513,513,https://restful-booker.herokuapp.com/booking,190,0,0
1789684029922,609,Get Booking IDs,200,OK,Thread Group 1-267,text,true,,52547,248,513,513,https://restful-booker.herokuapp.com/booking,215,0,0
1789684030346,189,DeleteBooking,200,OK,Thread Group 1-151,text,true,,914,253,514,514,https://restful-booker.herokuapp.com/booking/3638,189,0,0
1789684029937,600,Get Booking IDs,200,OK,Thread Group 1-214,text,true,,52642,248,513,513,https://restful-booker.herokuapp.com/booking,204,0,0
1789684029727,810,Login,200,OK,Thread Group 1-634,text,true,,770,325,513,513,https://restful-booker.herokuapp.com/auth,810,0,614
1789684030008,530,Get Booking IDs,200,OK,Thread Group 1-310,text,true,,52832,248,512,512,https://restful-booker.herokuapp.com/booking,339,0,0
1789684030357,181,Get Booking,200,OK,Thread Group 1-470,text,true,,914,253,512,512,https://restful-booker.herokuapp.com/booking/3875,181,0,0
1789684030348,190,Get Booking,200,OK,Thread Group 1-360,text,true,,916,253,512,512,https://restful-booker.herokuapp.com/booking/3851,190,0,0
1789684030351,189,CreateBooking,200,OK,Thread Group 1-550,text,true,,944,521,512,512,https://restful-booker.herokuapp.com/booking,189,0,0
1789684029939,604,Get Booking IDs,200,OK,Thread Group 1-318,text,true,,52661,248,513,513,https://restful-booker.herokuapp.com/booking,423,0,0
1789684030367,182,CreateBooking,200,OK,Thread Group 1-476,text,true,,944,521,513,513,https://restful-booker.herokuapp.com/booking,182,0,0
1789684030374,181,Get Booking,200,OK,Thread Group 1-424,text,true,,915,253,515,515,https://restful-booker.herokuapp.com/booking/3841,181,0,0
1789684029949,606,Get Booking IDs,200,OK,Thread Group 1-240,text,true,,52680,248,515,515,https://restful-booker.herokuapp.com/booking,205,0,0
1789684030023,537,Get Booking IDs,200,OK,Thread Group 1-288,text,true,,52851,248,516,516,https://restful-booker.herokuapp.com/booking,156,0,0
1789684030378,184,Get Booking,200,OK,Thread Group 1-353,text,true,,912,253,515,515,https://restful-booker.herokuapp.com/booking/3845,184,0,0
1789684030374,188,Get Booking,200,OK,Thread Group 1-436,text,true,,915,253,515,515,https://restful-booker.herokuapp.com/booking/3873,188,0,0
1789684029869,693,Login,200,OK,Thread Group 1-631,text,true,,770,325,515,515,https://restful-booker.herokuapp.com/auth,693,0,508
1789684030366,196,CreateBooking,200,OK,Thread Group 1-577,text,true,,945,522,515,515,https://restful-booker.herokuapp.com/booking,196,0,0
1789684030390,175,Get Booking,200,OK,Thread Group 1-403,text,true,,915,253,516,516,https://restful-booker.herokuapp.com/booking/3866,175,0,0
1789684030385,180,Get Booking,200,OK,Thread Group 1-388,text,true,,915,253,516,516,https://restful-booker.herokuapp.com/booking/3850,180,0,0
1789684030382,183,UpdateBooking - PATCH,200,OK,Thread Group 1-144,text,true,,914,333,516,516,https://restful-booker.herokuapp.com/booking/3663,183,0,0
1789684029881,685,Login,200,OK,Thread Group 1-664,text,true,,770,325,517,517,https://restful-booker.herokuapp.com/auth,685,0,504
1789684029763,807,Login,200,OK,Thread Group 1-606,text,true,,770,325,518,518,https://restful-booker.herokuapp.com/auth,807,0,633
1789684030394,178,Get Booking,200,OK,Thread Group 1-380,text,true,,912,253,518,518,https://restful-booker.herokuapp.com/booking/3847,178,0,0
1789684030390,184,Get Booking,200,OK,Thread Group 1-381,text,true,,916,253,519,519,https://restful-booker.herokuapp.com/booking/3859,184,0,0
1789684030042,534,Get Booking IDs,200,OK,Thread Group 1-301,text,true,,52908,248,520,520,https://restful-booker.herokuapp.com/booking,351,0,0
1789684030393,183,Get Booking,200,OK,Thread Group 1-477,text,true,,916,253,520,520,https://restful-booker.herokuapp.com/booking/3876,183,0,0
1789684029768,808,Login,200,OK,Thread Group 1-601,text,true,,770,325,520,520,https://restful-booker.herokuapp.com/auth,808,0,630
1789684030390,186,CreateBooking,200,OK,Thread Group 1-561,text,true,,944,521,520,520,https://restful-booker.herokuapp.com/booking,186,0,0
1789684029776,800,Login,200,OK,Thread Group 1-588,text,true,,770,325,520,520,https://restful-booker.herokuapp.com/auth,800,0,622
1789684030398,179,Get Booking,200,OK,Thread Group 1-417,text,true,,912,253,519,519,https://restful-booker.herokuapp.com/booking/3865,179,0,0
1789684029754,823,Login,200,OK,Thread Group 1-548,text,true,,770,325,519,519,https://restful-booker.herokuapp.com/auth,823,0,642
1789684030406,173,Get Booking,200,OK,Thread Group 1-434,text,true,,916,253,519,519,https://restful-booker.herokuapp.com/booking/3852,173,0,0
1789684030410,174,UpdateBooking - PUT,200,OK,Thread Group 1-244,text,true,,914,524,519,519,https://restful-booker.herokuapp.com/booking/3703,174,0,0
1789684030406,178,CreateBooking,200,OK,Thread Group 1-541,text,true,,943,520,519,519,https://restful-booker.herokuapp.com/booking,178,0,0
1789684030408,179,Get Booking,200,OK,Thread Group 1-420,text,true,,915,253,520,520,https://restful-booker.herokuapp.com/booking/3882,179,0,0
1789684030409,178,CreateBooking,200,OK,Thread Group 1-533,text,true,,945,522,520,520,https://restful-booker.herokuapp.com/booking,178,0,0
1789684029990,600,Get Booking IDs,200,OK,Thread Group 1-261,text,true,,52737,248,521,521,https://restful-booker.herokuapp.com/booking,417,0,0
1789684030409,181,Get Booking,200,OK,Thread Group 1-408,text,true,,912,253,521,521,https://restful-booker.herokuapp.com/booking/3846,181,0,0
1789684030412,178,DeleteBooking,200,OK,Thread Group 1-77,text,true,,914,253,520,520,https://restful-booker.herokuapp.com/booking/3565,178,0,0
1789684030408,183,Get Booking,200,OK,Thread Group 1-407,text,true,,912,253,520,520,https://restful-booker.herokuapp.com/booking/3833,183,0,0
1789684030421,176,UpdateBooking - PUT,200,OK,Thread Group 1-257,text,true,,914,524,521,521,https://restful-booker.herokuapp.com/booking/3738,176,0,0
1789684029798,799,Login,200,OK,Thread Group 1-624,text,true,,770,325,521,521,https://restful-booker.herokuapp.com/auth,799,0,617
1789684030421,178,CreateBooking,200,OK,Thread Group 1-503,text,true,,944,521,521,521,https://restful-booker.herokuapp.com/booking,178,0,0
1789684029798,801,Login,200,OK,Thread Group 1-603,text,true,,770,325,521,521,https://restful-booker.herokuapp.com/auth,801,0,621
1789684029999,600,Get Booking IDs,200,OK,Thread Group 1-303,text,true,,52794,248,521,521,https://restful-booker.herokuapp.com/booking,201,0,0
1789684030419,180,CreateBooking,200,OK,Thread Group 1-478,text,true,,945,522,521,521,https://restful-booker.herokuapp.com/booking,180,0,0
1789684030421,178,CreateBooking,200,OK,Thread Group 1-507,text,true,,944,521,521,521,https://restful-booker.herokuapp.com/booking,178,0,0
1789684029910,696,Login,200,OK,Thread Group 1-655,text,true,,771,327,523,523,https://restful-booker.herokuapp.com/auth,696,0,520
1789684029813,800,Login,200,OK,Thread Group 1-584,text,true,,770,325,524,524,https://restful-booker.herokuapp.com/auth,800,0,617
1789684029809,812,Login,200,OK,Thread Group 1-632,text,true,,770,325,527,527,https://restful-booker.herokuapp.com/auth,812,0,629
1789684029806,815,Login,200,OK,Thread Group 1-559,text,true,,770,325,527,527,https://restful-booker.herokuapp.com/auth,815,0,628
1789684030432,199,CreateBooking,200,OK,Thread Group 1-528,text,true,,944,521,530,530,https://restful-booker.herokuapp.com/booking,199,0,0
1789684030441,198,CreateBooking,200,OK,Thread Group 1-526,text,true,,943,520,533,533,https://restful-booker.herokuapp.com/booking,198,0,0
1789684030448,191,DeleteBooking,200,OK,Thread Group 1-97,text,true,,914,253,533,533,https://restful-booker.herokuapp.com/booking/3582,191,0,0
1789684029914,725,Login,200,OK,Thread Group 1-625,text,true,,771,327,533,533,https://restful-booker.herokuapp.com/auth,725,0,529
1789684030217,422,Get Booking IDs,200,OK,Thread Group 1-426,text,true,,53402,248,533,533,https://restful-booker.herokuapp.com/booking,228,0,0
1789684030016,627,Get Booking IDs,200,OK,Thread Group 1-326,text,true,,52851,248,531,531,https://restful-booker.herokuapp.com/booking,209,0,0
1789684030445,198,CreateBooking,200,OK,Thread Group 1-523,text,true,,944,521,531,531,https://restful-booker.herokuapp.com/booking,198,0,0
1789684029826,819,Login,200,OK,Thread Group 1-596,text,true,,770,325,531,531,https://restful-booker.herokuapp.com/auth,819,0,626
1789684030458,193,DeleteBooking,200,OK,Thread Group 1-64,text,true,,914,253,533,533,https://restful-booker.herokuapp.com/booking/3594,193,0,0
1789684030459,192,UpdateBooking - PUT,200,OK,Thread Group 1-211,text,true,,914,524,533,533,https://restful-booker.herokuapp.com/booking/3702,192,0,0
1789684030460,191,Get Booking,200,OK,Thread Group 1-368,text,true,,915,253,533,533,https://restful-booker.herokuapp.com/booking/3856,191,0,0
1789684030458,193,CreateBooking,200,OK,Thread Group 1-570,text,true,,944,521,533,533,https://restful-booker.herokuapp.com/booking,193,0,0
1789684029834,819,Login,200,OK,Thread Group 1-610,text,true,,771,327,533,533,https://restful-booker.herokuapp.com/auth,819,0,627
1789684029827,826,Login,200,OK,Thread Group 1-536,text,true,,770,325,533,533,https://restful-booker.herokuapp.com/auth,826,0,634
1789684030463,190,CreateBooking,200,OK,Thread Group 1-547,text,true,,944,521,533,533,https://restful-booker.herokuapp.com/booking,190,0,0
1789684029834,819,Login,200,OK,Thread Group 1-590,text,true,,771,327,533,533,https://restful-booker.herokuapp.com/auth,819,0,627
1789684030467,187,CreateBooking,200,OK,Thread Group 1-468,text,true,,943,520,533,533,https://restful-booker.herokuapp.com/booking,187,0,0
1789684030470,185,Get Booking,200,OK,Thread Group 1-430,text,true,,916,253,533,533,https://restful-booker.herokuapp.com/booking/3881,185,0,0
1789684030468,187,Get Booking,200,OK,Thread Group 1-421,text,true,,916,253,533,533,https://restful-booker.herokuapp.com/booking/3867,187,0,0
1789684030445,210,CreateBooking,200,OK,Thread Group 1-510,text,true,,941,518,533,533,https://restful-booker.herokuapp.com/booking,210,0,0
1789684030459,198,CreateBooking,200,OK,Thread Group 1-516,text,true,,941,518,534,534,https://restful-booker.herokuapp.com/booking,198,0,0
1789684030458,203,CreateBooking,200,OK,Thread Group 1-540,text,true,,945,522,535,535,https://restful-booker.herokuapp.com/booking,203,0,0
1789684030463,198,Get Booking,200,OK,Thread Group 1-397,text,true,,915,253,535,535,https://restful-booker.herokuapp.com/booking/3868,198,0,0
1789684030459,202,CreateBooking,200,OK,Thread Group 1-558,text,true,,944,521,535,535,https://restful-booker.herokuapp.com/booking,202,0,0
1789684030476,185,CreateBooking,200,OK,Thread Group 1-546,text,true,,943,520,535,535,https://restful-booker.herokuapp.com/booking,185,0,0
1789684030095,567,Get Booking IDs,200,OK,Thread Group 1-233,text,true,,53003,248,535,535,https://restful-booker.herokuapp.com/booking,365,0,0
1789684028915,1747,Login,200,OK,Thread Group 1-422,text,true,,770,325,535,535,https://restful-booker.herokuapp.com/auth,1747,0,1550
1789684030468,198,Get Booking,200,OK,Thread Group 1-433,text,true,,912,253,535,535,https://restful-booker.herokuapp.com/booking/3855,198,0,0
1789684029925,741,Login,200,OK,Thread Group 1-656,text,true,,770,325,535,535,https://restful-booker.herokuapp.com/auth,741,0,548
1789684028914,1752,Login,200,OK,Thread Group 1-414,text,true,,770,325,535,535,https://restful-booker.herokuapp.com/auth,1752,0,1556
1789684030476,192,Get Booking,200,OK,Thread Group 1-440,text,true,,914,253,536,536,https://restful-booker.herokuapp.com/booking/3871,192,0,0
1789684030471,197,UpdateBooking - PATCH,200,OK,Thread Group 1-51,text,true,,914,333,536,536,https://restful-booker.herokuapp.com/booking/3579,197,0,0
1789684030476,194,Get Booking,200,OK,Thread Group 1-401,text,true,,916,253,536,536,https://restful-booker.herokuapp.com/booking/3842,194,0,0
1789684030486,184,DeleteBooking,200,OK,Thread Group 1-104,text,true,,914,253,536,536,https://restful-booker.herokuapp.com/booking/3634,184,0,0
1789684029884,787,Login,200,OK,Thread Group 1-594,text,true,,770,325,536,536,https://restful-booker.herokuapp.com/auth,787,0,608
1789684029884,790,Login,200,OK,Thread Group 1-642,text,true,,770,325,535,535,https://restful-booker.herokuapp.com/auth,790,0,612
1789684029889,785,Login,200,OK,Thread Group 1-621,text,true,,770,325,535,535,https://restful-booker.herokuapp.com/auth,785,0,608
1789684029927,749,Login,200,OK,Thread Group 1-627,text,true,,770,325,536,536,https://restful-booker.herokuapp.com/auth,749,0,551
1789684029926,755,Login,200,OK,Thread Group 1-592,text,true,,770,325,538,538,https://restful-booker.herokuapp.com/auth,755,0,555
1789684030482,199,CreateBooking,200,OK,Thread Group 1-557,text,true,,945,522,538,538,https://restful-booker.herokuapp.com/booking,199,0,0
1789684029920,765,Login,200,OK,Thread Group 1-611,text,true,,770,325,539,539,https://restful-booker.herokuapp.com/auth,765,0,561
1789684030498,188,CreateBooking,200,OK,Thread Group 1-531,text,true,,944,521,539,539,https://restful-booker.herokuapp.com/booking,187,0,0
1789684030487,199,Get Booking,200,OK,Thread Group 1-416,text,true,,912,253,539,539,https://restful-booker.herokuapp.com/booking/3879,199,0,0
1789684030501,185,CreateBooking,200,OK,Thread Group 1-593,text,true,,941,518,539,539,https://restful-booker.herokuapp.com/booking,185,0,0
1789684029952,735,Login,200,OK,Thread Group 1-623,text,true,,770,325,539,539,https://restful-booker.herokuapp.com/auth,735,0,550
1789684030497,190,Get Booking,200,OK,Thread Group 1-390,text,true,,915,253,539,539,https://restful-booker.herokuapp.com/booking/3874,190,0,0
1789684029975,712,Login,200,OK,Thread Group 1-629,text,true,,770,325,539,539,https://restful-booker.herokuapp.com/auth,712,0,531
1789684030506,183,Get Booking,200,OK,Thread Group 1-371,text,true,,915,253,538,538,https://restful-booker.herokuapp.com/booking/3864,183,0,0
1789684029975,714,Login,200,OK,Thread Group 1-628,text,true,,770,325,538,538,https://restful-booker.herokuapp.com/auth,714,0,534
1789684029978,711,Login,200,OK,Thread Group 1-640,text,true,,771,327,538,538,https://restful-booker.herokuapp.com/auth,711,0,534
1789684029919,770,Login,200,OK,Thread Group 1-622,text,true,,770,325,538,538,https://restful-booker.herokuapp.com/auth,770,0,596
1789684029985,704,Get Booking IDs,200,OK,Thread Group 1-293,text,true,,52718,248,538,538,https://restful-booker.herokuapp.com/booking,167,0,0
1789684029919,771,Login,200,OK,Thread Group 1-630,text,true,,771,327,536,536,https://restful-booker.herokuapp.com/auth,771,0,596
1789684030514,178,CreateBooking,200,OK,Thread Group 1-554,text,true,,943,520,538,538,https://restful-booker.herokuapp.com/booking,178,0,0
1789684029973,721,Login,200,OK,Thread Group 1-646,text,true,,770,325,538,538,https://restful-booker.herokuapp.com/auth,721,0,542
1789684029918,779,Login,200,OK,Thread Group 1-616,text,true,,770,325,540,540,https://restful-booker.herokuapp.com/auth,779,0,597
1789684030149,550,Get Booking IDs,200,OK,Thread Group 1-338,text,true,,53098,248,540,540,https://restful-booker.herokuapp.com/booking,186,0,0
1789684030518,181,Get Booking,200,OK,Thread Group 1-458,text,true,,915,253,540,540,https://restful-booker.herokuapp.com/booking/3863,181,0,0
1789684030533,177,DeleteBooking,200,OK,Thread Group 1-37,text,true,,914,253,544,544,https://restful-booker.herokuapp.com/booking/3612,177,0,0
1789684028702,2008,Login,200,OK,Thread Group 1-365,text,false,"The operation lasted too long: It took 2,008 milliseconds, but should not have lasted longer than 2,000 milliseconds.",771,327,544,544,https://restful-booker.herokuapp.com/auth,2008,0,1827
1789684030540,174,UpdateBooking - PUT,200,OK,Thread Group 1-271,text,true,,914,524,544,544,https://restful-booker.herokuapp.com/booking/3766,174,0,0
1789684030538,176,Get Booking,200,OK,Thread Group 1-428,text,true,,915,253,544,544,https://restful-booker.herokuapp.com/booking/3862,176,0,0
1789684029926,788,Login,200,OK,Thread Group 1-662,text,true,,770,325,544,544,https://restful-booker.herokuapp.com/auth,788,0,609
1789684029931,783,Login,200,OK,Thread Group 1-598,text,true,,770,325,544,544,https://restful-booker.herokuapp.com/auth,783,0,612
1789684030539,175,Get Booking,200,OK,Thread Group 1-431,text,true,,912,253,544,544,https://restful-booker.herokuapp.com/booking/3890,175,0,0
1789684030535,182,Get Booking,200,OK,Thread Group 1-410,text,true,,915,253,545,545,https://restful-booker.herokuapp.com/booking/3884,182,0,0
1789684030164,553,Get Booking IDs,200,OK,Thread Group 1-317,text,true,,53155,248,545,545,https://restful-booker.herokuapp.com/booking,185,0,0
1789684029929,788,Login,200,OK,Thread Group 1-645,text,true,,771,327,545,545,https://restful-booker.herokuapp.com/auth,788,0,611
1789684030149,570,Get Booking IDs,200,OK,Thread Group 1-294,text,true,,53098,248,544,544,https://restful-booker.herokuapp.com/booking,221,0,0
1789684029990,729,Login,200,OK,Thread Group 1-641,text,true,,770,325,544,544,https://restful-booker.herokuapp.com/auth,729,0,548
1789684030544,175,CreateBooking,200,OK,Thread Group 1-537,text,true,,944,521,544,544,https://restful-booker.herokuapp.com/booking,175,0,0
1789684029926,793,Login,200,OK,Thread Group 1-644,text,true,,770,325,544,544,https://restful-booker.herokuapp.com/auth,793,0,614
1789684029986,733,Login,200,OK,Thread Group 1-618,text,true,,770,325,544,544,https://restful-booker.herokuapp.com/auth,733,0,549
1789684030165,556,Get Booking IDs,200,OK,Thread Group 1-307,text,true,,53155,248,544,544,https://restful-booker.herokuapp.com/booking,192,0,0
1789684029930,791,Login,200,OK,Thread Group 1-613,text,true,,770,325,544,544,https://restful-booker.herokuapp.com/auth,791,0,619
1789684030554,167,CreateBooking,200,OK,Thread Group 1-518,text,true,,945,522,544,544,https://restful-booker.herokuapp.com/booking,167,0,0
1789684030002,720,Login,200,OK,Thread Group 1-680,text,true,,771,327,544,544,https://restful-booker.herokuapp.com/auth,720,0,547
1789684030005,718,Login,200,OK,Thread Group 1-619,text,true,,770,325,543,543,https://restful-booker.herokuapp.com/auth,718,0,549
1789684029986,737,Login,200,OK,Thread Group 1-657,text,true,,770,325,543,543,https://restful-booker.herokuapp.com/auth,737,0,563
1789684030171,554,Get Booking IDs,200,OK,Thread Group 1-316,text,true,,53174,248,543,543,https://restful-booker.herokuapp.com/booking,197,0,0
1789684030558,170,DeleteBooking,200,OK,Thread Group 1-137,text,true,,914,253,543,543,https://restful-booker.herokuapp.com/booking/3636,170,0,0
1789684030152,576,Get Booking IDs,200,OK,Thread Group 1-304,text,true,,53098,248,543,543,https://restful-booker.herokuapp.com/booking,233,0,0
1789684029948,787,Login,200,OK,Thread Group 1-635,text,true,,771,327,546,546,https://restful-booker.herokuapp.com/auth,787,0,619
1789684030190,546,Get Booking IDs,200,OK,Thread Group 1-283,text,true,,53250,248,545,545,https://restful-booker.herokuapp.com/booking,203,0,0
1789684029965,771,Login,200,OK,Thread Group 1-651,text,true,,770,325,545,545,https://restful-booker.herokuapp.com/auth,771,0,605
1789684030018,718,Login,200,OK,Thread Group 1-652,text,true,,770,325,545,545,https://restful-booker.herokuapp.com/auth,718,0,548
1789684030566,172,Get Booking,200,OK,Thread Group 1-441,text,true,,912,253,544,544,https://restful-booker.herokuapp.com/booking/3878,172,0,0
1789684030021,717,Login,200,OK,Thread Group 1-658,text,true,,770,325,544,544,https://restful-booker.herokuapp.com/auth,717,0,550
1789684030015,725,Login,200,OK,Thread Group 1-636,text,true,,770,325,545,545,https://restful-booker.herokuapp.com/auth,725,0,552
1789684030031,710,Login,200,OK,Thread Group 1-633,text,true,,770,325,545,545,https://restful-booker.herokuapp.com/auth,710,0,543
1789684030572,169,CreateBooking,200,OK,Thread Group 1-607,text,true,,941,518,545,545,https://restful-booker.herokuapp.com/booking,169,0,0
1789684030035,708,Login,200,OK,Thread Group 1-675,text,true,,771,327,546,546,https://restful-booker.herokuapp.com/auth,708,0,539
1789684030573,170,Get Booking,200,OK,Thread Group 1-486,text,true,,914,253,546,546,https://restful-booker.herokuapp.com/booking/3899,170,0,0
1789684030581,167,Get Booking,200,OK,Thread Group 1-406,text,true,,914,253,547,547,https://restful-booker.herokuapp.com/booking/3848,167,0,0
1789684029986,763,Login,200,OK,Thread Group 1-660,text,true,,771,327,547,547,https://restful-booker.herokuapp.com/auth,763,0,597
1789684029986,764,Login,200,OK,Thread Group 1-620,text,true,,771,327,547,547,https://restful-booker.herokuapp.com/auth,764,0,598
1789684029989,761,Login,200,OK,Thread Group 1-687,text,true,,770,325,547,547,https://restful-booker.herokuapp.com/auth,761,0,595
1789684030586,165,DeleteBooking,200,OK,Thread Group 1-131,text,true,,914,253,547,547,https://restful-booker.herokuapp.com/booking/3656,165,0,0
1789684030585,167,CreateBooking,200,OK,Thread Group 1-524,text,true,,943,520,546,546,https://restful-booker.herokuapp.com/booking,167,0,0
1789684030586,170,Get Booking,200,OK,Thread Group 1-453,text,true,,915,253,546,546,https://restful-booker.herokuapp.com/booking/3885,170,0,0
1789684030050,706,Login,200,OK,Thread Group 1-626,text,true,,770,325,546,546,https://restful-booker.herokuapp.com/auth,706,0,537
1789684030213,545,Get Booking IDs,200,OK,Thread Group 1-314,text,true,,53383,248,549,549,https://restful-booker.herokuapp.com/booking,374,0,0
1789684030583,175,Get Booking,200,OK,Thread Group 1-457,text,true,,914,253,549,549,https://restful-booker.herokuapp.com/booking/3880,175,0,0
1789684030586,174,CreateBooking,200,OK,Thread Group 1-580,text,true,,944,521,549,549,https://restful-booker.herokuapp.com/booking,174,0,0
1789684030586,174,Get Booking,200,OK,Thread Group 1-450,text,true,,914,253,549,549,https://restful-booker.herokuapp.com/booking/3893,174,0,0
1789684030594,166,CreateBooking,200,OK,Thread Group 1-553,text,true,,945,522,549,549,https://restful-booker.herokuapp.com/booking,166,0,0
1789684030594,166,UpdateBooking - PATCH,200,OK,Thread Group 1-164,text,true,,914,333,549,549,https://restful-booker.herokuapp.com/booking/3693,166,0,0
1789684030047,713,Login,200,OK,Thread Group 1-676,text,true,,770,325,549,549,https://restful-booker.herokuapp.com/auth,713,0,540
1789684030597,165,CreateBooking,200,OK,Thread Group 1-543,text,true,,943,520,550,550,https://restful-booker.herokuapp.com/booking,165,0,0
1789684030600,165,Get Booking,200,OK,Thread Group 1-443,text,true,,914,253,551,551,https://restful-booker.herokuapp.com/booking/3900,165,0,0
1789684030592,174,CreateBooking,200,OK,Thread Group 1-527,text,true,,943,520,551,551,https://restful-booker.herokuapp.com/booking,174,0,0
1789684030206,560,Get Booking IDs,200,OK,Thread Group 1-300,text,true,,53326,248,551,551,https://restful-booker.herokuapp.com/booking,221,0,0
1789684030604,169,Get Booking,200,OK,Thread Group 1-487,text,true,,915,253,566,566,https://restful-booker.herokuapp.com/booking/3904,169,0,0
1789684030428,352,Get Booking IDs,200,OK,Thread Group 1-377,text,true,,53972,248,576,576,https://restful-booker.herokuapp.com/booking,176,0,0
1789684030231,549,Get Booking IDs,200,OK,Thread Group 1-268,text,true,,53459,248,576,576,https://restful-booker.herokuapp.com/booking,372,0,0
1789684030212,568,Get Booking IDs,200,OK,Thread Group 1-330,text,true,,53364,248,576,576,https://restful-booker.herokuapp.com/booking,220,0,0
1789684030610,170,CreateBooking,200,OK,Thread Group 1-560,text,true,,944,521,576,576,https://restful-booker.herokuapp.com/booking,170,0,0
1789684030610,176,Get Booking,200,OK,Thread Group 1-451,text,true,,915,253,590,590,https://restful-booker.herokuapp.com/booking/3891,176,0,0
1789684029998,788,Login,200,OK,Thread Group 1-638,text,true,,770,325,590,590,https://restful-booker.herokuapp.com/auth,788,0,608
1789684030622,168,UpdateBooking - PATCH,200,OK,Thread Group 1-197,text,true,,914,333,596,596,https://restful-booker.herokuapp.com/booking/3686,168,0,0
1789684030213,577,Get Booking IDs,200,OK,Thread Group 1-290,text,true,,53383,248,596,596,https://restful-booker.herokuapp.com/booking,222,0,0
1789684030616,176,CreateBooking,200,OK,Thread Group 1-534,text,true,,941,518,602,602,https://restful-booker.herokuapp.com/booking,176,0,0
1789684030233,559,Get Booking IDs,200,OK,Thread Group 1-328,text,true,,53459,248,602,602,https://restful-booker.herokuapp.com/booking,203,0,0
1789684030616,176,CreateBooking,200,OK,Thread Group 1-563,text,true,,944,521,602,602,https://restful-booker.herokuapp.com/booking,176,0,0
1789684030627,168,Get Booking,200,OK,Thread Group 1-506,text,true,,915,253,602,602,https://restful-booker.herokuapp.com/booking/3883,168,0,0
1789684030619,176,DeleteBooking,200,OK,Thread Group 1-44,text,true,,914,253,602,602,https://restful-booker.herokuapp.com/booking/3560,176,0,0
1789684030632,171,Get Booking,200,OK,Thread Group 1-383,text,true,,912,253,609,609,https://restful-booker.herokuapp.com/booking/3854,171,0,0
1789684030638,165,Get Booking,200,OK,Thread Group 1-483,text,true,,912,253,609,609,https://restful-booker.herokuapp.com/booking/3919,165,0,0
1789684030011,793,Login,200,OK,Thread Group 1-696,text,true,,770,325,609,609,https://restful-booker.herokuapp.com/auth,793,0,626
1789684030640,165,CreateBooking,200,OK,Thread Group 1-551,text,true,,941,518,609,609,https://restful-booker.herokuapp.com/booking,165,0,0
1789684030641,170,CreateBooking,200,OK,Thread Group 1-578,text,true,,944,521,609,609,https://restful-booker.herokuapp.com/booking,170,0,0
1789684030011,800,Login,200,OK,Thread Group 1-670,text,true,,771,327,609,609,https://restful-booker.herokuapp.com/auth,800,0,634
1789684030650,163,CreateBooking,200,OK,Thread Group 1-544,text,true,,945,522,609,609,https://restful-booker.herokuapp.com/booking,163,0,0
1789684030252,566,Get Booking IDs,200,OK,Thread Group 1-323,text,true,,53516,248,609,609,https://restful-booker.herokuapp.com/booking,195,0,0
1789684030018,802,Login,200,OK,Thread Group 1-650,text,true,,771,327,608,608,https://restful-booker.herokuapp.com/auth,802,0,635
1789684030254,570,Get Booking IDs,200,OK,Thread Group 1-334,text,true,,53516,248,608,608,https://restful-booker.herokuapp.com/booking,196,0,0
1789684030642,184,DeleteBooking,200,OK,Thread Group 1-111,text,true,,914,253,607,607,https://restful-booker.herokuapp.com/booking/3644,184,0,0
1789684030074,757,Login,200,OK,Thread Group 1-672,text,true,,770,325,606,606,https://restful-booker.herokuapp.com/auth,757,0,577
1789684030652,185,UpdateBooking - PUT,200,OK,Thread Group 1-237,text,true,,914,524,605,605,https://restful-booker.herokuapp.com/booking/3726,185,0,0
1789684030031,806,Login,200,OK,Thread Group 1-614,text,true,,770,325,605,605,https://restful-booker.herokuapp.com/auth,806,0,626
1789684030052,785,Login,200,OK,Thread Group 1-649,text,true,,770,325,605,605,https://restful-booker.herokuapp.com/auth,785,0,609
1789684028984,1860,Get Booking IDs,200,OK,Thread Group 1-124,text,true,,50643,248,604,604,https://restful-booker.herokuapp.com/booking,841,0,0
1789684030662,182,Get Booking,200,OK,Thread Group 1-423,text,true,,914,253,604,604,https://restful-booker.herokuapp.com/booking/3877,182,0,0
1789684030664,180,Get Booking,200,OK,Thread Group 1-517,text,true,,914,253,604,604,https://restful-booker.herokuapp.com/booking/3902,180,0,0
1789684030050,794,Login,200,OK,Thread Group 1-639,text,true,,770,325,604,604,https://restful-booker.herokuapp.com/auth,794,0,614
1789684030660,184,CreateBooking,200,OK,Thread Group 1-488,text,true,,941,518,604,604,https://restful-booker.herokuapp.com/booking,184,0,0
1789684030669,175,Get Booking,200,OK,Thread Group 1-500,text,true,,915,253,604,604,https://restful-booker.herokuapp.com/booking/3896,175,0,0
1789684030666,179,CreateBooking,200,OK,Thread Group 1-513,text,true,,945,522,603,603,https://restful-booker.herokuapp.com/booking,179,0,0
1789684030669,176,CreateBooking,200,OK,Thread Group 1-574,text,true,,944,521,603,603,https://restful-booker.herokuapp.com/booking,176,0,0
1789684030070,781,Login,200,OK,Thread Group 1-677,text,true,,770,325,603,603,https://restful-booker.herokuapp.com/auth,781,0,604
1789684030085,766,Login,200,OK,Thread Group 1-669,text,true,,770,325,603,603,https://restful-booker.herokuapp.com/auth,766,0,577
1789684030676,181,Get Booking,200,OK,Thread Group 1-494,text,true,,914,253,602,602,https://restful-booker.herokuapp.com/booking/3895,181,0,0
1789684030087,770,Login,200,OK,Thread Group 1-684,text,true,,770,325,602,602,https://restful-booker.herokuapp.com/auth,770,0,575
1789684030669,188,Get Booking,200,OK,Thread Group 1-496,text,true,,914,253,602,602,https://restful-booker.herokuapp.com/booking/3887,188,0,0
1789684030674,183,UpdateBooking - PUT,200,OK,Thread Group 1-277,text,true,,914,524,602,602,https://restful-booker.herokuapp.com/booking/3753,183,0,0
1789684030674,184,CreateBooking,200,OK,Thread Group 1-583,text,true,,944,521,602,602,https://restful-booker.herokuapp.com/booking,184,0,0
1789684030092,767,Login,200,OK,Thread Group 1-666,text,true,,770,325,602,602,https://restful-booker.herokuapp.com/auth,767,0,584
1789684030087,772,Login,200,OK,Thread Group 1-665,text,true,,771,327,602,602,https://restful-booker.herokuapp.com/auth,772,0,589
1789684030281,586,Get Booking IDs,200,OK,Thread Group 1-313,text,true,,53630,248,601,601,https://restful-booker.herokuapp.com/booking,196,0,0
1789684030666,201,DeleteBooking,200,OK,Thread Group 1-91,text,true,,914,253,601,601,https://restful-booker.herokuapp.com/booking/3624,201,0,0
1789684030074,793,Login,200,OK,Thread Group 1-647,text,true,,770,325,601,601,https://restful-booker.herokuapp.com/auth,793,0,603
1789684030666,205,Get Booking,200,OK,Thread Group 1-504,text,true,,915,253,599,599,https://restful-booker.herokuapp.com/booking/3913,205,0,0
1789684030673,198,CreateBooking,200,OK,Thread Group 1-573,text,true,,944,521,599,599,https://restful-booker.herokuapp.com/booking,198,0,0
1789684030094,777,Login,200,OK,Thread Group 1-698,text,true,,770,325,599,599,https://restful-booker.herokuapp.com/auth,777,0,587
1789684030287,592,Get Booking IDs,200,OK,Thread Group 1-320,text,true,,53649,248,599,599,https://restful-booker.herokuapp.com/booking,392,0,0
1789684030108,771,Login,200,OK,Thread Group 1-667,text,true,,770,325,599,599,https://restful-booker.herokuapp.com/auth,771,0,577
1789684030680,199,CreateBooking,200,OK,Thread Group 1-530,text,true,,941,518,599,599,https://restful-booker.herokuapp.com/booking,199,0,0
1789684030109,774,Login,200,OK,Thread Group 1-709,text,true,,770,325,598,598,https://restful-booker.herokuapp.com/auth,774,0,577
1789684030121,765,Login,200,OK,Thread Group 1-653,text,true,,770,325,597,597,https://restful-booker.herokuapp.com/auth,765,0,568
1789684030691,201,Get Booking,200,OK,Thread Group 1-514,text,true,,916,253,597,597,https://restful-booker.herokuapp.com/booking/3894,201,0,0
1789684030690,202,Get Booking,200,OK,Thread Group 1-493,text,true,,912,253,597,597,https://restful-booker.herokuapp.com/booking/3888,202,0,0
1789684030133,760,Login,200,OK,Thread Group 1-637,text,true,,770,325,597,597,https://restful-booker.herokuapp.com/auth,760,0,566
1789684030128,765,Login,200,OK,Thread Group 1-643,text,true,,770,325,597,597,https://restful-booker.herokuapp.com/auth,765,0,569
1789684030337,556,Get Booking IDs,200,OK,Thread Group 1-291,text,true,,53763,248,597,597,https://restful-booker.herokuapp.com/booking,187,0,0
1789684030699,195,Get Booking,200,OK,Thread Group 1-474,text,true,,915,253,597,597,https://restful-booker.herokuapp.com/booking/3886,195,0,0
1789684030693,205,CreateBooking,200,OK,Thread Group 1-586,text,true,,943,520,597,597,https://restful-booker.herokuapp.com/booking,205,0,0
1789684030693,205,CreateBooking,200,OK,Thread Group 1-608,text,true,,943,520,597,597,https://restful-booker.herokuapp.com/booking,205,0,0
1789684030121,780,Login,200,OK,Thread Group 1-678,text,true,,770,325,597,597,https://restful-booker.herokuapp.com/auth,780,0,569
1789684030129,776,Login,200,OK,Thread Group 1-679,text,true,,770,325,597,597,https://restful-booker.herokuapp.com/auth,776,0,577
1789684030131,774,Login,200,OK,Thread Group 1-671,text,true,,770,325,597,597,https://restful-booker.herokuapp.com/auth,774,0,575
1789684030336,569,Get Booking IDs,200,OK,Thread Group 1-341,text,true,,53763,248,597,597,https://restful-booker.herokuapp.com/booking,356,0,0
1789684030339,569,Get Booking IDs,200,OK,Thread Group 1-297,text,true,,53763,248,595,595,https://restful-booker.herokuapp.com/booking,185,0,0
1789684030350,563,Get Booking IDs,200,OK,Thread Group 1-348,text,true,,53820,248,595,595,https://restful-booker.herokuapp.com/booking,187,0,0
1789684030706,207,Get Booking,200,OK,Thread Group 1-471,text,true,,916,253,595,595,https://restful-booker.herokuapp.com/booking/3901,207,0,0
1789684030702,213,CreateBooking,200,OK,Thread Group 1-581,text,true,,944,521,594,594,https://restful-booker.herokuapp.com/booking,213,0,0
1789684030342,579,Get Booking IDs,200,OK,Thread Group 1-356,text,true,,53782,248,594,594,https://restful-booker.herokuapp.com/booking,368,0,0
1789684030718,203,CreateBooking,200,OK,Thread Group 1-567,text,true,,945,522,594,594,https://restful-booker.herokuapp.com/booking,203,0,0
1789684030169,754,Login,200,OK,Thread Group 1-673,text,true,,770,325,593,593,https://restful-booker.herokuapp.com/auth,754,0,556
1789684030728,197,Get Booking,200,OK,Thread Group 1-508,text,true,,923,253,593,593,https://restful-booker.herokuapp.com/booking/3910,197,0,0
1789684030378,549,Get Booking IDs,200,OK,Thread Group 1-327,text,true,,53858,248,593,593,https://restful-booker.herokuapp.com/booking,184,0,0
1789684030729,198,Get Booking,200,OK,Thread Group 1-444,text,true,,922,253,593,593,https://restful-booker.herokuapp.com/booking/3907,198,0,0
1789684030731,198,Get Booking,200,OK,Thread Group 1-437,text,true,,924,253,592,592,https://restful-booker.herokuapp.com/booking/3889,198,0,0
1789684030399,534,Get Booking IDs,200,OK,Thread Group 1-367,text,true,,53877,248,592,592,https://restful-booker.herokuapp.com/booking,175,0,0
1789684030737,196,Get Booking,200,OK,Thread Group 1-484,text,true,,923,253,592,592,https://restful-booker.herokuapp.com/booking/3909,196,0,0
1789684030742,194,Get Booking,200,OK,Thread Group 1-461,text,true,,923,253,591,591,https://restful-booker.herokuapp.com/booking/3906,194,0,0
1789684030185,753,Login,200,OK,Thread Group 1-682,text,true,,778,325,591,591,https://restful-booker.herokuapp.com/auth,753,0,556
1789684030742,198,Get Booking,200,OK,Thread Group 1-411,text,true,,920,253,590,590,https://restful-booker.herokuapp.com/booking/3897,198,0,0
1789684030741,199,UpdateBooking - PATCH,200,OK,Thread Group 1-184,text,true,,922,333,590,590,https://restful-booker.herokuapp.com/booking/3687,199,0,0
1789684030189,751,Login,200,OK,Thread Group 1-668,text,true,,778,325,590,590,https://restful-booker.herokuapp.com/auth,751,0,558
1789684030169,771,Login,200,OK,Thread Group 1-690,text,true,,779,327,590,590,https://restful-booker.herokuapp.com/auth,771,0,576
1789684030746,196,Get Booking,200,OK,Thread Group 1-570,text,true,,923,253,590,590,https://restful-booker.herokuapp.com/booking/3942,195,0,0
1789684030160,782,Login,200,OK,Thread Group 1-681,text,true,,778,325,590,590,https://restful-booker.herokuapp.com/auth,781,0,585
1789684030749,195,Get Booking,200,OK,Thread Group 1-481,text,true,,923,253,590,590,https://restful-booker.herokuapp.com/booking/3923,195,0,0
1789684030744,200,CreateBooking,200,OK,Thread Group 1-556,text,true,,951,520,590,590,https://restful-booker.herokuapp.com/booking,200,0,0
1789684030408,536,Get Booking IDs,200,OK,Thread Group 1-324,text,true,,53896,248,590,590,https://restful-booker.herokuapp.com/booking,175,0,0
1789684030194,750,Login,200,OK,Thread Group 1-648,text,true,,778,325,590,590,https://restful-booker.herokuapp.com/auth,750,0,556
1789684030751,195,UpdateBooking - PATCH,200,OK,Thread Group 1-231,text,true,,922,333,590,590,https://restful-booker.herokuapp.com/booking/3713,195,0,0
1789684030181,768,Login,200,OK,Thread Group 1-683,text,true,,778,325,590,590,https://restful-booker.herokuapp.com/auth,768,0,568
1789684030412,538,Get Booking IDs,200,OK,Thread Group 1-374,text,true,,53915,248,590,590,https://restful-booker.herokuapp.com/booking,179,0,0
1789684030761,193,UpdateBooking - PUT,200,OK,Thread Group 1-204,text,true,,922,524,589,589,https://restful-booker.herokuapp.com/booking/3710,193,0,0
1789684030760,198,CreateBooking,200,OK,Thread Group 1-568,text,true,,952,521,589,589,https://restful-booker.herokuapp.com/booking,198,0,0
1789684030187,772,Login,200,OK,Thread Group 1-708,text,true,,778,325,589,589,https://restful-booker.herokuapp.com/auth,772,0,564
1789684030192,771,Login,200,OK,Thread Group 1-703,text,true,,778,325,589,589,https://restful-booker.herokuapp.com/auth,771,0,574
1789684030773,190,CreateBooking,200,OK,Thread Group 1-597,text,true,,951,520,589,589,https://restful-booker.herokuapp.com/booking,190,0,0
1789684030773,192,CreateBooking,200,OK,Thread Group 1-587,text,true,,949,518,589,589,https://restful-booker.herokuapp.com/booking,192,0,0
1789684030755,210,Get Booking,200,OK,Thread Group 1-497,text,true,,924,253,589,589,https://restful-booker.herokuapp.com/booking/3912,210,0,0
1789684030051,916,Get Booking IDs,200,OK,Thread Group 1-238,text,true,,52946,248,589,589,https://restful-booker.herokuapp.com/booking,163,0,0
1789684030761,206,Get Booking,200,OK,Thread Group 1-460,text,true,,920,253,589,589,https://restful-booker.herokuapp.com/booking/3918,206,0,0
1789684030767,201,CreateBooking,200,OK,Thread Group 1-564,text,true,,952,521,588,588,https://restful-booker.herokuapp.com/booking,201,0,0
1789684030782,188,DeleteBooking,200,OK,Thread Group 1-57,text,true,,922,253,588,588,https://restful-booker.herokuapp.com/booking/3620,188,0,0
1789684030423,549,Get Booking IDs,200,OK,Thread Group 1-396,text,true,,53972,248,587,587,https://restful-booker.herokuapp.com/booking,180,0,0
1789684030207,765,Login,200,OK,Thread Group 1-725,text,true,,779,327,587,587,https://restful-booker.herokuapp.com/auth,765,0,579
1789684030771,201,CreateBooking,200,OK,Thread Group 1-591,text,true,,952,521,587,587,https://restful-booker.herokuapp.com/booking,201,0,0
1789684030770,202,Get Booking,200,OK,Thread Group 1-511,text,true,,924,253,586,586,https://restful-booker.herokuapp.com/booking/3911,202,0,0
1789684030772,201,DeleteBooking,200,OK,Thread Group 1-24,text,true,,922,253,585,585,https://restful-booker.herokuapp.com/booking/3576,201,0,0
1789684030773,201,Get Booking,200,OK,Thread Group 1-528,text,true,,923,253,584,584,https://restful-booker.herokuapp.com/booking/3937,201,0,0
1789684030790,184,CreateBooking,200,OK,Thread Group 1-600,text,true,,949,518,584,584,https://restful-booker.herokuapp.com/booking,184,0,0
1789684030193,781,Login,200,OK,Thread Group 1-689,text,true,,778,325,584,584,https://restful-booker.herokuapp.com/auth,781,0,573
1789684030303,671,CreateBooking,200,OK,Thread Group 1-498,text,true,,941,518,584,584,https://restful-booker.herokuapp.com/booking,671,0,0
1789684030432,548,Get Booking IDs,200,OK,Thread Group 1-337,text,true,,53972,248,583,583,https://restful-booker.herokuapp.com/booking,183,0,0
1789684030779,201,Get Booking,200,OK,Thread Group 1-520,text,true,,920,253,583,583,https://restful-booker.herokuapp.com/booking/3917,201,0,0
1789684030778,202,UpdateBooking - PATCH,200,OK,Thread Group 1-173,text,true,,922,333,583,583,https://restful-booker.herokuapp.com/booking/3707,202,0,0
1789684030789,197,UpdateBooking - PATCH,200,OK,Thread Group 1-177,text,true,,922,333,583,583,https://restful-booker.herokuapp.com/booking/3700,197,0,0
1789684030792,195,Get Booking,200,OK,Thread Group 1-577,text,true,,924,253,583,583,https://restful-booker.herokuapp.com/booking/3929,195,0,0
1789684030434,554,Get Booking IDs,200,OK,Thread Group 1-344,text,true,,53991,248,583,583,https://restful-booker.herokuapp.com/booking,197,0,0
1789684030794,194,Get Booking,200,OK,Thread Group 1-550,text,true,,923,253,583,583,https://restful-booker.herokuapp.com/booking/3928,194,0,0
1789684030799,200,CreateBooking,200,OK,Thread Group 1-604,text,true,,952,521,583,583,https://restful-booker.herokuapp.com/booking,200,0,0
1789684030804,199,CreateBooking,200,OK,Thread Group 1-664,text,true,,951,520,583,583,https://restful-booker.herokuapp.com/booking,199,0,0
1789684030436,567,Get Booking IDs,200,OK,Thread Group 1-340,text,true,,53991,248,583,583,https://restful-booker.herokuapp.com/booking,195,0,0
1789684030808,199,CreateBooking,200,OK,Thread Group 1-521,text,true,,949,518,582,582,https://restful-booker.herokuapp.com/booking,199,0,0
1789684030808,203,Get Booking,200,OK,Thread Group 1-473,text,true,,923,253,582,582,https://restful-booker.herokuapp.com/booking/3925,203,0,0
1789684030634,377,Get Booking IDs,200,OK,Thread Group 1-398,text,true,,54485,248,582,582,https://restful-booker.herokuapp.com/booking,179,0,0
1789684030805,208,Get Booking,200,OK,Thread Group 1-456,text,true,,923,253,581,581,https://restful-booker.herokuapp.com/booking/3914,207,0,0
1789684030818,194,Get Booking,200,OK,Thread Group 1-490,text,true,,922,253,581,581,https://restful-booker.herokuapp.com/booking/3915,194,0,0
1789684030823,192,Get Booking,200,OK,Thread Group 1-376,text,true,,923,253,581,581,https://restful-booker.herokuapp.com/booking/3892,192,0,0
1789684030218,799,Login,200,OK,Thread Group 1-720,text,true,,779,327,581,581,https://restful-booker.herokuapp.com/auth,799,0,593
1789684030241,777,Login,200,OK,Thread Group 1-706,text,true,,778,325,581,581,https://restful-booker.herokuapp.com/auth,777,0,585
1789684030818,204,Get Booking,200,OK,Thread Group 1-478,text,true,,924,253,581,581,https://restful-booker.herokuapp.com/booking/3934,204,0,0
1789684030816,206,CreateBooking,200,OK,Thread Group 1-588,text,true,,949,518,581,581,https://restful-booker.herokuapp.com/booking,206,0,0
1789684030220,802,Login,200,OK,Thread Group 1-663,text,true,,778,325,581,581,https://restful-booker.herokuapp.com/auth,802,0,598
1789684030221,801,Login,200,OK,Thread Group 1-710,text,true,,779,327,581,581,https://restful-booker.herokuapp.com/auth,801,0,597
1789684030832,199,UpdateBooking - PUT,200,OK,Thread Group 1-264,text,true,,922,524,581,581,https://restful-booker.herokuapp.com/booking/3744,199,0,0
1789684030825,206,Get Booking,200,OK,Thread Group 1-463,text,true,,922,253,581,581,https://restful-booker.herokuapp.com/booking/3922,206,0,0
1789684030217,814,Login,200,OK,Thread Group 1-702,text,true,,778,325,581,581,https://restful-booker.herokuapp.com/auth,814,0,603
1789684030827,205,CreateBooking,200,OK,Thread Group 1-566,text,true,,949,518,580,580,https://restful-booker.herokuapp.com/booking,205,0,0
1789684030463,569,Get Booking IDs,200,OK,Thread Group 1-391,text,true,,54162,248,580,580,https://restful-booker.herokuapp.com/booking,199,0,0
1789684030841,198,Get Booking,200,OK,Thread Group 1-447,text,true,,923,253,580,580,https://restful-booker.herokuapp.com/booking/3908,198,0,0
1789684030835,204,CreateBooking,200,OK,Thread Group 1-596,text,true,,949,518,580,580,https://restful-booker.herokuapp.com/booking,204,0,0
1789684030259,781,Login,200,OK,Thread Group 1-693,text,true,,778,325,580,580,https://restful-booker.herokuapp.com/auth,781,0,586
1789684030844,196,CreateBooking,200,OK,Thread Group 1-617,text,true,,953,522,580,580,https://restful-booker.herokuapp.com/booking,196,0,0
1789684030838,201,Get Booking,200,OK,Thread Group 1-491,text,true,,923,253,580,580,https://restful-booker.herokuapp.com/booking/3903,201,0,0
1789684030256,787,Login,200,OK,Thread Group 1-659,text,true,,778,325,580,580,https://restful-booker.herokuapp.com/auth,787,0,582
1789684030838,201,UpdateBooking - PUT,200,OK,Thread Group 1-251,text,true,,922,524,580,580,https://restful-booker.herokuapp.com/booking/3724,201,0,0
1789684030246,801,Login,200,OK,Thread Group 1-719,text,true,,778,325,579,579,https://restful-booker.herokuapp.com/auth,801,0,592
1789684030836,212,Get Booking,200,OK,Thread Group 1-480,text,true,,924,253,578,578,https://restful-booker.herokuapp.com/booking/3898,212,0,0
1789684030463,585,Get Booking IDs,200,OK,Thread Group 1-378,text,true,,54162,248,578,578,https://restful-booker.herokuapp.com/booking,201,0,0
1789684030850,199,Get Booking,200,OK,Thread Group 1-467,text,true,,920,253,578,578,https://restful-booker.herokuapp.com/booking/3921,199,0,0
1789684030852,197,Get Booking,200,OK,Thread Group 1-448,text,true,,920,253,578,578,https://restful-booker.herokuapp.com/booking/3916,197,0,0
1789684030850,199,UpdateBooking - PATCH,200,OK,Thread Group 1-257,text,true,,922,333,578,578,https://restful-booker.herokuapp.com/booking/3738,199,0,0
1789684030851,198,CreateBooking,200,OK,Thread Group 1-611,text,true,,952,521,578,578,https://restful-booker.herokuapp.com/booking,198,0,0
1789684030855,196,Get Booking,200,OK,Thread Group 1-510,text,true,,920,253,577,577,https://restful-booker.herokuapp.com/booking/3940,196,0,0
1789684030858,193,Get Booking,200,OK,Thread Group 1-501,text,true,,924,253,577,577,https://restful-booker.herokuapp.com/booking/3926,193,0,0
1789684030857,194,DeleteBooking,200,OK,Thread Group 1-117,text,true,,922,253,577,577,https://restful-booker.herokuapp.com/booking/3646,194,0,0
1789684030270,782,Login,200,OK,Thread Group 1-737,text,true,,778,325,577,577,https://restful-booker.herokuapp.com/auth,782,0,597
1789684030280,772,Login,200,OK,Thread Group 1-731,text,true,,778,325,577,577,https://restful-booker.herokuapp.com/auth,772,0,587
1789684030869,185,DeleteBooking,200,OK,Thread Group 1-51,text,true,,922,253,576,576,https://restful-booker.herokuapp.com/booking/3579,185,0,0
1789684030875,179,Get Booking,200,OK,Thread Group 1-523,text,true,,923,253,576,576,https://restful-booker.herokuapp.com/booking/3941,179,0,0
1789684030270,784,Login,200,OK,Thread Group 1-685,text,true,,779,327,576,576,https://restful-booker.herokuapp.com/auth,784,0,574
1789684030271,783,Login,200,OK,Thread Group 1-654,text,true,,778,325,576,576,https://restful-booker.herokuapp.com/auth,783,0,596
1789684030275,779,Login,200,OK,Thread Group 1-707,text,true,,778,325,576,576,https://restful-booker.herokuapp.com/auth,779,0,570
1789684030845,212,CreateBooking,200,OK,Thread Group 1-606,text,true,,953,522,574,574,https://restful-booker.herokuapp.com/booking,212,0,0
1789684030854,204,UpdateBooking - PUT,200,OK,Thread Group 1-284,text,true,,922,524,574,574,https://restful-booker.herokuapp.com/booking/3749,204,0,0
1789684030267,791,Login,200,OK,Thread Group 1-699,text,true,,778,325,574,574,https://restful-booker.herokuapp.com/auth,791,0,578
1789684030854,204,CreateBooking,200,OK,Thread Group 1-634,text,true,,949,518,574,574,https://restful-booker.herokuapp.com/booking,204,0,0
1789684030286,772,Login,200,OK,Thread Group 1-735,text,true,,779,327,574,574,https://restful-booker.herokuapp.com/auth,772,0,565
1789684030850,208,CreateBooking,200,OK,Thread Group 1-610,text,true,,952,521,574,574,https://restful-booker.herokuapp.com/booking,208,0,0
1789684030880,185,Get Booking,200,OK,Thread Group 1-541,text,true,,922,253,572,572,https://restful-booker.herokuapp.com/booking/3932,185,0,0
1789684030275,790,Login,200,OK,Thread Group 1-726,text,true,,778,325,572,572,https://restful-booker.herokuapp.com/auth,790,0,604
1789684030280,785,Login,200,OK,Thread Group 1-705,text,true,,779,327,572,572,https://restful-booker.herokuapp.com/auth,785,0,599
1789684030300,765,Login,200,OK,Thread Group 1-697,text,true,,778,325,572,572,https://restful-booker.herokuapp.com/auth,765,0,584
1789684030288,778,Login,200,OK,Thread Group 1-742,text,true,,778,325,571,571,https://restful-booker.herokuapp.com/auth,778,0,596
1789684030305,771,Login,200,OK,Thread Group 1-727,text,true,,778,325,570,570,https://restful-booker.herokuapp.com/auth,771,0,581
1789684030862,216,Get Booking,200,OK,Thread Group 1-547,text,true,,923,253,570,570,https://restful-booker.herokuapp.com/booking/3946,216,0,0
1789684030275,806,Login,200,OK,Thread Group 1-711,text,true,,778,325,570,570,https://restful-booker.herokuapp.com/auth,806,0,617
1789684030900,181,DeleteBooking,200,OK,Thread Group 1-190,text,true,,922,253,570,570,https://restful-booker.herokuapp.com/booking/3678,181,0,0
1789684030902,179,CreateBooking,200,OK,Thread Group 1-633,text,true,,952,521,570,570,https://restful-booker.herokuapp.com/booking,179,0,0
1789684030907,176,CreateBooking,200,OK,Thread Group 1-658,text,true,,952,521,569,569,https://restful-booker.herokuapp.com/booking,176,0,0
1789684030296,791,Login,200,OK,Thread Group 1-691,text,true,,778,325,569,569,https://restful-booker.herokuapp.com/auth,791,0,575
1789684030872,215,CreateBooking,200,OK,Thread Group 1-584,text,true,,952,521,569,569,https://restful-booker.herokuapp.com/booking,215,0,0
1789684030108,979,Login,200,OK,Thread Group 1-695,text,true,,779,327,569,569,https://restful-booker.herokuapp.com/auth,979,0,763
1789684030907,181,Get Booking,200,OK,Thread Group 1-558,text,true,,923,253,568,568,https://restful-booker.herokuapp.com/booking/3944,181,0,0
1789684030516,575,Get Booking IDs,200,OK,Thread Group 1-361,text,true,,54276,248,568,568,https://restful-booker.herokuapp.com/booking,176,0,0
1789684030877,214,Get Booking,200,OK,Thread Group 1-554,text,true,,922,253,568,568,https://restful-booker.herokuapp.com/booking/3952,214,0,0
1789684030877,214,UpdateBooking - PATCH,200,OK,Thread Group 1-211,text,true,,922,333,568,568,https://restful-booker.herokuapp.com/booking/3702,214,0,0
1789684030913,178,Get Booking,200,OK,Thread Group 1-561,text,true,,923,253,568,568,https://restful-booker.herokuapp.com/booking/3931,178,0,0
1789684030914,179,Get Booking,200,OK,Thread Group 1-593,text,true,,920,253,567,567,https://restful-booker.herokuapp.com/booking/3951,179,0,0
1789684030310,783,Login,200,OK,Thread Group 1-694,text,true,,778,325,567,567,https://restful-booker.herokuapp.com/auth,783,0,574
1789684030895,237,Get Booking,200,OK,Thread Group 1-518,text,true,,924,253,567,567,https://restful-booker.herokuapp.com/booking/3955,237,0,0
1789684030327,805,Login,200,OK,Thread Group 1-700,text,true,,779,327,567,567,https://restful-booker.herokuapp.com/auth,805,0,586
1789684030924,209,CreateBooking,200,OK,Thread Group 1-594,text,true,,952,521,567,567,https://restful-booker.herokuapp.com/booking,209,0,0
1789684030308,825,Login,200,OK,Thread Group 1-724,text,true,,778,325,567,567,https://restful-booker.herokuapp.com/auth,825,0,590
1789684030388,745,Login,200,OK,Thread Group 1-714,text,true,,778,325,567,567,https://restful-booker.herokuapp.com/auth,745,0,545
1789684030380,753,Login,200,OK,Thread Group 1-774,text,true,,778,325,567,567,https://restful-booker.herokuapp.com/auth,753,0,558
1789684030885,248,Get Booking,200,OK,Thread Group 1-507,text,true,,923,253,567,567,https://restful-booker.herokuapp.com/booking/3935,248,0,0
1789684030522,612,Get Booking IDs,200,OK,Thread Group 1-393,text,true,,54295,248,567,567,https://restful-booker.herokuapp.com/booking,182,0,0
1789684030934,200,CreateBooking,200,OK,Thread Group 1-640,text,true,,952,521,567,567,https://restful-booker.herokuapp.com/booking,200,0,0
1789684030355,779,Login,200,OK,Thread Group 1-738,text,true,,778,325,567,567,https://restful-booker.herokuapp.com/auth,779,0,569
1789684030390,747,Login,200,OK,Thread Group 1-732,text,true,,778,325,566,566,https://restful-booker.herokuapp.com/auth,747,0,558
1789684030953,184,CreateBooking,200,OK,Thread Group 1-656,text,true,,952,521,566,566,https://restful-booker.herokuapp.com/booking,184,0,0
1789684030399,738,Login,200,OK,Thread Group 1-723,text,true,,778,325,566,566,https://restful-booker.herokuapp.com/auth,738,0,553
1789684030389,749,Login,200,OK,Thread Group 1-743,text,true,,778,325,565,565,https://restful-booker.herokuapp.com/auth,749,0,555
1789684030953,185,CreateBooking,200,OK,Thread Group 1-641,text,true,,951,520,565,565,https://restful-booker.herokuapp.com/booking,185,0,0
1789684030405,733,Login,200,OK,Thread Group 1-755,text,true,,779,327,565,565,https://restful-booker.herokuapp.com/auth,733,0,541
1789684030398,740,Login,200,OK,Thread Group 1-722,text,true,,778,325,565,565,https://restful-booker.herokuapp.com/auth,740,0,544
1789684030932,207,CreateBooking,200,OK,Thread Group 1-623,text,true,,949,518,563,563,https://restful-booker.herokuapp.com/booking,207,0,0
1789684030909,230,Get Booking,200,OK,Thread Group 1-476,text,true,,923,253,563,563,https://restful-booker.herokuapp.com/booking/3930,230,0,0
1789684030376,763,Login,200,OK,Thread Group 1-692,text,true,,778,325,563,563,https://restful-booker.herokuapp.com/auth,763,0,557
1789684030946,194,Get Booking,200,OK,Thread Group 1-538,text,true,,924,253,562,562,https://restful-booker.herokuapp.com/booking/3924,194,0,0
1789684030356,785,Login,200,OK,Thread Group 1-729,text,true,,778,325,562,562,https://restful-booker.herokuapp.com/auth,785,0,565
1789684030558,584,Get Booking IDs,200,OK,Thread Group 1-364,text,true,,54314,248,561,561,https://restful-booker.herokuapp.com/booking,173,0,0
1789684030939,203,CreateBooking,200,OK,Thread Group 1-646,text,true,,952,521,561,561,https://restful-booker.herokuapp.com/booking,203,0,0
1789684030934,209,Get Booking,200,OK,Thread Group 1-560,text,true,,923,253,561,561,https://restful-booker.herokuapp.com/booking/3962,209,0,0
1789684030586,557,Get Booking IDs,200,OK,Thread Group 1-363,text,true,,54333,248,561,561,https://restful-booker.herokuapp.com/booking,166,0,0
1789684030946,197,Get Booking,200,OK,Thread Group 1-573,text,true,,923,253,561,561,https://restful-booker.herokuapp.com/booking/3971,197,0,0
1789684030920,223,DeleteBooking,200,OK,Thread Group 1-157,text,true,,922,253,561,561,https://restful-booker.herokuapp.com/booking/3647,223,0,0
1789684030954,190,Get Booking,200,OK,Thread Group 1-546,text,true,,922,253,559,559,https://restful-booker.herokuapp.com/booking/3948,190,0,0
1789684030885,259,UpdateBooking - PATCH,200,OK,Thread Group 1-244,text,true,,922,333,559,559,https://restful-booker.herokuapp.com/booking/3703,259,0,0
1789684030326,819,Login,200,OK,Thread Group 1-749,text,true,,778,325,559,559,https://restful-booker.herokuapp.com/auth,819,0,568
1789684030942,203,CreateBooking,200,OK,Thread Group 1-631,text,true,,952,521,559,559,https://restful-booker.herokuapp.com/booking,203,0,0
1789684030375,771,Login,200,OK,Thread Group 1-704,text,true,,778,325,559,559,https://restful-booker.herokuapp.com/auth,771,0,557
1789684030928,218,CreateBooking,200,OK,Thread Group 1-548,text,true,,952,521,558,558,https://restful-booker.herokuapp.com/booking,218,0,0
1789684030424,722,Login,200,OK,Thread Group 1-713,text,true,,778,325,558,558,https://restful-booker.herokuapp.com/auth,722,0,535
1789684030954,192,CreateBooking,200,OK,Thread Group 1-630,text,true,,953,522,558,558,https://restful-booker.herokuapp.com/booking,192,0,0
1789684030924,222,CreateBooking,200,OK,Thread Group 1-571,text,true,,953,522,558,558,https://restful-booker.herokuapp.com/booking,222,0,0
1789684030412,735,Login,200,OK,Thread Group 1-715,text,true,,779,327,558,558,https://restful-booker.herokuapp.com/auth,735,0,545
1789684030925,222,CreateBooking,200,OK,Thread Group 1-613,text,true,,949,518,558,558,https://restful-booker.herokuapp.com/booking,222,0,0
1789684030387,760,Login,200,OK,Thread Group 1-752,text,true,,778,325,558,558,https://restful-booker.herokuapp.com/auth,760,0,555
1789684030402,745,Login,200,OK,Thread Group 1-784,text,true,,778,325,558,558,https://restful-booker.herokuapp.com/auth,745,0,553
1789684030937,209,UpdateBooking - PATCH,200,OK,Thread Group 1-224,text,true,,922,333,558,558,https://restful-booker.herokuapp.com/booking/3716,209,0,0
1789684030752,401,Get Booking IDs,200,OK,Thread Group 1-381,text,true,,54778,248,556,556,https://restful-booker.herokuapp.com/booking,205,0,0
1789684030604,549,Get Booking IDs,200,OK,Thread Group 1-331,text,true,,54428,248,556,556,https://restful-booker.herokuapp.com/booking,166,0,0
1789684030422,732,Login,200,OK,Thread Group 1-744,text,true,,778,325,556,556,https://restful-booker.herokuapp.com/auth,732,0,534
1789684030412,742,Login,200,OK,Thread Group 1-763,text,true,,778,325,556,556,https://restful-booker.herokuapp.com/auth,742,0,545
1789684030961,198,CreateBooking,200,OK,Thread Group 1-603,text,true,,953,522,555,555,https://restful-booker.herokuapp.com/booking,198,0,0
1789684030968,191,CreateBooking,200,OK,Thread Group 1-576,text,true,,952,521,555,555,https://restful-booker.herokuapp.com/booking,191,0,0
1789684030966,194,CreateBooking,200,OK,Thread Group 1-644,text,true,,953,522,555,555,https://restful-booker.herokuapp.com/booking,194,0,0
1789684030755,412,Get Booking IDs,200,OK,Thread Group 1-417,text,true,,54778,248,555,555,https://restful-booker.herokuapp.com/booking,208,0,0
1789684030979,188,UpdateBooking - PATCH,200,OK,Thread Group 1-217,text,true,,922,333,555,555,https://restful-booker.herokuapp.com/booking/3696,188,0,0
1789684030418,750,Login,200,OK,Thread Group 1-718,text,true,,778,325,555,555,https://restful-booker.herokuapp.com/auth,750,0,547
1789684030982,189,CreateBooking,200,OK,Thread Group 1-621,text,true,,951,520,555,555,https://restful-booker.herokuapp.com/booking,189,0,0
1789684030407,768,Login,200,OK,Thread Group 1-758,text,true,,778,325,555,555,https://restful-booker.herokuapp.com/auth,768,0,559
1789684030969,212,Get Booking,200,OK,Thread Group 1-580,text,true,,923,253,555,555,https://restful-booker.herokuapp.com/booking/3958,212,0,0
1789684030636,547,Get Booking IDs,200,OK,Thread Group 1-357,text,true,,54485,248,555,555,https://restful-booker.herokuapp.com/booking,164,0,0
1789684030989,195,CreateBooking,200,OK,Thread Group 1-624,text,true,,951,520,555,555,https://restful-booker.herokuapp.com/booking,194,0,0
1789684030972,215,Get Booking,200,OK,Thread Group 1-533,text,true,,924,253,555,555,https://restful-booker.herokuapp.com/booking/3933,215,0,0
1789684030975,214,CreateBooking,200,OK,Thread Group 1-627,text,true,,953,522,555,555,https://restful-booker.herokuapp.com/booking,214,0,0
1789684030409,780,Login,200,OK,Thread Group 1-661,text,true,,778,325,555,555,https://restful-booker.herokuapp.com/auth,780,0,563
1789684030795,398,Get Booking IDs,200,OK,Thread Group 1-470,text,true,,54911,248,555,555,https://restful-booker.herokuapp.com/booking,200,0,0
1789684031001,205,CreateBooking,200,OK,Thread Group 1-698,text,true,,952,521,554,554,https://restful-booker.herokuapp.com/booking,205,0,0
1789684028989,2217,Login,200,OK,Thread Group 1-464,text,false,"The operation lasted too long: It took 2,217 milliseconds, but should not have lasted longer than 2,000 milliseconds.",778,325,554,554,https://restful-booker.herokuapp.com/auth,2217,0,2016
1789684031001,208,CreateBooking,200,OK,Thread Group 1-536,text,true,,951,520,554,554,https://restful-booker.herokuapp.com/booking,208,0,0
1789684030977,232,CreateBooking,200,OK,Thread Group 1-414,text,true,,949,518,554,554,https://restful-booker.herokuapp.com/booking,232,0,0
1789684030985,224,CreateBooking,200,OK,Thread Group 1-680,text,true,,952,521,554,554,https://restful-booker.herokuapp.com/booking,224,0,0
1789684030985,224,DeleteBooking,200,OK,Thread Group 1-144,text,true,,922,253,554,554,https://restful-booker.herokuapp.com/booking/3663,224,0,0
1789684030988,224,CreateBooking,200,OK,Thread Group 1-626,text,true,,949,518,553,553,https://restful-booker.herokuapp.com/booking,224,0,0
1789684030434,778,Login,200,OK,Thread Group 1-785,text,true,,779,327,553,553,https://restful-booker.herokuapp.com/auth,778,0,554
1789684030622,598,Get Booking IDs,200,OK,Thread Group 1-366,text,true,,54485,248,552,552,https://restful-booker.herokuapp.com/booking,174,0,0
1789684030424,796,Login,200,OK,Thread Group 1-775,text,true,,779,327,552,552,https://restful-booker.herokuapp.com/auth,796,0,562
1789684031008,213,UpdateBooking - PATCH,200,OK,Thread Group 1-271,text,true,,922,333,550,550,https://restful-booker.herokuapp.com/booking/3766,213,0,0
1789684031007,220,Get Booking,200,OK,Thread Group 1-503,text,true,,923,253,550,550,https://restful-booker.herokuapp.com/booking/3936,220,0,0
1789684031008,219,Get Booking,200,OK,Thread Group 1-551,text,true,,920,253,550,550,https://restful-booker.herokuapp.com/booking/3965,219,0,0
1789684031000,227,Get Booking,200,OK,Thread Group 1-516,text,true,,920,253,550,550,https://restful-booker.herokuapp.com/booking/3945,227,0,0
1789684030648,602,Get Booking IDs,200,OK,Thread Group 1-350,text,true,,54523,248,550,550,https://restful-booker.herokuapp.com/booking,183,0,0
1789684030440,816,Login,200,OK,Thread Group 1-716,text,true,,778,325,549,549,https://restful-booker.herokuapp.com/auth,816,0,578
1789684030457,799,Login,200,OK,Thread Group 1-746,text,true,,778,325,549,549,https://restful-booker.herokuapp.com/auth,799,0,560
1789684031018,241,Get Booking,200,OK,Thread Group 1-468,text,true,,922,253,549,549,https://restful-booker.herokuapp.com/booking/3947,241,0,0
1789684031021,238,UpdateBooking - PUT,200,OK,Thread Group 1-377,text,true,,922,524,549,549,https://restful-booker.herokuapp.com/booking/3821,238,0,0
1789684030654,608,Get Booking IDs,200,OK,Thread Group 1-384,text,true,,54542,248,549,549,https://restful-booker.herokuapp.com/booking,170,0,0
1789684031020,242,Get Booking,200,OK,Thread Group 1-574,text,true,,923,253,549,549,https://restful-booker.herokuapp.com/booking/3970,242,0,0
1789684031023,239,CreateBooking,200,OK,Thread Group 1-677,text,true,,951,520,549,549,https://restful-booker.herokuapp.com/booking,239,0,0
1789684030654,611,Get Booking IDs,200,OK,Thread Group 1-466,text,true,,54542,248,549,549,https://restful-booker.herokuapp.com/booking,177,0,0
1789684031027,238,Get Booking,200,OK,Thread Group 1-531,text,true,,923,253,549,549,https://restful-booker.herokuapp.com/booking/3950,238,0,0
1789684030461,807,Login,200,OK,Thread Group 1-764,text,true,,778,325,548,548,https://restful-booker.herokuapp.com/auth,807,0,571
1789684030448,822,Login,200,OK,Thread Group 1-739,text,true,,778,325,548,548,https://restful-booker.herokuapp.com/auth,822,0,584
1789684031033,237,CreateBooking,200,OK,Thread Group 1-660,text,true,,951,520,548,548,https://restful-booker.herokuapp.com/booking,237,0,0
1789684031030,240,Get Booking,200,OK,Thread Group 1-540,text,true,,924,253,548,548,https://restful-booker.herokuapp.com/booking/3943,240,0,0
1789684031034,239,DeleteBooking,200,OK,Thread Group 1-164,text,true,,922,253,547,547,https://restful-booker.herokuapp.com/booking/3693,239,0,0
1789684030460,813,Login,200,OK,Thread Group 1-799,text,true,,778,325,547,547,https://restful-booker.herokuapp.com/auth,813,0,583
1789684030477,798,Login,200,OK,Thread Group 1-769,text,true,,778,325,545,545,https://restful-booker.herokuapp.com/auth,798,0,566
1789684030466,809,Login,200,OK,Thread Group 1-734,text,true,,778,325,545,545,https://restful-booker.herokuapp.com/auth,809,0,576
1789684031036,241,Get Booking,200,OK,Thread Group 1-526,text,true,,922,253,544,544,https://restful-booker.herokuapp.com/booking/3938,241,0,0
1789684031036,247,CreateBooking,200,OK,Thread Group 1-657,text,true,,951,520,544,544,https://restful-booker.herokuapp.com/booking,247,0,0
1789684031045,246,Get Booking,200,OK,Thread Group 1-557,text,true,,924,253,544,544,https://restful-booker.herokuapp.com/booking/3949,246,0,0
1789684030466,829,Login,200,OK,Thread Group 1-753,text,true,,778,325,544,544,https://restful-booker.herokuapp.com/auth,829,0,585
1789684030447,848,Login,200,OK,Thread Group 1-766,text,true,,778,325,544,544,https://restful-booker.herokuapp.com/auth,848,0,600
1789684030472,832,Login,200,OK,Thread Group 1-751,text,true,,778,325,544,544,https://restful-booker.herokuapp.com/auth,832,0,584
1789684030673,632,Get Booking IDs,200,OK,Thread Group 1-333,text,true,,54618,248,544,544,https://restful-booker.herokuapp.com/booking,198,0,0
1789684031052,257,Get Booking,200,OK,Thread Group 1-553,text,true,,924,253,543,543,https://restful-booker.herokuapp.com/booking/3960,257,0,0
1789684031062,247,UpdateBooking - PUT,200,OK,Thread Group 1-317,text,true,,922,524,543,543,https://restful-booker.herokuapp.com/booking/3787,247,0,0
1789684031062,247,CreateBooking,200,OK,Thread Group 1-676,text,true,,952,521,543,543,https://restful-booker.herokuapp.com/booking,247,0,0
1789684031059,250,CreateBooking,200,OK,Thread Group 1-651,text,true,,953,522,543,543,https://restful-booker.herokuapp.com/booking,250,0,0
1789684030678,637,Get Booking IDs,200,OK,Thread Group 1-386,text,true,,54637,248,543,543,https://restful-booker.herokuapp.com/booking,181,0,0
1789684031057,260,CreateBooking,200,OK,Thread Group 1-616,text,true,,949,518,542,542,https://restful-booker.herokuapp.com/booking,260,0,0
1789684030491,826,Login,200,OK,Thread Group 1-721,text,true,,778,325,542,542,https://restful-booker.herokuapp.com/auth,826,0,570
1789684030487,831,Login,200,OK,Thread Group 1-767,text,true,,778,325,542,542,https://restful-booker.herokuapp.com/auth,831,0,574
1789684031062,261,CreateBooking,200,OK,Thread Group 1-687,text,true,,952,521,542,542,https://restful-booker.herokuapp.com/booking,261,0,0
1789684031067,256,CreateBooking,200,OK,Thread Group 1-667,text,true,,951,520,542,542,https://restful-booker.herokuapp.com/booking,256,0,0
1789684030499,826,Login,200,OK,Thread Group 1-730,text,true,,779,327,542,542,https://restful-booker.herokuapp.com/auth,826,0,562
1789684030483,842,Login,200,OK,Thread Group 1-757,text,true,,778,325,542,542,https://restful-booker.herokuapp.com/auth,842,0,587
1789684030503,823,Login,200,OK,Thread Group 1-748,text,true,,778,325,542,542,https://restful-booker.herokuapp.com/auth,823,0,578
1789684031079,247,CreateBooking,200,OK,Thread Group 1-628,text,true,,951,520,542,542,https://restful-booker.herokuapp.com/booking,247,0,0
1789684030693,634,Get Booking IDs,200,OK,Thread Group 1-311,text,true,,54656,248,542,542,https://restful-booker.herokuapp.com/booking,378,0,0
1789684030498,829,Login,200,OK,Thread Group 1-686,text,true,,778,325,542,542,https://restful-booker.herokuapp.com/auth,829,0,583
1789684031079,249,CreateBooking,200,OK,Thread Group 1-653,text,true,,953,522,542,542,https://restful-booker.herokuapp.com/booking,249,0,0
1789684030507,821,Login,200,OK,Thread Group 1-745,text,true,,779,327,542,542,https://restful-booker.herokuapp.com/auth,821,0,576
1789684031072,266,CreateBooking,200,OK,Thread Group 1-650,text,true,,949,518,541,541,https://restful-booker.herokuapp.com/booking,266,0,0
1789684031071,267,CreateBooking,200,OK,Thread Group 1-666,text,true,,952,521,541,541,https://restful-booker.herokuapp.com/booking,267,0,0
1789684031074,267,UpdateBooking - PUT,200,OK,Thread Group 1-304,text,true,,922,524,541,541,https://restful-booker.herokuapp.com/booking/3786,267,0,0
1789684031074,267,CreateBooking,200,OK,Thread Group 1-590,text,true,,953,522,541,541,https://restful-booker.herokuapp.com/booking,267,0,0
1789684030696,646,Get Booking IDs,200,OK,Thread Group 1-336,text,true,,54694,248,541,541,https://restful-booker.herokuapp.com/booking,209,0,0
1789684031088,257,CreateBooking,200,OK,Thread Group 1-636,text,true,,949,518,540,540,https://restful-booker.herokuapp.com/booking,257,0,0
1789684031079,271,Get Booking,200,OK,Thread Group 1-488,text,true,,920,253,540,540,https://restful-booker.herokuapp.com/booking/3968,271,0,0
1789684030489,861,Login,200,OK,Thread Group 1-717,text,true,,778,325,540,540,https://restful-booker.herokuapp.com/auth,861,0,589
1789684030698,654,Get Booking IDs,200,OK,Thread Group 1-343,text,true,,54694,248,540,540,https://restful-booker.herokuapp.com/booking,213,0,0
1789684030733,624,Get Booking IDs,200,OK,Thread Group 1-353,text,true,,54759,248,539,539,https://restful-booker.herokuapp.com/booking,200,0,0
1789684031083,274,CreateBooking,200,OK,Thread Group 1-601,text,true,,952,521,539,539,https://restful-booker.herokuapp.com/booking,274,0,0
1789684030739,622,Get Booking IDs,200,OK,Thread Group 1-397,text,true,,54759,248,538,538,https://restful-booker.herokuapp.com/booking,199,0,0
1789684030684,677,Get Booking IDs,200,OK,Thread Group 1-347,text,true,,54656,248,538,538,https://restful-booker.herokuapp.com/booking,189,0,0
1789684030747,624,Get Booking IDs,200,OK,Thread Group 1-370,text,true,,54778,248,537,537,https://restful-booker.herokuapp.com/booking,199,0,0
1789684030534,843,Login,200,OK,Thread Group 1-747,text,true,,778,325,536,536,https://restful-booker.herokuapp.com/auth,843,0,599
1789684031093,284,CreateBooking,200,OK,Thread Group 1-614,text,true,,952,521,536,536,https://restful-booker.herokuapp.com/booking,284,0,0
1789684031094,283,Get Booking,200,OK,Thread Group 1-608,text,true,,922,253,536,536,https://restful-booker.herokuapp.com/booking/3975,283,0,0
1789684030555,822,Login,200,OK,Thread Group 1-765,text,true,,779,327,536,536,https://restful-booker.herokuapp.com/auth,822,0,578
1789684030578,805,Login,200,OK,Thread Group 1-728,text,true,,778,325,535,535,https://restful-booker.herokuapp.com/auth,805,0,559
1789684030557,826,Login,200,OK,Thread Group 1-780,text,true,,779,327,535,535,https://restful-booker.herokuapp.com/auth,826,0,580
1789684030578,807,Login,200,OK,Thread Group 1-839,text,true,,778,325,535,535,https://restful-booker.herokuapp.com/auth,807,0,559
1789684031138,249,Get Booking,200,OK,Thread Group 1-563,text,true,,923,253,534,534,https://restful-booker.herokuapp.com/booking/3963,249,0,0
1789684030539,851,Login,200,OK,Thread Group 1-756,text,true,,778,325,534,534,https://restful-booker.herokuapp.com/auth,851,0,600
1789684030720,670,Get Booking IDs,200,OK,Thread Group 1-354,text,true,,54751,248,534,534,https://restful-booker.herokuapp.com/booking,198,0,0
1789684031140,254,CreateBooking,200,OK,Thread Group 1-618,text,true,,952,521,533,533,https://restful-booker.herokuapp.com/booking,254,0,0
1789684030570,826,Login,200,OK,Thread Group 1-772,text,true,,778,325,533,533,https://restful-booker.herokuapp.com/auth,826,0,572
1789684030585,811,Login,200,OK,Thread Group 1-773,text,true,,778,325,533,533,https://restful-booker.herokuapp.com/auth,811,0,559
1789684031149,254,CreateBooking,200,OK,Thread Group 1-706,text,true,,952,521,532,532,https://restful-booker.herokuapp.com/booking,254,0,0
1789684031156,247,CreateBooking,200,OK,Thread Group 1-731,text,true,,951,520,532,532,https://restful-booker.herokuapp.com/booking,247,0,0
1789684030744,660,Get Booking IDs,200,OK,Thread Group 1-400,text,true,,54759,248,532,532,https://restful-booker.herokuapp.com/booking,194,0,0
1789684031147,257,Get Booking,200,OK,Thread Group 1-607,text,true,,920,253,532,532,https://restful-booker.herokuapp.com/booking/3956,257,0,0
1789684030526,878,Login,200,OK,Thread Group 1-733,text,true,,778,325,532,532,https://restful-booker.herokuapp.com/auth,878,0,608
1789684030584,820,Login,200,OK,Thread Group 1-802,text,true,,778,325,532,532,https://restful-booker.herokuapp.com/auth,820,0,583
1789684030541,863,Login,200,OK,Thread Group 1-786,text,true,,778,325,532,532,https://restful-booker.herokuapp.com/auth,863,0,591
1789684030555,850,Login,200,OK,Thread Group 1-798,text,true,,778,325,531,531,https://restful-booker.herokuapp.com/auth,850,0,578
1789684031150,254,Get Booking,200,OK,Thread Group 1-581,text,true,,923,253,532,532,https://restful-booker.herokuapp.com/booking/3976,254,0,0
1789684031165,240,CreateBooking,200,OK,Thread Group 1-673,text,true,,953,522,530,530,https://restful-booker.herokuapp.com/booking,240,0,0
1789684030511,895,Login,200,OK,Thread Group 1-712,text,true,,778,325,530,530,https://restful-booker.herokuapp.com/auth,895,0,622
1789684030578,837,Login,200,OK,Thread Group 1-740,text,true,,779,327,529,529,https://restful-booker.herokuapp.com/auth,837,0,560
1789684031142,276,Get Booking,200,OK,Thread Group 1-544,text,true,,924,253,529,529,https://restful-booker.herokuapp.com/booking/3967,276,0,0
1789684030579,839,Login,200,OK,Thread Group 1-759,text,true,,778,325,529,529,https://restful-booker.herokuapp.com/auth,839,0,562
1789684030541,877,Login,200,OK,Thread Group 1-778,text,true,,778,325,529,529,https://restful-booker.herokuapp.com/auth,877,0,598
1789684030557,861,Login,200,OK,Thread Group 1-825,text,true,,779,327,529,529,https://restful-booker.herokuapp.com/auth,861,0,584
1789684030595,823,Login,200,OK,Thread Group 1-736,text,true,,778,325,529,529,https://restful-booker.herokuapp.com/auth,823,0,549
1789684030533,886,Login,200,OK,Thread Group 1-793,text,true,,778,325,527,527,https://restful-booker.herokuapp.com/auth,886,0,608
1789684030959,464,Get Booking IDs,200,OK,Thread Group 1-457,text,true,,55386,248,527,527,https://restful-booker.herokuapp.com/booking,214,0,0
1789684031144,280,UpdateBooking - PUT,200,OK,Thread Group 1-291,text,true,,922,524,527,527,https://restful-booker.herokuapp.com/booking/3788,280,0,0
1789684030767,657,Get Booking IDs,200,OK,Thread Group 1-434,text,true,,54816,248,527,527,https://restful-booker.herokuapp.com/booking,205,0,0
1789684031143,284,Get Booking,200,OK,Thread Group 1-537,text,true,,923,253,526,526,https://restful-booker.herokuapp.com/booking/3954,284,0,0
1789684031177,250,Get Booking,200,OK,Thread Group 1-564,text,true,,923,253,526,526,https://restful-booker.herokuapp.com/booking/3981,250,0,0
1789684030586,841,Login,200,OK,Thread Group 1-750,text,true,,779,327,526,526,https://restful-booker.herokuapp.com/auth,841,0,560
1789684030586,843,Login,200,OK,Thread Group 1-821,text,true,,778,325,526,526,https://restful-booker.herokuapp.com/auth,843,0,560
1789684030511,921,Login,200,OK,Thread Group 1-792,text,true,,778,325,526,526,https://restful-booker.herokuapp.com/auth,921,0,634
1789684031143,289,Get Booking,200,OK,Thread Group 1-634,text,true,,920,253,526,526,https://restful-booker.herokuapp.com/booking/3997,289,0,0
1789684031154,286,DeleteBooking,200,OK,Thread Group 1-197,text,true,,922,253,525,525,https://restful-booker.herokuapp.com/booking/3686,286,0,0
1789684031149,291,CreateBooking,200,OK,Thread Group 1-620,text,true,,953,522,525,525,https://restful-booker.herokuapp.com/booking,291,0,0
1789684030594,846,Login,200,OK,Thread Group 1-760,text,true,,779,327,525,525,https://restful-booker.herokuapp.com/auth,846,0,559
1789684031150,290,Get Booking,200,OK,Thread Group 1-583,text,true,,923,253,525,525,https://restful-booker.herokuapp.com/booking/3972,290,0,0
1789684031192,249,Get Booking,200,OK,Thread Group 1-530,text,true,,920,253,525,525,https://restful-booker.herokuapp.com/booking/3973,249,0,0
1789684031150,291,CreateBooking,200,OK,Thread Group 1-643,text,true,,949,518,525,525,https://restful-booker.herokuapp.com/booking,291,0,0
1789684030968,473,Get Booking IDs,200,OK,Thread Group 1-450,text,true,,55424,248,524,524,https://restful-booker.herokuapp.com/booking,221,0,0
1789684030581,860,Login,200,OK,Thread Group 1-796,text,true,,778,325,524,524,https://restful-booker.herokuapp.com/auth,860,0,604
1789684031154,288,CreateBooking,200,OK,Thread Group 1-638,text,true,,951,520,523,523,https://restful-booker.herokuapp.com/booking,288,0,0
1789684031150,292,CreateBooking,200,OK,Thread Group 1-703,text,true,,949,518,523,523,https://restful-booker.herokuapp.com/booking,292,0,0
1789684030605,839,Login,200,OK,Thread Group 1-741,text,true,,778,325,523,523,https://restful-booker.herokuapp.com/auth,839,0,590
1789684030595,849,Login,200,OK,Thread Group 1-795,text,true,,779,327,523,523,https://restful-booker.herokuapp.com/auth,849,0,598
1789684030785,672,Get Booking IDs,200,OK,Thread Group 1-404,text,true,,54892,248,522,522,https://restful-booker.herokuapp.com/booking,413,0,0
1789684030792,668,Get Booking IDs,200,OK,Thread Group 1-373,text,true,,54911,248,522,522,https://restful-booker.herokuapp.com/booking,186,0,0
1789684030975,485,Get Booking IDs,200,OK,Thread Group 1-441,text,true,,55443,248,522,522,https://restful-booker.herokuapp.com/booking,223,0,0
1789684030608,854,Login,200,OK,Thread Group 1-782,text,true,,778,325,520,520,https://restful-booker.herokuapp.com/auth,854,0,559
1789684031177,286,Get Booking,200,OK,Thread Group 1-597,text,true,,922,253,519,519,https://restful-booker.herokuapp.com/booking/3983,286,0,0
1789684030623,850,Login,200,OK,Thread Group 1-777,text,true,,778,325,519,519,https://restful-booker.herokuapp.com/auth,850,0,554
1789684031182,291,CreateBooking,200,OK,Thread Group 1-598,text,true,,952,521,519,519,https://restful-booker.herokuapp.com/booking,291,0,0
1789684030626,847,Login,200,OK,Thread Group 1-800,text,true,,779,327,519,519,https://restful-booker.herokuapp.com/auth,847,0,557
1789684031188,288,Get Booking,200,OK,Thread Group 1-578,text,true,,923,253,519,519,https://restful-booker.herokuapp.com/booking/3966,288,0,0
1789684031209,267,UpdateBooking - PUT,200,OK,Thread Group 1-297,text,true,,922,524,519,519,https://restful-booker.herokuapp.com/booking/3784,267,0,0
1789684031187,289,Get Booking,200,OK,Thread Group 1-534,text,true,,920,253,519,519,https://restful-booker.herokuapp.com/booking/3964,289,0,0
1789684030608,868,Login,200,OK,Thread Group 1-791,text,true,,778,325,519,519,https://restful-booker.herokuapp.com/auth,868,0,598
1789684030796,683,Get Booking IDs,200,OK,Thread Group 1-454,text,true,,54930,248,519,519,https://restful-booker.herokuapp.com/booking,201,0,0
1789684030630,853,Login,200,OK,Thread Group 1-810,text,true,,779,327,518,518,https://restful-booker.herokuapp.com/auth,853,0,568
1789684031200,287,CreateBooking,200,OK,Thread Group 1-696,text,true,,953,522,518,518,https://restful-booker.herokuapp.com/booking,287,0,0
1789684030610,879,Login,200,OK,Thread Group 1-762,text,true,,778,325,518,518,https://restful-booker.herokuapp.com/auth,879,0,603
1789684030620,871,Login,200,OK,Thread Group 1-770,text,true,,779,327,517,517,https://restful-booker.herokuapp.com/auth,871,0,600
1789684031217,274,CreateBooking,200,OK,Thread Group 1-708,text,true,,952,521,517,517,https://restful-booker.herokuapp.com/booking,274,0,0
1789684030631,862,Login,200,OK,Thread Group 1-837,text,true,,778,325,517,517,https://restful-booker.herokuapp.com/auth,862,0,597
1789684031231,264,CreateBooking,200,OK,Thread Group 1-737,text,true,,952,521,517,517,https://restful-booker.herokuapp.com/booking,264,0,0
1789684031204,291,CreateBooking,200,OK,Thread Group 1-637,text,true,,952,521,517,517,https://restful-booker.herokuapp.com/booking,291,0,0
1789684030617,883,Login,200,OK,Thread Group 1-826,text,true,,778,325,517,517,https://restful-booker.herokuapp.com/auth,883,0,618
1789684030808,693,Get Booking IDs,200,OK,Thread Group 1-424,text,true,,54968,248,517,517,https://restful-booker.herokuapp.com/booking,199,0,0
1789684030631,870,Login,200,OK,Thread Group 1-807,text,true,,778,325,517,517,https://restful-booker.herokuapp.com/auth,870,0,578
1789684030805,697,Get Booking IDs,200,OK,Thread Group 1-438,text,true,,54949,248,517,517,https://restful-booker.herokuapp.com/booking,200,0,0
1789684031237,267,CreateBooking,200,OK,Thread Group 1-678,text,true,,952,521,516,516,https://restful-booker.herokuapp.com/booking,267,0,0
1789684031212,296,UpdateBooking - PATCH,200,OK,Thread Group 1-277,text,true,,922,333,516,516,https://restful-booker.herokuapp.com/booking/3753,296,0,0
1789684031212,296,Get Booking,200,OK,Thread Group 1-513,text,true,,924,253,516,516,https://restful-booker.herokuapp.com/booking/3969,296,0,0
1789684031215,293,CreateBooking,200,OK,Thread Group 1-648,text,true,,951,520,516,516,https://restful-booker.herokuapp.com/booking,293,0,0
1789684030630,878,Login,200,OK,Thread Group 1-808,text,true,,778,325,516,516,https://restful-booker.herokuapp.com/auth,878,0,582
1789684031217,291,CreateBooking,200,OK,Thread Group 1-683,text,true,,953,522,516,516,https://restful-booker.herokuapp.com/booking,291,0,0
1789684030617,892,Login,200,OK,Thread Group 1-805,text,true,,779,327,516,516,https://restful-booker.herokuapp.com/auth,892,0,625
1789684031246,265,Get Booking,200,OK,Thread Group 1-527,text,true,,922,253,515,515,https://restful-booker.herokuapp.com/booking/3959,265,0,0
1789684031249,263,UpdateBooking - PUT,200,OK,Thread Group 1-324,text,true,,922,524,515,515,https://restful-booker.herokuapp.com/booking/3775,263,0,0
1789684030639,875,Login,200,OK,Thread Group 1-819,text,true,,778,325,515,515,https://restful-booker.herokuapp.com/auth,875,0,611
1789684031249,266,Get Booking,200,OK,Thread Group 1-556,text,true,,922,253,515,515,https://restful-booker.herokuapp.com/booking/3979,266,0,0
1789684031254,263,UpdateBooking - PATCH,200,OK,Thread Group 1-264,text,true,,922,333,514,514,https://restful-booker.herokuapp.com/booking/3744,263,0,0
1789684031226,298,Get Booking,200,OK,Thread Group 1-524,text,true,,922,253,514,514,https://restful-booker.herokuapp.com/booking/3957,298,0,0
1789684030811,714,Get Booking IDs,200,OK,Thread Group 1-430,text,true,,54968,248,514,514,https://restful-booker.herokuapp.com/booking,202,0,0
1789684031256,268,DeleteBooking,200,OK,Thread Group 1-173,text,true,,922,253,514,514,https://restful-booker.herokuapp.com/booking/3707,268,0,0
1789684031226,298,UpdateBooking - PATCH,200,OK,Thread Group 1-284,text,true,,922,333,514,514,https://restful-booker.herokuapp.com/booking/3749,298,0,0
1789684031228,296,UpdateBooking - PUT,200,OK,Thread Group 1-124,text,true,,922,524,514,514,https://restful-booker.herokuapp.com/booking/3649,296,0,0
1789684030829,698,Get Booking IDs,200,OK,Thread Group 1-401,text,true,,54987,248,512,512,https://restful-booker.herokuapp.com/booking,430,0,0
1789684031238,289,CreateBooking,200,OK,Thread Group 1-668,text,true,,952,521,512,512,https://restful-booker.herokuapp.com/booking,289,0,0
1789684030808,721,Get Booking IDs,200,OK,Thread Group 1-446,text,true,,54968,248,511,511,https://restful-booker.herokuapp.com/booking,203,0,0
1789684031232,297,Get Booking,200,OK,Thread Group 1-587,text,true,,920,253,511,511,https://restful-booker.herokuapp.com/booking/3984,297,0,0
1789684031237,297,CreateBooking,200,OK,Thread Group 1-663,text,true,,953,522,510,510,https://restful-booker.herokuapp.com/booking,297,0,0
1789684031237,297,CreateBooking,200,OK,Thread Group 1-681,text,true,,952,521,510,510,https://restful-booker.herokuapp.com/booking,297,0,0
1789684031246,290,DeleteBooking,200,OK,Thread Group 1-231,text,true,,922,253,510,510,https://restful-booker.herokuapp.com/booking/3713,290,0,0
1789684030640,896,Login,200,OK,Thread Group 1-797,text,true,,778,325,510,510,https://restful-booker.herokuapp.com/auth,896,0,603
1789684030836,702,Get Booking IDs,200,OK,Thread Group 1-413,text,true,,55006,248,509,509,https://restful-booker.herokuapp.com/booking,198,0,0
1789684030653,887,Login,200,OK,Thread Group 1-804,text,true,,778,325,508,508,https://restful-booker.herokuapp.com/auth,887,0,617
1789684031249,299,Get Booking,200,OK,Thread Group 1-543,text,true,,922,253,508,508,https://restful-booker.herokuapp.com/booking/3961,299,0,0
1789684031276,278,Get Booking,200,OK,Thread Group 1-633,text,true,,923,253,508,508,https://restful-booker.herokuapp.com/booking/3999,278,0,0
1789684031253,301,DeleteBooking,200,OK,Thread Group 1-211,text,true,,922,253,508,508,https://restful-booker.herokuapp.com/booking/3702,301,0,0
1789684030655,899,Login,200,OK,Thread Group 1-779,text,true,,778,325,508,508,https://restful-booker.herokuapp.com/auth,899,0,622
1789684031245,312,UpdateBooking - PATCH,200,OK,Thread Group 1-237,text,true,,922,333,506,506,https://restful-booker.herokuapp.com/booking/3726,312,0,0
1789684030845,713,Get Booking IDs,200,OK,Thread Group 1-440,text,true,,55044,248,506,506,https://restful-booker.herokuapp.com/booking,197,0,0
1789684031256,302,Get Booking,200,OK,Thread Group 1-586,text,true,,922,253,506,506,https://restful-booker.herokuapp.com/booking/3974,302,0,0
1789684031256,305,Get Booking,200,OK,Thread Group 1-588,text,true,,920,253,505,505,https://restful-booker.herokuapp.com/booking/3990,305,0,0
1789684031259,302,CreateBooking,200,OK,Thread Group 1-670,text,true,,952,521,505,505,https://restful-booker.herokuapp.com/booking,302,0,0
1789684030665,896,Login,200,OK,Thread Group 1-768,text,true,,778,325,505,505,https://restful-booker.herokuapp.com/auth,896,0,630
1789684030674,889,Login,200,OK,Thread Group 1-790,text,true,,779,327,505,505,https://restful-booker.herokuapp.com/auth,889,0,621
1789684031267,299,CreateBooking,200,OK,Thread Group 1-690,text,true,,949,518,505,505,https://restful-booker.herokuapp.com/booking,299,0,0
1789684031055,524,Get Booking IDs,200,OK,Thread Group 1-410,text,true,,55671,248,505,505,https://restful-booker.herokuapp.com/booking,243,0,0
1789684030638,941,Login,200,OK,Thread Group 1-788,text,true,,778,325,505,505,https://restful-booker.herokuapp.com/auth,941,0,627
1789684030649,930,Login,200,OK,Thread Group 1-761,text,true,,778,325,505,505,https://restful-booker.herokuapp.com/auth,930,0,644
1789684031302,278,CreateBooking,200,OK,Thread Group 1-774,text,true,,952,521,504,504,https://restful-booker.herokuapp.com/booking,278,0,0
1789684031306,279,UpdateBooking - PUT,200,OK,Thread Group 1-344,text,true,,922,524,504,504,https://restful-booker.herokuapp.com/booking/3805,279,0,0
1789684031305,280,DeleteBooking,200,OK,Thread Group 1-177,text,true,,922,253,504,504,https://restful-booker.herokuapp.com/booking/3700,280,0,0
1789684031268,317,DeleteBooking,200,OK,Thread Group 1-184,text,true,,922,253,504,504,https://restful-booker.herokuapp.com/booking/3687,317,0,0
1789684030675,912,Login,200,OK,Thread Group 1-816,text,true,,778,325,502,502,https://restful-booker.herokuapp.com/auth,912,0,631
1789684030839,752,Get Booking IDs,200,OK,Thread Group 1-408,text,true,,55006,248,502,502,https://restful-booker.herokuapp.com/booking,439,0,0
1789684031282,310,Get Booking,200,OK,Thread Group 1-621,text,true,,922,253,502,502,https://restful-booker.herokuapp.com/booking/4017,310,0,0
1789684031275,318,CreateBooking,200,OK,Thread Group 1-710,text,true,,952,521,501,501,https://restful-booker.herokuapp.com/booking,318,0,0
1789684030658,937,Login,200,OK,Thread Group 1-783,text,true,,778,325,501,501,https://restful-booker.herokuapp.com/auth,937,0,627
1789684030657,938,Login,200,OK,Thread Group 1-831,text,true,,778,325,501,501,https://restful-booker.herokuapp.com/auth,938,0,626
1789684030658,942,Login,200,OK,Thread Group 1-822,text,true,,778,325,501,501,https://restful-booker.herokuapp.com/auth,942,0,630
1789684031310,291,Get Booking,200,OK,Thread Group 1-617,text,true,,924,253,500,500,https://restful-booker.herokuapp.com/booking/3993,291,0,0
1789684031310,291,CreateBooking,200,OK,Thread Group 1-711,text,true,,953,522,500,500,https://restful-booker.herokuapp.com/booking,291,0,0
1789684030885,720,Get Booking IDs,200,OK,Thread Group 1-477,text,true,,55120,248,500,500,https://restful-booker.herokuapp.com/booking,183,0,0
1789684031313,292,Get Booking,200,OK,Thread Group 1-611,text,true,,923,253,500,500,https://restful-booker.herokuapp.com/booking/3995,292,0,0
1789684031316,291,Get Booking,200,OK,Thread Group 1-604,text,true,,923,253,500,500,https://restful-booker.herokuapp.com/booking/3987,291,0,0
1789684030686,923,Login,200,OK,Thread Group 1-771,text,true,,778,325,500,500,https://restful-booker.herokuapp.com/auth,923,0,640
1789684030684,925,Login,200,OK,Thread Group 1-823,text,true,,778,325,500,500,https://restful-booker.herokuapp.com/auth,925,0,641
1789684031324,285,Get Booking,200,OK,Thread Group 1-591,text,true,,923,253,500,500,https://restful-booker.herokuapp.com/booking/3982,285,0,0
1789684030667,945,Login,200,OK,Thread Group 1-794,text,true,,778,325,500,500,https://restful-booker.herokuapp.com/auth,945,0,642
1789684031316,297,CreateBooking,200,OK,Thread Group 1-734,text,true,,949,518,500,500,https://restful-booker.herokuapp.com/booking,297,0,0
1789684030883,732,Get Booking IDs,200,OK,Thread Group 1-390,text,true,,55120,248,500,500,https://restful-booker.herokuapp.com/booking,191,0,0
1789684031305,310,CreateBooking,200,OK,Thread Group 1-713,text,true,,952,521,500,500,https://restful-booker.herokuapp.com/booking,310,0,0
1789684030697,927,Login,200,OK,Thread Group 1-843,text,true,,778,325,499,499,https://restful-booker.herokuapp.com/auth,927,0,648
1789684030909,715,Get Booking IDs,200,OK,Thread Group 1-416,text,true,,55158,248,499,499,https://restful-booker.herokuapp.com/booking,180,0,0
1789684031349,275,CreateBooking,200,OK,Thread Group 1-697,text,true,,952,521,499,499,https://restful-booker.herokuapp.com/booking,275,0,0
1789684030694,930,Login,200,OK,Thread Group 1-789,text,true,,778,325,499,499,https://restful-booker.herokuapp.com/auth,930,0,653
1789684030859,767,Get Booking IDs,200,OK,Thread Group 1-380,text,true,,55101,248,497,497,https://restful-booker.herokuapp.com/booking,466,0,0
1789684031329,297,Get Booking,200,OK,Thread Group 1-630,text,true,,924,253,497,497,https://restful-booker.herokuapp.com/booking/4011,297,0,0
1789684030686,940,Login,200,OK,Thread Group 1-809,text,true,,778,325,497,497,https://restful-booker.herokuapp.com/auth,940,0,659
1789684031325,301,Get Booking,200,OK,Thread Group 1-584,text,true,,923,253,497,497,https://restful-booker.herokuapp.com/booking/3998,301,0,0
1789684030668,959,Login,200,OK,Thread Group 1-776,text,true,,778,325,495,495,https://restful-booker.herokuapp.com/auth,959,0,661
1789684030678,949,Login,200,OK,Thread Group 1-854,text,true,,778,325,495,495,https://restful-booker.herokuapp.com/auth,949,0,652
1789684031329,298,CreateBooking,200,OK,Thread Group 1-714,text,true,,953,522,495,495,https://restful-booker.herokuapp.com/booking,298,0,0
1789684031356,278,Get Booking,200,OK,Thread Group 1-641,text,true,,922,253,495,495,https://restful-booker.herokuapp.com/booking/4010,278,0,0
1789684031336,299,Get Booking,200,OK,Thread Group 1-568,text,true,,923,253,495,495,https://restful-booker.herokuapp.com/booking/3980,299,0,0
1789684030678,957,Login,200,OK,Thread Group 1-781,text,true,,778,325,495,495,https://restful-booker.herokuapp.com/auth,957,0,656
1789684031338,297,CreateBooking,200,OK,Thread Group 1-671,text,true,,951,520,495,495,https://restful-booker.herokuapp.com/booking,297,0,0
1789684030932,706,Get Booking IDs,200,OK,Thread Group 1-394,text,true,,55272,248,495,495,https://restful-booker.herokuapp.com/booking,205,0,0
1789684030868,772,Get Booking IDs,200,OK,Thread Group 1-418,text,true,,55101,248,494,494,https://restful-booker.herokuapp.com/booking,473,0,0
1789684030932,708,Get Booking IDs,200,OK,Thread Group 1-358,text,true,,55253,248,494,494,https://restful-booker.herokuapp.com/booking,208,0,0
1789684030710,936,Login,200,OK,Thread Group 1-829,text,true,,778,325,492,492,https://restful-booker.herokuapp.com/auth,936,0,673
1789684030703,945,Login,200,OK,Thread Group 1-824,text,true,,778,325,491,491,https://restful-booker.herokuapp.com/auth,945,0,680
1789684030724,924,Login,200,OK,Thread Group 1-855,text,true,,779,327,491,491,https://restful-booker.herokuapp.com/auth,924,0,659
1789684031388,260,CreateBooking,200,OK,Thread Group 1-654,text,true,,953,522,491,491,https://restful-booker.herokuapp.com/booking,260,0,0
1789684031354,303,Get Booking,200,OK,Thread Group 1-521,text,true,,920,253,490,490,https://restful-booker.herokuapp.com/booking/3989,303,0,0
1789684030722,935,Login,200,OK,Thread Group 1-856,text,true,,778,325,490,490,https://restful-booker.herokuapp.com/auth,935,0,668
1789684031353,304,CreateBooking,200,OK,Thread Group 1-707,text,true,,952,521,490,490,https://restful-booker.herokuapp.com/booking,304,0,0
1789684030714,945,Login,200,OK,Thread Group 1-867,text,true,,778,325,490,490,https://restful-booker.herokuapp.com/auth,945,0,680
1789684030747,912,Login,200,OK,Thread Group 1-861,text,true,,778,325,490,490,https://restful-booker.herokuapp.com/auth,912,0,647
1789684031367,300,Get Booking,200,OK,Thread Group 1-566,text,true,,920,253,490,490,https://restful-booker.herokuapp.com/booking/3991,300,0,0
1789684030880,791,Get Booking IDs,200,OK,Thread Group 1-458,text,true,,55120,248,490,490,https://restful-booker.herokuapp.com/booking,211,0,0
1789684031397,274,CreateBooking,200,OK,Thread Group 1-684,text,true,,953,522,490,490,https://restful-booker.herokuapp.com/booking,274,0,0
1789684030903,773,Get Booking IDs,200,OK,Thread Group 1-427,text,true,,55139,248,489,489,https://restful-booker.herokuapp.com/booking,474,0,0
1789684030754,923,Login,200,OK,Thread Group 1-820,text,true,,779,327,489,489,https://restful-booker.herokuapp.com/auth,923,0,649
1789684031404,276,Get Booking,200,OK,Thread Group 1-664,text,true,,922,253,488,488,https://restful-booker.herokuapp.com/booking/3988,276,0,0
1789684030751,931,Login,200,OK,Thread Group 1-862,text,true,,778,325,488,488,https://restful-booker.herokuapp.com/auth,931,0,653
1789684031378,304,CreateBooking,200,OK,Thread Group 1-691,text,true,,952,521,488,488,https://restful-booker.herokuapp.com/booking,304,0,0
1789684031391,292,Get Booking,200,OK,Thread Group 1-660,text,true,,922,253,487,487,https://restful-booker.herokuapp.com/booking/4026,292,0,0
1789684031393,292,DeleteBooking,200,OK,Thread Group 1-217,text,true,,922,253,487,487,https://restful-booker.herokuapp.com/booking/3696,292,0,0
1789684030928,758,Get Booking IDs,200,OK,Thread Group 1-483,text,true,,55215,248,487,487,https://restful-booker.herokuapp.com/booking,214,0,0
1789684031398,290,Get Booking,200,OK,Thread Group 1-571,text,true,,924,253,485,485,https://restful-booker.herokuapp.com/booking/4003,290,0,0
1789684031398,290,UpdateBooking - PUT,200,OK,Thread Group 1-364,text,true,,922,524,485,485,https://restful-booker.herokuapp.com/booking/3808,290,0,0
1789684031391,297,CreateBooking,200,OK,Thread Group 1-720,text,true,,951,520,485,485,https://restful-booker.herokuapp.com/booking,297,0,0
1789684031405,286,UpdateBooking - PATCH,200,OK,Thread Group 1-251,text,true,,922,333,485,485,https://restful-booker.herokuapp.com/booking/3724,286,0,0
1789684031406,289,UpdateBooking - PATCH,200,OK,Thread Group 1-204,text,true,,922,333,485,485,https://restful-booker.herokuapp.com/booking/3710,289,0,0
1789684030710,985,Login,200,OK,Thread Group 1-833,text,true,,778,325,485,485,https://restful-booker.herokuapp.com/auth,985,0,696
1789684031410,288,Get Booking,200,OK,Thread Group 1-644,text,true,,924,253,485,485,https://restful-booker.herokuapp.com/booking/4013,288,0,0
1789684031410,288,CreateBooking,200,OK,Thread Group 1-763,text,true,,951,520,485,485,https://restful-booker.herokuapp.com/booking,288,0,0
1789684031421,285,UpdateBooking - PUT,200,OK,Thread Group 1-391,text,true,,922,524,485,485,https://restful-booker.herokuapp.com/booking/3820,285,0,0
1789684031420,286,CreateBooking,200,OK,Thread Group 1-726,text,true,,949,518,485,485,https://restful-booker.herokuapp.com/booking,286,0,0
1789684031418,288,CreateBooking,200,OK,Thread Group 1-727,text,true,,951,520,485,485,https://restful-booker.herokuapp.com/booking,288,0,0
1789684031415,291,CreateBooking,200,OK,Thread Group 1-723,text,true,,949,518,485,485,https://restful-booker.herokuapp.com/booking,291,0,0
1789684031420,287,DeleteBooking,200,OK,Thread Group 1-257,text,true,,922,253,485,485,https://restful-booker.herokuapp.com/booking/3738,287,0,0
1789684031424,283,Get Booking,200,OK,Thread Group 1-414,text,true,,920,253,485,485,https://restful-booker.herokuapp.com/booking/4016,283,0,0
1789684030756,951,Login,200,OK,Thread Group 1-815,text,true,,779,327,485,485,https://restful-booker.herokuapp.com/auth,951,0,668
1789684031420,288,Get Booking,200,OK,Thread Group 1-498,text,true,,920,253,485,485,https://restful-booker.herokuapp.com/booking/3920,288,0,0
1789684030698,1011,Login,200,OK,Thread Group 1-806,text,true,,778,325,483,483,https://restful-booker.herokuapp.com/auth,1011,0,726
1789684031428,284,Get Booking,200,OK,Thread Group 1-656,text,true,,923,253,483,483,https://restful-booker.herokuapp.com/booking/4009,284,0,0
1789684031426,287,Get Booking,200,OK,Thread Group 1-628,text,true,,922,253,483,483,https://restful-booker.herokuapp.com/booking/4036,287,0,0
1789684030716,999,Login,200,OK,Thread Group 1-847,text,true,,778,325,483,483,https://restful-booker.herokuapp.com/auth,999,0,708
1789684030723,992,Login,200,OK,Thread Group 1-813,text,true,,778,325,483,483,https://restful-booker.herokuapp.com/auth,992,0,701
1789684031426,290,DeleteBooking,200,OK,Thread Group 1-244,text,true,,922,253,483,483,https://restful-booker.herokuapp.com/booking/3703,290,0,0
1789684031438,290,CreateBooking,200,OK,Thread Group 1-693,text,true,,949,518,482,482,https://restful-booker.herokuapp.com/booking,290,0,0
1789684031438,291,CreateBooking,200,OK,Thread Group 1-758,text,true,,952,521,482,482,https://restful-booker.herokuapp.com/booking,291,0,0
1789684031446,295,Get Booking,200,OK,Thread Group 1-594,text,true,,923,253,482,482,https://restful-booker.herokuapp.com/booking/4001,295,0,0
1789684030750,991,Login,200,OK,Thread Group 1-818,text,true,,778,325,482,482,https://restful-booker.herokuapp.com/auth,991,0,690
1789684030747,994,Login,200,OK,Thread Group 1-817,text,true,,778,325,482,482,https://restful-booker.herokuapp.com/auth,994,0,693
1789684030777,964,Login,200,OK,Thread Group 1-849,text,true,,778,325,482,482,https://restful-booker.herokuapp.com/auth,964,0,665
1789684031452,292,DeleteBooking,200,OK,Thread Group 1-271,text,true,,922,253,481,481,https://restful-booker.herokuapp.com/booking/3766,292,0,0
1789684030781,963,Login,200,OK,Thread Group 1-830,text,true,,779,327,481,481,https://restful-booker.herokuapp.com/auth,963,0,670
1789684030756,989,Login,200,OK,Thread Group 1-858,text,true,,778,325,481,481,https://restful-booker.herokuapp.com/auth,989,0,693
1789684030776,984,Login,200,OK,Thread Group 1-871,text,true,,778,325,480,480,https://restful-booker.herokuapp.com/auth,984,0,679
1789684031459,302,CreateBooking,200,OK,Thread Group 1-743,text,true,,951,520,480,480,https://restful-booker.herokuapp.com/booking,302,0,0
1789684030795,971,Login,200,OK,Thread Group 1-832,text,true,,778,325,480,480,https://restful-booker.herokuapp.com/auth,971,0,668
1789684031467,300,Get Booking,200,OK,Thread Group 1-610,text,true,,923,253,479,479,https://restful-booker.herokuapp.com/booking/3996,300,0,0
1789684030788,979,Login,200,OK,Thread Group 1-812,text,true,,778,325,479,479,https://restful-booker.herokuapp.com/auth,979,0,674
1789684030776,992,Login,200,OK,Thread Group 1-894,text,true,,778,325,479,479,https://restful-booker.herokuapp.com/auth,992,0,686
1789684030771,1006,Login,200,OK,Thread Group 1-886,text,true,,778,325,478,478,https://restful-booker.herokuapp.com/auth,1006,0,692
1789684031459,318,CreateBooking,200,OK,Thread Group 1-700,text,true,,952,521,478,478,https://restful-booker.herokuapp.com/booking,318,0,0
1789684031467,310,UpdateBooking - PUT,200,OK,Thread Group 1-337,text,true,,922,524,478,478,https://restful-booker.herokuapp.com/booking/3802,310,0,0
1789684030756,1021,Login,200,OK,Thread Group 1-863,text,true,,778,325,478,478,https://restful-booker.herokuapp.com/auth,1021,0,704
1789684031464,314,UpdateBooking - PATCH,200,OK,Thread Group 1-377,text,true,,922,333,478,478,https://restful-booker.herokuapp.com/booking/3821,314,0,0
1789684031000,788,Get Booking IDs,200,OK,Thread Group 1-368,text,true,,55557,248,478,478,https://restful-booker.herokuapp.com/booking,483,0,0
1789684030786,1003,Login,200,OK,Thread Group 1-834,text,true,,778,325,478,478,https://restful-booker.herokuapp.com/auth,1003,0,697
1789684030988,801,Get Booking IDs,200,OK,Thread Group 1-360,text,true,,55500,248,478,478,https://restful-booker.herokuapp.com/booking,225,0,0
1789684031485,304,CreateBooking,200,OK,Thread Group 1-718,text,true,,953,522,478,478,https://restful-booker.herokuapp.com/booking,304,0,0
1789684030780,1009,Login,200,OK,Thread Group 1-872,text,true,,778,325,478,478,https://restful-booker.herokuapp.com/auth,1009,0,698
1789684030996,797,Get Booking IDs,200,OK,Thread Group 1-453,text,true,,55557,248,475,475,https://restful-booker.herokuapp.com/booking,225,0,0
1789684031503,295,Get Booking,200,OK,Thread Group 1-658,text,true,,923,253,474,474,https://restful-booker.herokuapp.com/booking/4000,295,0,0
1789684031007,794,Get Booking IDs,200,OK,Thread Group 1-436,text,true,,55595,248,474,474,https://restful-booker.herokuapp.com/booking,234,0,0
1789684030812,996,Login,200,OK,Thread Group 1-842,text,true,,778,325,473,473,https://restful-booker.herokuapp.com/auth,996,0,700
1789684030808,1000,Login,200,OK,Thread Group 1-902,text,true,,778,325,473,473,https://restful-booker.herokuapp.com/auth,1000,0,703
1789684031509,300,CreateBooking,200,OK,Thread Group 1-738,text,true,,952,521,471,471,https://restful-booker.herokuapp.com/booking,300,0,0
1789684031511,300,CreateBooking,200,OK,Thread Group 1-784,text,true,,949,518,471,471,https://restful-booker.herokuapp.com/booking,300,0,0
1789684030820,991,Login,200,OK,Thread Group 1-803,text,true,,778,325,471,471,https://restful-booker.herokuapp.com/auth,991,0,695
1789684031507,307,CreateBooking,200,OK,Thread Group 1-767,text,true,,949,518,471,471,https://restful-booker.herokuapp.com/booking,307,0,0
1789684031519,297,Get Booking,200,OK,Thread Group 1-606,text,true,,924,253,471,471,https://restful-booker.herokuapp.com/booking/3994,297,0,0
1789684030808,1010,Login,200,OK,Thread Group 1-992,text,true,,778,325,471,471,https://restful-booker.herokuapp.com/auth,1010,0,716
1789684031528,294,UpdateBooking - PATCH,200,OK,Thread Group 1-304,text,true,,922,333,470,470,https://restful-booker.herokuapp.com/booking/3786,294,0,0
1789684031528,294,CreateBooking,200,OK,Thread Group 1-704,text,true,,953,522,470,470,https://restful-booker.herokuapp.com/booking,294,0,0
1789684031531,291,CreateBooking,200,OK,Thread Group 1-730,text,true,,952,521,470,470,https://restful-booker.herokuapp.com/booking,291,0,0
1789684031011,812,Get Booking IDs,200,OK,Thread Group 1-406,text,true,,55595,248,470,470,https://restful-booker.herokuapp.com/booking,237,0,0
1789684031539,284,Get Booking,200,OK,Thread Group 1-600,text,true,,920,253,470,470,https://restful-booker.herokuapp.com/booking/3986,284,0,0
1789684030808,1015,Login,200,OK,Thread Group 1-811,text,true,,778,325,470,470,https://restful-booker.herokuapp.com/auth,1015,0,726
1789684030804,1019,Login,200,OK,Thread Group 1-838,text,true,,778,325,470,470,https://restful-booker.herokuapp.com/auth,1019,0,732
1789684031526,300,Get Booking,200,OK,Thread Group 1-676,text,true,,923,253,469,469,https://restful-booker.herokuapp.com/booking/4031,300,0,0
1789684030822,1006,Login,200,OK,Thread Group 1-848,text,true,,778,325,469,469,https://restful-booker.herokuapp.com/auth,1006,0,705
1789684031532,300,Get Booking,200,OK,Thread Group 1-640,text,true,,923,253,469,469,https://restful-booker.herokuapp.com/booking/4006,300,0,0
1789684031019,813,Get Booking IDs,200,OK,Thread Group 1-494,text,true,,55595,248,469,469,https://restful-booker.herokuapp.com/booking,235,0,0
1789684031543,289,Get Booking,200,OK,Thread Group 1-613,text,true,,920,253,469,469,https://restful-booker.herokuapp.com/booking/4002,289,0,0
1789684031559,275,Get Booking,200,OK,Thread Group 1-576,text,true,,923,253,468,468,https://restful-booker.herokuapp.com/booking/4014,275,0,0
1789684031037,799,Get Booking IDs,200,OK,Thread Group 1-420,text,true,,55671,248,468,468,https://restful-booker.herokuapp.com/booking,241,0,0
1789684031541,295,UpdateBooking - PUT,200,OK,Thread Group 1-397,text,true,,922,524,468,468,https://restful-booker.herokuapp.com/booking/3868,295,0,0
1789684031549,295,Get Booking,200,OK,Thread Group 1-623,text,true,,920,253,467,467,https://restful-booker.herokuapp.com/booking/4005,295,0,0
1789684031553,292,Get Booking,200,OK,Thread Group 1-567,text,true,,924,253,467,467,https://restful-booker.herokuapp.com/booking/3978,292,0,0
1789684031556,289,CreateBooking,200,OK,Thread Group 1-661,text,true,,949,518,467,467,https://restful-booker.herokuapp.com/booking,289,0,0
1789684030839,1006,Login,200,OK,Thread Group 1-893,text,true,,778,325,467,467,https://restful-booker.herokuapp.com/auth,1006,0,722
1789684030846,999,Login,200,OK,Thread Group 1-868,text,true,,778,325,467,467,https://restful-booker.herokuapp.com/auth,999,0,715
1789684030846,1000,Login,200,OK,Thread Group 1-881,text,true,,778,325,467,467,https://restful-booker.herokuapp.com/auth,1000,0,715
1789684031566,281,Get Booking,200,OK,Thread Group 1-698,text,true,,923,253,467,467,https://restful-booker.herokuapp.com/booking/4023,281,0,0
1789684031571,276,Get Booking,200,OK,Thread Group 1-626,text,true,,920,253,467,467,https://restful-booker.herokuapp.com/booking/4019,276,0,0
1789684030828,1019,Login,200,OK,Thread Group 1-923,text,true,,778,325,467,467,https://restful-booker.herokuapp.com/auth,1019,0,733
1789684031030,819,Get Booking IDs,200,OK,Thread Group 1-423,text,true,,55633,248,467,467,https://restful-booker.herokuapp.com/booking,238,0,0
1789684031569,280,Get Booking,200,OK,Thread Group 1-677,text,true,,922,253,467,467,https://restful-booker.herokuapp.com/booking/4024,280,0,0
1789684031570,292,UpdateBooking - PUT,200,OK,Thread Group 1-357,text,true,,922,524,466,466,https://restful-booker.herokuapp.com/booking/3806,292,0,0
1789684031572,290,CreateBooking,200,OK,Thread Group 1-766,text,true,,952,521,466,466,https://restful-booker.herokuapp.com/booking,290,0,0
1789684031571,291,CreateBooking,200,OK,Thread Group 1-746,text,true,,953,522,466,466,https://restful-booker.herokuapp.com/booking,291,0,0
1789684030864,1002,Login,200,OK,Thread Group 1-859,text,true,,778,325,466,466,https://restful-booker.herokuapp.com/auth,1002,0,723
1789684031581,285,Get Booking,200,OK,Thread Group 1-631,text,true,,923,253,466,466,https://restful-booker.herokuapp.com/booking/4008,285,0,0
1789684031581,285,UpdateBooking - PUT,200,OK,Thread Group 1-311,text,true,,922,524,466,466,https://restful-booker.herokuapp.com/booking/3810,285,0,0
1789684030141,1725,Login,200,OK,Thread Group 1-674,text,true,,778,325,466,466,https://restful-booker.herokuapp.com/auth,1725,0,1439
1789684030876,990,Login,200,OK,Thread Group 1-875,text,true,,779,327,466,466,https://restful-booker.herokuapp.com/auth,990,0,716
1789684031573,295,Get Booking,200,OK,Thread Group 1-596,text,true,,920,253,464,464,https://restful-booker.herokuapp.com/booking/3992,295,0,0
1789684031583,285,DeleteBooking,200,OK,Thread Group 1-224,text,true,,922,253,464,464,https://restful-booker.herokuapp.com/booking/3716,285,0,0
1789684030819,1049,Login,200,OK,Thread Group 1-882,text,true,,778,325,464,464,https://restful-booker.herokuapp.com/auth,1049,0,757
1789684031586,284,Get Booking,200,OK,Thread Group 1-646,text,true,,923,253,462,462,https://restful-booker.herokuapp.com/booking/4007,284,0,0
1789684031586,286,CreateBooking,200,OK,Thread Group 1-694,text,true,,949,518,462,462,https://restful-booker.herokuapp.com/booking,286,0,0
1789684031590,284,UpdateBooking - PUT,200,OK,Thread Group 1-331,text,true,,922,524,462,462,https://restful-booker.herokuapp.com/booking/3813,284,0,0
1789684030837,1037,Login,200,OK,Thread Group 1-814,text,true,,778,325,462,462,https://restful-booker.herokuapp.com/auth,1037,0,755
1789684030826,1048,Login,200,OK,Thread Group 1-827,text,true,,778,325,462,462,https://restful-booker.herokuapp.com/auth,1048,0,766
1789684030833,1042,Login,200,OK,Thread Group 1-852,text,true,,778,325,462,462,https://restful-booker.herokuapp.com/auth,1042,0,759
1789684031600,275,CreateBooking,200,OK,Thread Group 1-764,text,true,,952,521,462,462,https://restful-booker.herokuapp.com/booking,275,0,0
1789684030837,1039,Login,200,OK,Thread Group 1-864,text,true,,778,325,462,462,https://restful-booker.herokuapp.com/auth,1039,0,760
1789684031601,277,UpdateBooking - PUT,200,OK,Thread Group 1-384,text,true,,922,524,461,461,https://restful-booker.herokuapp.com/booking/3818,277,0,0
1789684031597,281,CreateBooking,200,OK,Thread Group 1-780,text,true,,953,522,461,461,https://restful-booker.herokuapp.com/booking,281,0,0
1789684031596,284,Get Booking,200,OK,Thread Group 1-680,text,true,,923,253,461,461,https://restful-booker.herokuapp.com/booking/4018,284,0,0
1789684031607,276,Get Booking,200,OK,Thread Group 1-624,text,true,,922,253,461,461,https://restful-booker.herokuapp.com/booking/4020,276,0,0
1789684030836,1047,Login,200,OK,Thread Group 1-787,text,true,,778,325,461,461,https://restful-booker.herokuapp.com/auth,1047,0,771
1789684030847,1036,Login,200,OK,Thread Group 1-840,text,true,,779,327,461,461,https://restful-booker.herokuapp.com/auth,1036,0,764
1789684030892,993,Login,200,OK,Thread Group 1-860,text,true,,779,327,461,461,https://restful-booker.herokuapp.com/auth,993,0,715
1789684030881,1006,Login,200,OK,Thread Group 1-932,text,true,,778,325,461,461,https://restful-booker.herokuapp.com/auth,1006,0,728
1789684031610,277,CreateBooking,200,OK,Thread Group 1-748,text,true,,953,522,461,461,https://restful-booker.herokuapp.com/booking,277,0,0
1789684030876,1011,Login,200,OK,Thread Group 1-866,text,true,,778,325,461,461,https://restful-booker.herokuapp.com/auth,1011,0,733
1789684030884,1003,Login,200,OK,Thread Group 1-828,text,true,,778,325,461,461,https://restful-booker.herokuapp.com/auth,1003,0,723
1789684030903,984,Login,200,OK,Thread Group 1-931,text,true,,778,325,461,461,https://restful-booker.herokuapp.com/auth,984,0,709
1789684030851,1040,Login,200,OK,Thread Group 1-898,text,true,,778,325,460,460,https://restful-booker.herokuapp.com/auth,1040,0,762
1789684030855,1036,Login,200,OK,Thread Group 1-914,text,true,,778,325,460,460,https://restful-booker.herokuapp.com/auth,1036,0,758
1789684030856,1035,Login,200,OK,Thread Group 1-851,text,true,,778,325,460,460,https://restful-booker.herokuapp.com/auth,1035,0,759
1789684030845,1048,Login,200,OK,Thread Group 1-846,text,true,,778,325,460,460,https://restful-booker.herokuapp.com/auth,1048,0,779
1789684030845,1048,Login,200,OK,Thread Group 1-880,text,true,,779,327,460,460,https://restful-booker.herokuapp.com/auth,1048,0,779
1789684031627,266,CreateBooking,200,OK,Thread Group 1-717,text,true,,949,518,460,460,https://restful-booker.herokuapp.com/booking,266,0,0
1789684031631,264,CreateBooking,200,OK,Thread Group 1-733,text,true,,952,521,460,460,https://restful-booker.herokuapp.com/booking,264,0,0
1789684031641,256,Get Booking,200,OK,Thread Group 1-616,text,true,,920,253,460,460,https://restful-booker.herokuapp.com/booking/4029,256,0,0
1789684031616,281,Get Booking,200,OK,Thread Group 1-667,text,true,,922,253,460,460,https://restful-booker.herokuapp.com/booking/4032,281,0,0
1789684031640,261,Get Booking,200,OK,Thread Group 1-638,text,true,,922,253,460,460,https://restful-booker.herokuapp.com/booking/4046,261,0,0
1789684031645,256,CreateBooking,200,OK,Thread Group 1-464,text,true,,952,521,460,460,https://restful-booker.herokuapp.com/booking,256,0,0
1789684030914,991,Login,200,OK,Thread Group 1-936,text,true,,779,327,460,460,https://restful-booker.herokuapp.com/auth,991,0,713
1789684030913,992,Login,200,OK,Thread Group 1-896,text,true,,778,325,460,460,https://restful-booker.herokuapp.com/auth,992,0,713
1789684031650,256,CreateBooking,200,OK,Thread Group 1-778,text,true,,949,518,460,460,https://restful-booker.herokuapp.com/booking,256,0,0
1789684030886,1022,Get Booking IDs,200,OK,Thread Group 1-403,text,true,,55120,248,460,460,https://restful-booker.herokuapp.com/booking,475,0,0
1789684031659,249,Get Booking,200,OK,Thread Group 1-687,text,true,,923,253,460,460,https://restful-booker.herokuapp.com/booking/4030,249,0,0
1789684031660,248,Get Booking,200,OK,Thread Group 1-651,text,true,,924,253,460,460,https://restful-booker.herokuapp.com/booking/4028,248,0,0
1789684030869,1039,Login,200,OK,Thread Group 1-835,text,true,,779,327,460,460,https://restful-booker.herokuapp.com/auth,1039,0,793
1789684031631,282,Get Booking,200,OK,Thread Group 1-673,text,true,,924,253,458,458,https://restful-booker.herokuapp.com/booking/4048,282,0,0
1789684031664,249,CreateBooking,200,OK,Thread Group 1-788,text,true,,952,521,458,458,https://restful-booker.herokuapp.com/booking,249,0,0
1789684030938,978,Login,200,OK,Thread Group 1-933,text,true,,778,325,458,458,https://restful-booker.herokuapp.com/auth,978,0,702
1789684030869,1048,Login,200,OK,Thread Group 1-924,text,true,,778,325,458,458,https://restful-booker.herokuapp.com/auth,1048,0,803
1789684030931,993,Login,200,OK,Thread Group 1-878,text,true,,778,325,458,458,https://restful-booker.herokuapp.com/auth,993,0,717
1789684031648,276,CreateBooking,200,OK,Thread Group 1-741,text,true,,951,520,458,458,https://restful-booker.herokuapp.com/booking,276,0,0
1789684031681,248,CreateBooking,200,OK,Thread Group 1-751,text,true,,953,522,458,458,https://restful-booker.herokuapp.com/booking,248,0,0
1789684031680,249,Get Booking,200,OK,Thread Group 1-536,text,true,,922,253,458,458,https://restful-booker.herokuapp.com/booking/4022,249,0,0
1789684031139,790,Get Booking IDs,200,OK,Thread Group 1-497,text,true,,55918,248,458,458,https://restful-booker.herokuapp.com/booking,252,0,0
1789684031690,239,CreateBooking,200,OK,Thread Group 1-750,text,true,,953,522,458,458,https://restful-booker.herokuapp.com/booking,239,0,0
1789684031689,242,Get Booking,200,OK,Thread Group 1-666,text,true,,923,253,458,458,https://restful-booker.herokuapp.com/booking/4033,242,0,0
1789684031688,243,CreateBooking,200,OK,Thread Group 1-800,text,true,,952,521,458,458,https://restful-booker.herokuapp.com/booking,243,0,0
1789684031690,243,Get Booking,200,OK,Thread Group 1-601,text,true,,923,253,458,458,https://restful-booker.herokuapp.com/booking/4038,243,0,0
1789684031654,283,Get Booking,200,OK,Thread Group 1-627,text,true,,924,253,458,458,https://restful-booker.herokuapp.com/booking/4015,283,0,0
1789684031655,282,UpdateBooking - PATCH,200,OK,Thread Group 1-317,text,true,,922,333,458,458,https://restful-booker.herokuapp.com/booking/3787,282,0,0
1789684030958,981,Login,200,OK,Thread Group 1-891,text,true,,778,325,458,458,https://restful-booker.herokuapp.com/auth,981,0,701
1789684030921,1018,Login,200,OK,Thread Group 1-845,text,true,,779,327,458,458,https://restful-booker.herokuapp.com/auth,1018,0,736
1789684030940,1000,Login,200,OK,Thread Group 1-958,text,true,,778,325,457,457,https://restful-booker.herokuapp.com/auth,1000,0,719
1789684030923,1018,Login,200,OK,Thread Group 1-869,text,true,,778,325,457,457,https://restful-booker.herokuapp.com/auth,1018,0,737
1789684031661,281,CreateBooking,200,OK,Thread Group 1-757,text,true,,951,520,456,456,https://restful-booker.herokuapp.com/booking,281,0,0
1789684030950,992,Login,200,OK,Thread Group 1-889,text,true,,778,325,456,456,https://restful-booker.herokuapp.com/auth,992,0,710
1789684030921,1022,Login,200,OK,Thread Group 1-900,text,true,,779,327,455,455,https://restful-booker.herokuapp.com/auth,1022,0,777
1789684030896,1049,Login,200,OK,Thread Group 1-850,text,true,,779,327,455,455,https://restful-booker.herokuapp.com/auth,1049,0,802
1789684031701,245,Get Booking,200,OK,Thread Group 1-590,text,true,,924,253,455,455,https://restful-booker.herokuapp.com/booking/4035,245,0,0
1789684031699,247,Get Booking,200,OK,Thread Group 1-703,text,true,,920,253,455,455,https://restful-booker.herokuapp.com/booking/4045,247,0,0
1789684030919,1027,Login,200,OK,Thread Group 1-844,text,true,,778,325,455,455,https://restful-booker.herokuapp.com/auth,1027,0,783
1789684031702,246,CreateBooking,200,OK,Thread Group 1-808,text,true,,952,521,455,455,https://restful-booker.herokuapp.com/booking,246,0,0
1789684030935,1013,Login,200,OK,Thread Group 1-954,text,true,,778,325,455,455,https://restful-booker.herokuapp.com/auth,1013,0,767
1789684030905,1044,Login,200,OK,Thread Group 1-887,text,true,,778,325,455,455,https://restful-booker.herokuapp.com/auth,1044,0,797
1789684031673,278,Get Booking,200,OK,Thread Group 1-636,text,true,,920,253,455,455,https://restful-booker.herokuapp.com/booking/4039,278,0,0
1789684031668,283,CreateBooking,200,OK,Thread Group 1-756,text,true,,952,521,455,455,https://restful-booker.herokuapp.com/booking,283,0,0
1789684030936,1015,Login,200,OK,Thread Group 1-911,text,true,,778,325,455,455,https://restful-booker.herokuapp.com/auth,1015,0,766
1789684031168,784,Get Booking IDs,200,OK,Thread Group 1-471,text,true,,56070,248,455,455,https://restful-booker.herokuapp.com/booking,239,0,0
1789684030900,1052,Login,200,OK,Thread Group 1-836,text,true,,778,325,455,455,https://restful-booker.herokuapp.com/auth,1052,0,798
1789684031139,813,Get Booking IDs,200,OK,Thread Group 1-383,text,true,,55918,248,455,455,https://restful-booker.herokuapp.com/booking,283,0,0
1789684031712,240,CreateBooking,200,OK,Thread Group 1-736,text,true,,952,521,455,455,https://restful-booker.herokuapp.com/booking,240,0,0
1789684031678,276,UpdateBooking - PUT,200,OK,Thread Group 1-404,text,true,,922,524,454,454,https://restful-booker.herokuapp.com/booking/3836,276,0,0
1789684030931,1023,Login,200,OK,Thread Group 1-877,text,true,,778,325,454,454,https://restful-booker.herokuapp.com/auth,1023,0,787
1789684031710,244,CreateBooking,200,OK,Thread Group 1-807,text,true,,949,518,454,454,https://restful-booker.herokuapp.com/booking,244,0,0
1789684030915,1039,Login,200,OK,Thread Group 1-857,text,true,,778,325,454,454,https://restful-booker.herokuapp.com/auth,1039,0,761
1789684031724,231,Get Booking,200,OK,Thread Group 1-637,text,true,,923,253,454,454,https://restful-booker.herokuapp.com/booking/4051,231,0,0
1789684031719,236,Get Booking,200,OK,Thread Group 1-603,text,true,,924,253,454,454,https://restful-booker.herokuapp.com/booking/4012,236,0,0
1789684030919,1036,Login,200,OK,Thread Group 1-865,text,true,,779,327,454,454,https://restful-booker.herokuapp.com/auth,1036,0,799
1789684031678,283,Get Booking,200,OK,Thread Group 1-711,text,true,,924,253,453,453,https://restful-booker.herokuapp.com/booking/4068,283,0,0
1789684031694,270,CreateBooking,200,OK,Thread Group 1-728,text,true,,951,520,453,453,https://restful-booker.herokuapp.com/booking,270,0,0
1789684031693,271,CreateBooking,200,OK,Thread Group 1-837,text,true,,953,522,453,453,https://restful-booker.herokuapp.com/booking,271,0,0
1789684031734,244,Get Booking,200,OK,Thread Group 1-650,text,true,,912,253,453,453,https://restful-booker.herokuapp.com/booking/4034,244,0,0
1789684031734,244,CreateBooking,200,OK,Thread Group 1-786,text,true,,943,520,453,453,https://restful-booker.herokuapp.com/booking,244,0,0
1789684031738,242,Get Booking,200,OK,Thread Group 1-683,text,true,,916,253,453,453,https://restful-booker.herokuapp.com/booking/4054,242,0,0
1789684030945,1034,Login,200,OK,Thread Group 1-876,text,true,,770,325,453,453,https://restful-booker.herokuapp.com/auth,1034,0,792
1789684030959,1021,Login,200,OK,Thread Group 1-883,text,true,,770,325,453,453,https://restful-booker.herokuapp.com/auth,1021,0,784
1789684031741,239,CreateBooking,200,OK,Thread Group 1-721,text,true,,944,521,453,453,https://restful-booker.herokuapp.com/booking,239,0,0
1789684030968,1012,Login,200,OK,Thread Group 1-870,text,true,,771,327,453,453,https://restful-booker.herokuapp.com/auth,1012,0,775
1789684031709,275,CreateBooking,200,OK,Thread Group 1-716,text,true,,951,520,453,453,https://restful-booker.herokuapp.com/booking,275,0,0
1789684030957,1028,Login,200,OK,Thread Group 1-853,text,true,,770,325,453,453,https://restful-booker.herokuapp.com/auth,1028,0,786
1789684030960,1025,Login,200,OK,Thread Group 1-906,text,true,,770,325,453,453,https://restful-booker.herokuapp.com/auth,1025,0,785
1789684031752,238,Get Booking,200,OK,Thread Group 1-614,text,true,,915,253,453,453,https://restful-booker.herokuapp.com/booking/4040,238,0,0
1789684031725,275,CreateBooking,200,OK,Thread Group 1-773,text,true,,949,518,453,453,https://restful-booker.herokuapp.com/booking,275,0,0
1789684031762,241,Get Booking,200,OK,Thread Group 1-710,text,true,,915,253,453,453,https://restful-booker.herokuapp.com/booking/4064,241,0,0
1789684030965,1038,Login,200,OK,Thread Group 1-947,text,true,,770,325,453,453,https://restful-booker.herokuapp.com/auth,1038,0,795
1789684030972,1031,Login,200,OK,Thread Group 1-895,text,true,,771,327,453,453,https://restful-booker.herokuapp.com/auth,1031,0,788
1789684030960,1045,Login,200,OK,Thread Group 1-918,text,true,,770,325,452,452,https://restful-booker.herokuapp.com/auth,1045,0,801
1789684030981,1026,Login,200,OK,Thread Group 1-916,text,true,,770,325,452,452,https://restful-booker.herokuapp.com/auth,1026,0,786
1789684030983,1024,Login,200,OK,Thread Group 1-892,text,true,,770,325,452,452,https://restful-booker.herokuapp.com/auth,1024,0,784
1789684030968,1040,Login,200,OK,Thread Group 1-909,text,true,,770,325,452,452,https://restful-booker.herokuapp.com/auth,1040,0,799
1789684031737,283,Get Booking,200,OK,Thread Group 1-706,text,true,,915,253,450,450,https://restful-booker.herokuapp.com/booking/4042,283,0,0
1789684030971,1049,Login,200,OK,Thread Group 1-873,text,true,,770,325,450,450,https://restful-booker.herokuapp.com/auth,1049,0,764
1789684031737,286,Get Booking,200,OK,Thread Group 1-657,text,true,,914,253,450,450,https://restful-booker.herokuapp.com/booking/4027,286,0,0
1789684031743,282,UpdateBooking - PATCH,200,OK,Thread Group 1-324,text,true,,914,333,450,450,https://restful-booker.herokuapp.com/booking/3775,282,0,0
1789684031779,248,Get Booking,200,OK,Thread Group 1-670,text,true,,915,253,450,450,https://restful-booker.herokuapp.com/booking/4062,248,0,0
1789684031772,255,Get Booking,200,OK,Thread Group 1-643,text,true,,912,253,450,450,https://restful-booker.herokuapp.com/booking/4044,255,0,0
1789684030990,1037,Login,200,OK,Thread Group 1-990,text,true,,771,327,450,450,https://restful-booker.herokuapp.com/auth,1037,0,791
1789684031781,247,UpdateBooking - PATCH,200,OK,Thread Group 1-291,text,true,,914,333,450,450,https://restful-booker.herokuapp.com/booking/3788,247,0,0
1789684030993,1040,Login,200,OK,Thread Group 1-974,text,true,,770,325,450,450,https://restful-booker.herokuapp.com/auth,1040,0,791
1789684031755,278,CreateBooking,200,OK,Thread Group 1-747,text,true,,944,521,450,450,https://restful-booker.herokuapp.com/booking,278,0,0
1789684030980,1057,Login,200,OK,Thread Group 1-928,text,true,,770,325,450,450,https://restful-booker.herokuapp.com/auth,1057,0,803
1789684031790,249,Get Booking,200,OK,Thread Group 1-681,text,true,,915,253,450,450,https://restful-booker.herokuapp.com/booking/4059,249,0,0
1789684031792,247,CreateBooking,200,OK,Thread Group 1-821,text,true,,944,521,450,450,https://restful-booker.herokuapp.com/booking,247,0,0
1789684031792,247,CreateBooking,200,OK,Thread Group 1-740,text,true,,944,521,450,450,https://restful-booker.herokuapp.com/booking,247,0,0
1789684031795,247,Get Booking,200,OK,Thread Group 1-696,text,true,,916,253,450,450,https://restful-booker.herokuapp.com/booking/4050,247,0,0
1789684031797,245,CreateBooking,200,OK,Thread Group 1-760,text,true,,941,518,450,450,https://restful-booker.herokuapp.com/booking,245,0,0
1789684030997,1045,Login,200,OK,Thread Group 1-957,text,true,,770,325,450,450,https://restful-booker.herokuapp.com/auth,1045,0,799
1789684031805,241,Get Booking,200,OK,Thread Group 1-598,text,true,,915,253,450,450,https://restful-booker.herokuapp.com/booking/4049,241,0,0
1789684031006,1040,Get Booking IDs,200,OK,Thread Group 1-431,text,true,,55595,248,450,450,https://restful-booker.herokuapp.com/booking,208,0,0
1789684031218,832,Get Booking IDs,200,OK,Thread Group 1-474,text,true,,56203,248,450,450,https://restful-booker.herokuapp.com/booking,294,0,0
1789684031810,242,DeleteBooking,200,OK,Thread Group 1-284,text,true,,914,253,449,449,https://restful-booker.herokuapp.com/booking/3749,242,0,0
1789684031779,277,UpdateBooking - PATCH,200,OK,Thread Group 1-297,text,true,,914,333,448,448,https://restful-booker.herokuapp.com/booking/3784,277,0,0
1789684030982,1077,Login,200,OK,Thread Group 1-904,text,true,,770,325,448,448,https://restful-booker.herokuapp.com/auth,1077,0,807
1789684031792,269,Get Booking,200,OK,Thread Group 1-737,text,true,,915,253,448,448,https://restful-booker.herokuapp.com/booking/4056,269,0,0
1789684030986,1075,Login,200,OK,Thread Group 1-922,text,true,,770,325,448,448,https://restful-booker.herokuapp.com/auth,1075,0,805
1789684030989,1072,Login,200,OK,Thread Group 1-985,text,true,,771,327,448,448,https://restful-booker.herokuapp.com/auth,1072,0,800
1789684031793,274,Get Booking,200,OK,Thread Group 1-774,text,true,,915,253,446,446,https://restful-booker.herokuapp.com/booking/4066,274,0,0
1789684031819,248,CreateBooking,200,OK,Thread Group 1-793,text,true,,943,520,446,446,https://restful-booker.herokuapp.com/booking,248,0,0
1789684031792,276,CreateBooking,200,OK,Thread Group 1-796,text,true,,944,521,446,446,https://restful-booker.herokuapp.com/booking,276,0,0
1789684030997,1071,Login,200,OK,Thread Group 1-927,text,true,,770,325,446,446,https://restful-booker.herokuapp.com/auth,1071,0,801
1789684030989,1079,Login,200,OK,Thread Group 1-921,text,true,,770,325,446,446,https://restful-booker.herokuapp.com/auth,1079,0,804
1789684030997,1072,Login,200,OK,Thread Group 1-960,text,true,,771,327,446,446,https://restful-booker.herokuapp.com/auth,1072,0,801
1789684030997,1071,Login,200,OK,Thread Group 1-920,text,true,,771,327,446,446,https://restful-booker.herokuapp.com/auth,1071,0,799
1789684030989,1086,Login,200,OK,Thread Group 1-912,text,true,,770,325,446,446,https://restful-booker.herokuapp.com/auth,1086,0,812
1789684031009,1067,Login,200,OK,Thread Group 1-907,text,true,,770,325,445,445,https://restful-booker.herokuapp.com/auth,1067,0,799
1789684031282,795,CreateBooking,200,OK,Thread Group 1-647,text,true,,949,518,445,445,https://restful-booker.herokuapp.com/booking,795,0,0
1789684031265,818,Get Booking IDs,200,OK,Thread Group 1-463,text,true,,56355,248,445,445,https://restful-booker.herokuapp.com/booking,299,0,0
1789684031838,245,Get Booking,200,OK,Thread Group 1-668,text,true,,915,253,445,445,https://restful-booker.herokuapp.com/booking/4057,245,0,0
1789684031022,1063,Login,200,OK,Thread Group 1-919,text,true,,770,325,444,444,https://restful-booker.herokuapp.com/auth,1063,0,818
1789684031824,266,Get Booking,200,OK,Thread Group 1-697,text,true,,915,253,443,443,https://restful-booker.herokuapp.com/booking/4072,266,0,0
1789684031819,271,CreateBooking,200,OK,Thread Group 1-761,text,true,,943,520,443,443,https://restful-booker.herokuapp.com/booking,271,0,0
1789684031024,1068,Login,200,OK,Thread Group 1-899,text,true,,770,325,443,443,https://restful-booker.herokuapp.com/auth,1068,0,818
1789684031850,244,UpdateBooking - PUT,200,OK,Thread Group 1-424,text,true,,914,524,442,442,https://restful-booker.herokuapp.com/booking/3841,244,0,0
1789684031016,1078,Login,200,OK,Thread Group 1-926,text,true,,770,325,442,442,https://restful-booker.herokuapp.com/auth,1078,0,810
1789684031828,270,UpdateBooking - PATCH,200,OK,Thread Group 1-391,text,true,,914,333,442,442,https://restful-booker.herokuapp.com/booking/3820,270,0,0
1789684031857,243,CreateBooking,200,OK,Thread Group 1-777,text,true,,945,522,442,442,https://restful-booker.herokuapp.com/booking,243,0,0
1789684031030,1076,Login,200,OK,Thread Group 1-945,text,true,,771,327,442,442,https://restful-booker.herokuapp.com/auth,1076,0,806
1789684031837,270,CreateBooking,200,OK,Thread Group 1-804,text,true,,945,522,441,441,https://restful-booker.herokuapp.com/booking,270,0,0
1789684031020,1087,Login,200,OK,Thread Group 1-951,text,true,,770,325,441,441,https://restful-booker.herokuapp.com/auth,1087,0,814
1789684031334,777,Get Booking,200,OK,Thread Group 1-548,text,true,,923,253,441,441,https://restful-booker.herokuapp.com/booking/4004,777,0,0
1789684031862,249,CreateBooking,200,OK,Thread Group 1-833,text,true,,945,522,441,441,https://restful-booker.herokuapp.com/booking,249,0,0
1789684031861,250,CreateBooking,200,OK,Thread Group 1-798,text,true,,945,522,441,441,https://restful-booker.herokuapp.com/booking,250,0,0
1789684031028,1087,Login,200,OK,Thread Group 1-988,text,true,,770,325,441,441,https://restful-booker.herokuapp.com/auth,1087,0,814
1789684031051,1065,Login,200,OK,Thread Group 1-944,text,true,,770,325,441,441,https://restful-booker.herokuapp.com/auth,1065,0,794
1789684031035,1081,Login,200,OK,Thread Group 1-973,text,true,,770,325,441,441,https://restful-booker.herokuapp.com/auth,1081,0,810
1789684031046,1070,Login,200,OK,Thread Group 1-962,text,true,,770,325,441,441,https://restful-booker.herokuapp.com/auth,1070,0,799
1789684031040,1082,Get Booking IDs,200,OK,Thread Group 1-487,text,true,,55671,248,440,440,https://restful-booker.herokuapp.com/booking,240,0,0
1789684031866,258,Get Booking,200,OK,Thread Group 1-690,text,true,,912,253,439,439,https://restful-booker.herokuapp.com/booking/4063,258,0,0
1789684031853,271,CreateBooking,200,OK,Thread Group 1-843,text,true,,944,521,439,439,https://restful-booker.herokuapp.com/booking,271,0,0
1789684031866,259,UpdateBooking - PATCH,200,OK,Thread Group 1-124,text,true,,914,333,439,439,https://restful-booker.herokuapp.com/booking/3649,259,0,0
1789684031866,259,CreateBooking,200,OK,Thread Group 1-790,text,true,,941,518,439,439,https://restful-booker.herokuapp.com/booking,259,0,0
1789684031025,1101,Login,200,OK,Thread Group 1-939,text,true,,770,325,439,439,https://restful-booker.herokuapp.com/auth,1101,0,843
1789684031868,258,CreateBooking,200,OK,Thread Group 1-791,text,true,,941,518,439,439,https://restful-booker.herokuapp.com/booking,258,0,0
1789684031055,1073,Login,200,OK,Thread Group 1-942,text,true,,770,325,439,439,https://restful-booker.herokuapp.com/auth,1073,0,811
1789684031870,261,Get Booking,200,OK,Thread Group 1-684,text,true,,916,253,438,438,https://restful-booker.herokuapp.com/booking/4077,261,0,0
1789684031034,1097,Login,200,OK,Thread Group 1-997,text,true,,770,325,438,438,https://restful-booker.herokuapp.com/auth,1097,0,838
1789684031046,1085,Login,200,OK,Thread Group 1-963,text,true,,770,325,438,438,https://restful-booker.herokuapp.com/auth,1085,0,824
1789684031872,262,Get Booking,200,OK,Thread Group 1-620,text,true,,916,253,438,438,https://restful-booker.herokuapp.com/booking/4043,262,0,0
1789684031875,260,Get Booking,200,OK,Thread Group 1-707,text,true,,915,253,438,438,https://restful-booker.herokuapp.com/booking/4073,260,0,0
1789684031043,1092,Login,200,OK,Thread Group 1-969,text,true,,771,327,438,438,https://restful-booker.herokuapp.com/auth,1092,0,831
1789684031030,1105,Login,200,OK,Thread Group 1-913,text,true,,770,325,438,438,https://restful-booker.herokuapp.com/auth,1105,0,844
1789684031879,258,DeleteBooking,200,OK,Thread Group 1-264,text,true,,914,253,438,438,https://restful-booker.herokuapp.com/booking/3744,258,0,0
1789684031052,1085,Login,200,OK,Thread Group 1-989,text,true,,770,325,438,438,https://restful-booker.herokuapp.com/auth,1085,0,824
1789684031875,262,CreateBooking,200,OK,Thread Group 1-826,text,true,,944,521,438,438,https://restful-booker.herokuapp.com/booking,262,0,0
1789684031040,1097,Login,200,OK,Thread Group 1-955,text,true,,771,327,438,438,https://restful-booker.herokuapp.com/auth,1097,0,835
1789684031875,262,DeleteBooking,200,OK,Thread Group 1-277,text,true,,914,253,435,435,https://restful-booker.herokuapp.com/booking/3753,262,0,0
1789684031877,264,Get Booking,200,OK,Thread Group 1-678,text,true,,915,253,434,434,https://restful-booker.herokuapp.com/booking/4058,264,0,0
1789684031884,258,CreateBooking,200,OK,Thread Group 1-848,text,true,,944,521,434,434,https://restful-booker.herokuapp.com/booking,258,0,0
1789684031880,264,CreateBooking,200,OK,Thread Group 1-854,text,true,,944,521,434,434,https://restful-booker.herokuapp.com/booking,264,0,0
1789684031883,262,Get Booking,200,OK,Thread Group 1-648,text,true,,914,253,434,434,https://restful-booker.herokuapp.com/booking/4053,262,0,0
1789684031060,1088,Login,200,OK,Thread Group 1-977,text,true,,770,325,434,434,https://restful-booker.herokuapp.com/auth,1088,0,827
1789684031887,262,Get Booking,200,OK,Thread Group 1-731,text,true,,914,253,434,434,https://restful-booker.herokuapp.com/booking/4047,262,0,0
1789684031045,1106,Get Booking IDs,200,OK,Thread Group 1-388,text,true,,55671,248,434,434,https://restful-booker.herokuapp.com/booking,548,0,0
1789684031890,263,Get Booking,200,OK,Thread Group 1-713,text,true,,915,253,433,433,https://restful-booker.herokuapp.com/booking/4067,263,0,0
1789684031072,1083,Login,200,OK,Thread Group 1-995,text,true,,770,325,433,433,https://restful-booker.herokuapp.com/auth,1083,0,816
1789684031890,266,CreateBooking,200,OK,Thread Group 1-768,text,true,,944,521,432,432,https://restful-booker.herokuapp.com/booking,266,0,0
1789684031887,275,Get Booking,200,OK,Thread Group 1-708,text,true,,915,253,432,432,https://restful-booker.herokuapp.com/booking/4055,275,0,0
1789684031080,1083,Login,200,OK,Thread Group 1-982,text,true,,770,325,432,432,https://restful-booker.herokuapp.com/auth,1083,0,813
1789684031080,1094,Login,200,OK,Thread Group 1-993,text,true,,770,325,432,432,https://restful-booker.herokuapp.com/auth,1094,0,819
1789684030865,1312,Get Booking IDs,200,OK,Thread Group 1-346,text,true,,55101,248,432,432,https://restful-booker.herokuapp.com/booking,482,0,0
1789684031900,277,DeleteBooking,200,OK,Thread Group 1-237,text,true,,914,253,432,432,https://restful-booker.herokuapp.com/booking/3726,277,0,0
1789684031904,273,CreateBooking,200,OK,Thread Group 1-810,text,true,,944,521,432,432,https://restful-booker.herokuapp.com/booking,273,0,0
1789684031084,1095,Login,200,OK,Thread Group 1-953,text,true,,770,325,430,430,https://restful-booker.herokuapp.com/auth,1095,0,822
1789684031903,276,Get Booking,200,OK,Thread Group 1-758,text,true,,915,253,430,430,https://restful-booker.herokuapp.com/booking/4084,276,0,0
1789684031084,1095,Login,200,OK,Thread Group 1-940,text,true,,770,325,430,430,https://restful-booker.herokuapp.com/auth,1095,0,824
1789684031070,1109,Login,200,OK,Thread Group 1-925,text,true,,771,327,430,430,https://restful-booker.herokuapp.com/auth,1109,0,836
1789684031914,270,DeleteBooking,200,OK,Thread Group 1-304,text,true,,914,253,428,428,https://restful-booker.herokuapp.com/booking/3786,270,0,0
1789684031918,271,Get Booking,200,OK,Thread Group 1-663,text,true,,916,253,427,427,https://restful-booker.herokuapp.com/booking/4060,271,0,0
1789684031090,1100,Login,200,OK,Thread Group 1-986,text,true,,770,325,427,427,https://restful-booker.herokuapp.com/auth,1100,0,827
1789684031911,285,CreateBooking,200,OK,Thread Group 1-871,text,true,,944,521,427,427,https://restful-booker.herokuapp.com/booking,285,0,0
1789684031925,273,CreateBooking,200,OK,Thread Group 1-770,text,true,,943,520,427,427,https://restful-booker.herokuapp.com/booking,273,0,0
1789684031917,281,CreateBooking,200,OK,Thread Group 1-824,text,true,,945,522,427,427,https://restful-booker.herokuapp.com/booking,281,0,0
1789684031089,1109,Login,200,OK,Thread Group 1-917,text,true,,770,325,427,427,https://restful-booker.herokuapp.com/auth,1109,0,824
1789684031388,816,Get Booking IDs,200,OK,Thread Group 1-541,text,true,,56545,248,427,427,https://restful-booker.herokuapp.com/booking,267,0,0
1789684031932,277,CreateBooking,200,OK,Thread Group 1-830,text,true,,944,521,426,426,https://restful-booker.herokuapp.com/booking,277,0,0
1789684031933,278,UpdateBooking - PUT,200,OK,Thread Group 1-477,text,true,,914,524,426,426,https://restful-booker.herokuapp.com/booking/3876,278,0,0
1789684031933,278,Get Booking,200,OK,Thread Group 1-691,text,true,,915,253,426,426,https://restful-booker.herokuapp.com/booking/4074,278,0,0
1789684031941,273,Get Booking,200,OK,Thread Group 1-671,text,true,,914,253,426,426,https://restful-booker.herokuapp.com/booking/4071,272,0,0
1789684031941,273,CreateBooking,200,OK,Thread Group 1-831,text,true,,941,518,426,426,https://restful-booker.herokuapp.com/booking,273,0,0
1789684031944,270,Get Booking,200,OK,Thread Group 1-734,text,true,,912,253,426,426,https://restful-booker.herokuapp.com/booking/4069,270,0,0
1789684031939,275,CreateBooking,200,OK,Thread Group 1-771,text,true,,944,521,426,426,https://restful-booker.herokuapp.com/booking,275,0,0
1789684031140,1074,Login,200,OK,Thread Group 1-905,text,true,,771,327,426,426,https://restful-booker.herokuapp.com/auth,1074,0,806
1789684031146,1069,Login,200,OK,Thread Group 1-948,text,true,,770,325,425,425,https://restful-booker.herokuapp.com/auth,1069,0,805
1789684031949,266,CreateBooking,200,OK,Thread Group 1-847,text,true,,944,521,425,425,https://restful-booker.herokuapp.com/booking,266,0,0
1789684031142,1073,Login,200,OK,Thread Group 1-983,text,true,,770,325,425,425,https://restful-booker.herokuapp.com/auth,1073,0,812
1789684031145,1070,Login,200,OK,Thread Group 1-970,text,true,,770,325,425,425,https://restful-booker.herokuapp.com/auth,1070,0,809
1789684031140,1075,Login,200,OK,Thread Group 1-978,text,true,,770,325,425,425,https://restful-booker.herokuapp.com/auth,1075,0,814
1789684031146,1074,Login,200,OK,Thread Group 1-929,text,true,,770,325,424,424,https://restful-booker.herokuapp.com/auth,1074,0,809
1789684031142,1080,Get Booking IDs,200,OK,Thread Group 1-428,text,true,,55937,248,423,423,https://restful-booker.herokuapp.com/booking,292,0,0
1789684031963,259,DeleteBooking,200,OK,Thread Group 1-204,text,true,,914,253,423,423,https://restful-booker.herokuapp.com/booking/3710,259,0,0
1789684031145,1077,Login,200,OK,Thread Group 1-999,text,true,,770,325,423,423,https://restful-booker.herokuapp.com/auth,1077,0,814
1789684031148,1074,Login,200,OK,Thread Group 1-994,text,true,,771,327,423,423,https://restful-booker.herokuapp.com/auth,1074,0,811
1789684031145,1078,Login,200,OK,Thread Group 1-975,text,true,,771,327,420,420,https://restful-booker.herokuapp.com/auth,1078,0,806
1789684031148,1075,Login,200,OK,Thread Group 1-949,text,true,,770,325,420,420,https://restful-booker.herokuapp.com/auth,1075,0,803
1789684031144,1082,Login,200,OK,Thread Group 1-964,text,true,,770,325,418,418,https://restful-booker.herokuapp.com/auth,1082,0,807
1789684031956,274,UpdateBooking - PATCH,200,OK,Thread Group 1-344,text,true,,914,333,417,417,https://restful-booker.herokuapp.com/booking/3805,274,0,0
1789684031149,1082,Login,200,OK,Thread Group 1-937,text,true,,770,325,417,417,https://restful-booker.herokuapp.com/auth,1082,0,815
1789684031150,1083,Login,200,OK,Thread Group 1-950,text,true,,771,327,417,417,https://restful-booker.herokuapp.com/auth,1083,0,812
1789684031969,265,CreateBooking,200,OK,Thread Group 1-816,text,true,,945,522,417,417,https://restful-booker.herokuapp.com/booking,265,0,0
1789684031971,267,Get Booking,200,OK,Thread Group 1-726,text,true,,912,253,417,417,https://restful-booker.herokuapp.com/booking/4082,267,0,0
1789684031160,1078,Login,200,OK,Thread Group 1-966,text,true,,770,325,417,417,https://restful-booker.herokuapp.com/auth,1078,0,812
1789684031172,1068,Get Booking IDs,200,OK,Thread Group 1-437,text,true,,56070,248,417,417,https://restful-booker.herokuapp.com/booking,528,0,0
1789684031158,1082,Login,200,OK,Thread Group 1-885,text,true,,771,327,417,417,https://restful-booker.herokuapp.com/auth,1082,0,822
1789684031149,1093,Login,200,OK,Thread Group 1-952,text,true,,770,325,416,416,https://restful-booker.herokuapp.com/auth,1093,0,829
1789684031454,790,Get Booking IDs,200,OK,Thread Group 1-507,text,true,,56735,248,415,415,https://restful-booker.herokuapp.com/booking,527,0,0
1789684031149,1095,Get Booking IDs,200,OK,Thread Group 1-517,text,true,,55956,248,415,415,https://restful-booker.herokuapp.com/booking,578,0,0
1789684031426,818,Get Booking IDs,200,OK,Thread Group 1-593,text,true,,56697,248,414,414,https://restful-booker.herokuapp.com/booking,286,0,0
1789684031150,1101,Login,200,OK,Thread Group 1-938,text,true,,770,325,413,413,https://restful-booker.herokuapp.com/auth,1101,0,831
1789684031987,265,UpdateBooking - PATCH,200,OK,Thread Group 1-337,text,true,,914,333,413,413,https://restful-booker.herokuapp.com/booking/3802,265,0,0
1789684031986,266,CreateBooking,200,OK,Thread Group 1-823,text,true,,943,520,413,413,https://restful-booker.herokuapp.com/booking,266,0,0
1789684030969,1284,Get Booking IDs,200,OK,Thread Group 1-371,text,true,,55424,248,413,413,https://restful-booker.herokuapp.com/booking,214,0,0
1789684031997,263,CreateBooking,200,OK,Thread Group 1-856,text,true,,944,521,413,413,https://restful-booker.herokuapp.com/booking,263,0,0
1789684031997,264,CreateBooking,200,OK,Thread Group 1-861,text,true,,944,521,413,413,https://restful-booker.herokuapp.com/booking,264,0,0
1789684031184,1083,Login,200,OK,Thread Group 1-934,text,true,,770,325,413,413,https://restful-booker.herokuapp.com/auth,1083,0,821
1789684031993,277,CreateBooking,200,OK,Thread Group 1-914,text,true,,941,518,413,413,https://restful-booker.herokuapp.com/booking,277,0,0
1789684031456,818,Get Booking IDs,200,OK,Thread Group 1-481,text,true,,56735,248,413,413,https://restful-booker.herokuapp.com/booking,304,0,0
1789684031504,771,CreateBooking,200,OK,Thread Group 1-744,text,true,,952,521,413,413,https://restful-booker.herokuapp.com/booking,770,0,0
1789684032001,278,CreateBooking,200,OK,Thread Group 1-894,text,true,,943,520,412,412,https://restful-booker.herokuapp.com/booking,278,0,0
1789684032013,268,DeleteBooking,200,OK,Thread Group 1-251,text,true,,914,253,412,412,https://restful-booker.herokuapp.com/booking/3724,268,0,0
1789684032013,275,CreateBooking,200,OK,Thread Group 1-783,text,true,,944,521,411,411,https://restful-booker.herokuapp.com/booking,275,0,0
1789684032013,275,CreateBooking,200,OK,Thread Group 1-806,text,true,,944,521,411,411,https://restful-booker.herokuapp.com/booking,275,0,0
1789684030954,1335,Login,200,OK,Thread Group 1-908,text,true,,770,325,411,411,https://restful-booker.herokuapp.com/auth,1335,0,1064
1789684032016,273,CreateBooking,200,OK,Thread Group 1-923,text,true,,945,522,411,411,https://restful-booker.herokuapp.com/booking,273,0,0
1789684032021,270,CreateBooking,200,OK,Thread Group 1-794,text,true,,945,522,411,411,https://restful-booker.herokuapp.com/booking,270,0,0
1789684032014,277,CreateBooking,200,OK,Thread Group 1-906,text,true,,944,521,411,411,https://restful-booker.herokuapp.com/booking,277,0,0
1789684032023,274,UpdateBooking - PATCH,200,OK,Thread Group 1-364,text,true,,914,333,411,411,https://restful-booker.herokuapp.com/booking/3808,274,0,0
1789684032027,270,CreateBooking,200,OK,Thread Group 1-933,text,true,,944,521,411,411,https://restful-booker.herokuapp.com/booking,270,0,0
1789684032027,271,Get Booking,200,OK,Thread Group 1-763,text,true,,914,253,411,411,https://restful-booker.herokuapp.com/booking/4079,271,0,0
1789684032031,275,Get Booking,200,OK,Thread Group 1-693,text,true,,912,253,411,411,https://restful-booker.herokuapp.com/booking/4083,275,0,0
1789684032027,279,Get Booking,200,OK,Thread Group 1-718,text,true,,916,253,411,411,https://restful-booker.herokuapp.com/booking/4087,279,0,0
1789684032027,284,CreateBooking,200,OK,Thread Group 1-918,text,true,,944,521,411,411,https://restful-booker.herokuapp.com/booking,284,0,0
1789684032039,272,CreateBooking,200,OK,Thread Group 1-867,text,true,,941,518,411,411,https://restful-booker.herokuapp.com/booking,272,0,0
1789684031179,1135,Login,200,OK,Thread Group 1-976,text,true,,770,325,411,411,https://restful-booker.herokuapp.com/auth,1135,0,858
1789684031203,1111,Get Booking IDs,200,OK,Thread Group 1-480,text,true,,56108,248,411,411,https://restful-booker.herokuapp.com/booking,586,0,0
1789684032043,278,Get Booking,200,OK,Thread Group 1-720,text,true,,914,253,410,410,https://restful-booker.herokuapp.com/booking/4076,278,0,0
1789684031197,1124,Get Booking IDs,200,OK,Thread Group 1-496,text,true,,56089,248,410,410,https://restful-booker.herokuapp.com/booking,294,0,0
1789684031503,818,CreateBooking,200,OK,Thread Group 1-724,text,true,,951,520,410,410,https://restful-booker.herokuapp.com/booking,818,0,0
1789684031214,1107,Login,200,OK,Thread Group 1-996,text,true,,771,327,410,410,https://restful-booker.herokuapp.com/auth,1107,0,838
1789684031220,1103,Get Booking IDs,200,OK,Thread Group 1-461,text,true,,56203,248,409,409,https://restful-booker.herokuapp.com/booking,596,0,0
1789684031208,1115,Login,200,OK,Thread Group 1-998,text,true,,770,325,409,409,https://restful-booker.herokuapp.com/auth,1115,0,844
1789684031237,1086,Get Booking IDs,200,OK,Thread Group 1-508,text,true,,56279,248,409,409,https://restful-booker.herokuapp.com/booking,292,0,0
1789684031204,1119,Login,200,OK,Thread Group 1-946,text,true,,770,325,409,409,https://restful-booker.herokuapp.com/auth,1119,0,848
1789684031212,1114,Login,200,OK,Thread Group 1-956,text,true,,770,325,407,407,https://restful-booker.herokuapp.com/auth,1114,0,847
1789684031200,1127,Login,200,OK,Thread Group 1-987,text,true,,770,325,407,407,https://restful-booker.herokuapp.com/auth,1127,0,848
1789684032051,277,Get Booking,200,OK,Thread Group 1-723,text,true,,912,253,407,407,https://restful-booker.herokuapp.com/booking/4080,277,0,0
1789684031201,1127,Get Booking IDs,200,OK,Thread Group 1-493,text,true,,56089,248,407,407,https://restful-booker.herokuapp.com/booking,577,0,0
1789684031247,1093,Get Booking IDs,200,OK,Thread Group 1-554,text,true,,56298,248,406,406,https://restful-booker.herokuapp.com/booking,296,0,0
1789684032075,267,Get Booking,200,OK,Thread Group 1-694,text,true,,912,253,405,405,https://restful-booker.herokuapp.com/booking/4098,267,0,0
1789684032080,272,CreateBooking,200,OK,Thread Group 1-811,text,true,,943,520,405,405,https://restful-booker.herokuapp.com/booking,272,0,0
1789684031237,1116,Get Booking IDs,200,OK,Thread Group 1-514,text,true,,56298,248,405,405,https://restful-booker.herokuapp.com/booking,267,0,0
1789684031238,1117,Login,200,OK,Thread Group 1-959,text,true,,770,325,404,404,https://restful-booker.herokuapp.com/auth,1117,0,839
1789684032078,281,UpdateBooking - PATCH,200,OK,Thread Group 1-397,text,true,,914,333,403,403,https://restful-booker.herokuapp.com/booking/3868,281,0,0
1789684032084,275,Get Booking,200,OK,Thread Group 1-704,text,true,,916,253,403,403,https://restful-booker.herokuapp.com/booking/4093,275,0,0
1789684030819,1540,Login,200,OK,Thread Group 1-874,text,true,,778,325,403,403,https://restful-booker.herokuapp.com/auth,1540,0,696
1789684032084,277,Get Booking,200,OK,Thread Group 1-654,text,true,,916,253,403,403,https://restful-booker.herokuapp.com/booking/4075,277,0,0
1789684031516,846,UpdateBooking - PUT,200,OK,Thread Group 1-417,text,true,,922,524,403,403,https://restful-booker.herokuapp.com/booking/3865,846,0,0
1789684032098,274,Get Booking,200,OK,Thread Group 1-714,text,true,,916,253,403,403,https://restful-booker.herokuapp.com/booking/4070,274,0,0
1789684030828,1547,Login,200,OK,Thread Group 1-915,text,true,,779,327,403,403,https://restful-booker.herokuapp.com/auth,1547,0,694
1789684030804,1574,Login,200,OK,Thread Group 1-888,text,true,,778,325,402,402,https://restful-booker.herokuapp.com/auth,1574,0,711
1789684030819,1559,Login,200,OK,Thread Group 1-841,text,true,,778,325,402,402,https://restful-booker.herokuapp.com/auth,1559,0,703
1789684031261,1118,Get Booking IDs,200,OK,Thread Group 1-484,text,true,,56336,248,402,402,https://restful-booker.herokuapp.com/booking,270,0,0
1789684031262,1120,Login,200,OK,Thread Group 1-941,text,true,,770,325,402,402,https://restful-booker.herokuapp.com/auth,1120,0,840
1789684032104,280,CreateBooking,200,OK,Thread Group 1-896,text,true,,944,521,402,402,https://restful-booker.herokuapp.com/booking,280,0,0
1789684032109,277,Get Booking,200,OK,Thread Group 1-751,text,true,,916,253,402,402,https://restful-booker.herokuapp.com/booking/4113,277,0,0
1789684032111,276,CreateBooking,200,OK,Thread Group 1-836,text,true,,943,520,402,402,https://restful-booker.herokuapp.com/booking,276,0,0
1789684032116,275,Get Booking,200,OK,Thread Group 1-778,text,true,,912,253,402,402,https://restful-booker.herokuapp.com/booking/4109,274,0,0
1789684032109,282,CreateBooking,200,OK,Thread Group 1-834,text,true,,941,518,402,402,https://restful-booker.herokuapp.com/booking,282,0,0
1789684032111,282,CreateBooking,200,OK,Thread Group 1-820,text,true,,943,520,402,402,https://restful-booker.herokuapp.com/booking,282,0,0
1789684032110,285,Get Booking,200,OK,Thread Group 1-700,text,true,,915,253,402,402,https://restful-booker.herokuapp.com/booking/4086,285,0,0
1789684031249,1148,Get Booking IDs,200,OK,Thread Group 1-550,text,true,,56298,248,402,402,https://restful-booker.herokuapp.com/booking,262,0,0
1789684030815,1582,Login,200,OK,Thread Group 1-801,text,true,,778,325,402,402,https://restful-booker.herokuapp.com/auth,1582,0,700
1789684032120,279,UpdateBooking - PATCH,200,OK,Thread Group 1-311,text,true,,914,333,401,401,https://restful-booker.herokuapp.com/booking/3810,279,0,0
1789684032119,280,CreateBooking,200,OK,Thread Group 1-881,text,true,,943,520,401,401,https://restful-booker.herokuapp.com/booking,280,0,0
1789684031303,1100,Get Booking IDs,200,OK,Thread Group 1-558,text,true,,56412,248,401,401,https://restful-booker.herokuapp.com/booking,282,0,0
1789684032130,273,Get Booking,200,OK,Thread Group 1-716,text,true,,914,253,401,401,https://restful-booker.herokuapp.com/booking/4119,273,0,0
1789684032122,281,CreateBooking,200,OK,Thread Group 1-781,text,true,,943,520,401,401,https://restful-booker.herokuapp.com/booking,281,0,0
1789684031065,1340,Get Booking IDs,200,OK,Thread Group 1-506,text,true,,55747,248,400,400,https://restful-booker.herokuapp.com/booking,248,0,0
1789684031598,807,CreateBooking,200,OK,Thread Group 1-686,text,true,,952,521,400,400,https://restful-booker.herokuapp.com/booking,807,0,0
1789684032129,284,CreateBooking,200,OK,Thread Group 1-776,text,true,,941,518,399,399,https://restful-booker.herokuapp.com/booking,283,0,0
1789684032132,284,CreateBooking,200,OK,Thread Group 1-886,text,true,,945,522,399,399,https://restful-booker.herokuapp.com/booking,284,0,0
1789684031053,1367,Get Booking IDs,200,OK,Thread Group 1-407,text,true,,55671,248,399,399,https://restful-booker.herokuapp.com/booking,245,0,0
1789684032136,285,CreateBooking,200,OK,Thread Group 1-887,text,true,,941,518,399,399,https://restful-booker.herokuapp.com/booking,285,0,0
1789684031641,781,Get Booking,200,OK,Thread Group 1-618,text,true,,923,253,398,398,https://restful-booker.herokuapp.com/booking/4041,781,0,0
1789684032150,272,UpdateBooking - PATCH,200,OK,Thread Group 1-404,text,true,,914,333,398,398,https://restful-booker.herokuapp.com/booking/3836,272,0,0
1789684032152,270,Get Booking,200,OK,Thread Group 1-738,text,true,,915,253,398,398,https://restful-booker.herokuapp.com/booking/4091,270,0,0
1789684032140,282,CreateBooking,200,OK,Thread Group 1-840,text,true,,944,521,398,398,https://restful-booker.herokuapp.com/booking,282,0,0
1789684030327,2098,Login,200,OK,Thread Group 1-688,text,false,"The operation lasted too long: It took 2,098 milliseconds, but should not have lasted longer than 2,000 milliseconds.",770,325,398,398,https://restful-booker.herokuapp.com/auth,2098,0,1828
1789684031065,1361,Get Booking IDs,200,OK,Thread Group 1-500,text,true,,55728,248,398,398,https://restful-booker.herokuapp.com/booking,258,0,0
1789684032158,269,Get Booking,200,OK,Thread Group 1-661,text,true,,912,253,398,398,https://restful-booker.herokuapp.com/booking/4095,269,0,0
1789684032157,272,CreateBooking,200,OK,Thread Group 1-674,text,true,,944,521,397,397,https://restful-booker.herokuapp.com/booking,272,0,0
1789684032146,285,CreateBooking,200,OK,Thread Group 1-846,text,true,,943,520,397,397,https://restful-booker.herokuapp.com/booking,285,0,0
1789684032154,281,CreateBooking,200,OK,Thread Group 1-898,text,true,,944,521,397,397,https://restful-booker.herokuapp.com/booking,281,0,0
1789684030322,2113,Login,200,OK,Thread Group 1-754,text,false,"The operation lasted too long: It took 2,113 milliseconds, but should not have lasted longer than 2,000 milliseconds.",770,325,397,397,https://restful-booker.herokuapp.com/auth,2113,0,1841
1789684031336,1100,Get Booking IDs,200,OK,Thread Group 1-504,text,true,,56488,248,397,397,https://restful-booker.herokuapp.com/booking,285,0,0
1789684031069,1368,Get Booking IDs,200,OK,Thread Group 1-421,text,true,,55766,248,397,397,https://restful-booker.herokuapp.com/booking,265,0,0
1789684032171,266,CreateBooking,200,OK,Thread Group 1-921,text,true,,941,518,397,397,https://restful-booker.herokuapp.com/booking,266,0,0
1789684031028,1409,Login,200,OK,Thread Group 1-980,text,true,,771,327,397,397,https://restful-booker.herokuapp.com/auth,1409,0,1144
1789684032176,267,Get Booking,200,OK,Thread Group 1-784,text,true,,912,253,396,396,https://restful-booker.herokuapp.com/booking/4092,267,0,0
1789684032170,277,CreateBooking,200,OK,Thread Group 1-863,text,true,,944,521,396,396,https://restful-booker.herokuapp.com/booking,277,0,0
1789684031646,802,CreateBooking,200,OK,Thread Group 1-753,text,true,,951,520,396,396,https://restful-booker.herokuapp.com/booking,802,0,0
1789684031047,1402,Get Booking IDs,200,OK,Thread Group 1-451,text,true,,55671,248,396,396,https://restful-booker.herokuapp.com/booking,246,0,0
1789684031075,1374,Login,200,OK,Thread Group 1-984,text,true,,770,325,396,396,https://restful-booker.herokuapp.com/auth,1374,0,1093
1789684032184,265,CreateBooking,200,OK,Thread Group 1-931,text,true,,945,522,396,396,https://restful-booker.herokuapp.com/booking,265,0,0
1789684032169,286,Get Booking,200,OK,Thread Group 1-717,text,true,,912,253,396,396,https://restful-booker.herokuapp.com/booking/4104,286,0,0
1789684032191,267,Get Booking,200,OK,Thread Group 1-743,text,true,,914,253,396,396,https://restful-booker.herokuapp.com/booking/4085,267,0,0
1789684032190,269,CreateBooking,200,OK,Thread Group 1-857,text,true,,944,521,396,396,https://restful-booker.herokuapp.com/booking,269,0,0
1789684031618,843,UpdateBooking - PUT,200,OK,Thread Group 1-457,text,true,,922,524,396,396,https://restful-booker.herokuapp.com/booking/3880,843,0,0
1789684032198,263,CreateBooking,200,OK,Thread Group 1-803,text,true,,944,521,396,396,https://restful-booker.herokuapp.com/booking,263,0,0
1789684030839,1624,Get Booking IDs,200,OK,Thread Group 1-387,text,true,,55006,248,396,396,https://restful-booker.herokuapp.com/booking,452,0,0
1789684032187,277,UpdateBooking - PATCH,200,OK,Thread Group 1-331,text,true,,914,333,396,396,https://restful-booker.herokuapp.com/booking/3813,277,0,0
1789684031353,1111,Get Booking IDs,200,OK,Thread Group 1-520,text,true,,56526,248,396,396,https://restful-booker.herokuapp.com/booking,279,0,0
1789684032181,283,CreateBooking,200,OK,Thread Group 1-877,text,true,,945,522,396,396,https://restful-booker.herokuapp.com/booking,283,0,0
1789684032180,284,CreateBooking,200,OK,Thread Group 1-880,text,true,,945,522,396,396,https://restful-booker.herokuapp.com/booking,284,0,0
1789684031051,1413,Login,200,OK,Thread Group 1-935,text,true,,771,327,396,396,https://restful-booker.herokuapp.com/auth,1413,0,1136
1789684031378,1086,Get Booking IDs,200,OK,Thread Group 1-478,text,true,,56545,248,396,396,https://restful-booker.herokuapp.com/booking,302,0,0
1789684032190,274,Get Booking,200,OK,Thread Group 1-736,text,true,,915,253,396,396,https://restful-booker.herokuapp.com/booking/4121,274,0,0
1789684032191,279,Get Booking,200,OK,Thread Group 1-464,text,true,,915,253,392,392,https://restful-booker.herokuapp.com/booking/4106,279,0,0
1789684031051,1423,Login,200,OK,Thread Group 1-901,text,true,,770,325,392,392,https://restful-booker.herokuapp.com/auth,1423,0,1139
1789684032232,246,CreateBooking,200,OK,Thread Group 1-893,text,true,,941,518,392,392,https://restful-booker.herokuapp.com/booking,246,0,0
1789684032198,282,Get Booking,200,OK,Thread Group 1-764,text,true,,915,253,392,392,https://restful-booker.herokuapp.com/booking/4102,282,0,0
1789684032246,235,CreateBooking,200,OK,Thread Group 1-860,text,true,,941,518,392,392,https://restful-booker.herokuapp.com/booking,235,0,0
1789684032240,241,CreateBooking,200,OK,Thread Group 1-878,text,true,,945,522,392,392,https://restful-booker.herokuapp.com/booking,241,0,0
1789684031409,1072,Get Booking IDs,200,OK,Thread Group 1-467,text,true,,56621,248,392,392,https://restful-booker.herokuapp.com/booking,563,0,0
1789684032245,241,CreateBooking,200,OK,Thread Group 1-927,text,true,,944,521,391,391,https://restful-booker.herokuapp.com/booking,241,0,0
1789684031408,1079,Get Booking IDs,200,OK,Thread Group 1-518,text,true,,56621,248,391,391,https://restful-booker.herokuapp.com/booking,288,0,0
1789684032257,230,Get Booking,200,OK,Thread Group 1-773,text,true,,912,253,391,391,https://restful-booker.herokuapp.com/booking/4122,230,0,0
1789684031144,1345,Get Booking IDs,200,OK,Thread Group 1-460,text,true,,55937,248,390,390,https://restful-booker.herokuapp.com/booking,256,0,0
1789684031431,1060,Get Booking IDs,200,OK,Thread Group 1-580,text,true,,56697,248,389,389,https://restful-booker.herokuapp.com/booking,287,0,0
1789684032203,288,Get Booking,200,OK,Thread Group 1-788,text,true,,915,253,389,389,https://restful-booker.herokuapp.com/booking/4111,288,0,0
1789684032207,284,CreateBooking,200,OK,Thread Group 1-858,text,true,,941,518,389,389,https://restful-booker.herokuapp.com/booking,284,0,0
1789684031400,1093,Get Booking IDs,200,OK,Thread Group 1-456,text,true,,56602,248,388,388,https://restful-booker.herokuapp.com/booking,289,0,0
1789684032213,281,Get Booking,200,OK,Thread Group 1-786,text,true,,914,253,387,387,https://restful-booker.herokuapp.com/booking/4123,281,0,0
1789684032217,277,Get Booking,200,OK,Thread Group 1-800,text,true,,915,253,387,387,https://restful-booker.herokuapp.com/booking/4114,277,0,0
1789684032261,239,Get Booking,200,OK,Thread Group 1-756,text,true,,915,253,387,387,https://restful-booker.herokuapp.com/booking/4112,239,0,0
1789684032224,277,CreateBooking,200,OK,Thread Group 1-924,text,true,,943,520,387,387,https://restful-booker.herokuapp.com/booking,277,0,0
1789684032224,281,UpdateBooking - PATCH,200,OK,Thread Group 1-357,text,true,,914,333,387,387,https://restful-booker.herokuapp.com/booking/3806,281,0,0
1789684032227,281,Get Booking,200,OK,Thread Group 1-730,text,true,,915,253,387,387,https://restful-booker.herokuapp.com/booking/4094,281,0,0
1789684032227,281,UpdateBooking - PUT,200,OK,Thread Group 1-431,text,true,,914,524,387,387,https://restful-booker.herokuapp.com/booking/3890,281,0,0
1789684032223,285,CreateBooking,200,OK,Thread Group 1-838,text,true,,945,522,387,387,https://restful-booker.herokuapp.com/booking,285,0,0
1789684032272,237,CreateBooking,200,OK,Thread Group 1-936,text,true,,941,518,387,387,https://restful-booker.herokuapp.com/booking,237,0,0
1789684032227,282,CreateBooking,200,OK,Thread Group 1-853,text,true,,945,522,387,387,https://restful-booker.herokuapp.com/booking,282,0,0
1789684032269,241,Get Booking,200,OK,Thread Group 1-766,text,true,,915,253,387,387,https://restful-booker.herokuapp.com/booking/4097,241,0,0
1789684032272,238,CreateBooking,200,OK,Thread Group 1-873,text,true,,945,522,387,387,https://restful-booker.herokuapp.com/booking,238,0,0
1789684032275,237,UpdateBooking - PUT,200,OK,Thread Group 1-471,text,true,,914,524,387,387,https://restful-booker.herokuapp.com/booking/3901,237,0,0
1789684032284,234,Get Booking,200,OK,Thread Group 1-791,text,true,,912,253,387,387,https://restful-booker.herokuapp.com/booking/4141,234,0,0
1789684032235,283,CreateBooking,200,OK,Thread Group 1-827,text,true,,944,521,387,387,https://restful-booker.herokuapp.com/booking,282,0,0
1789684032249,275,Get Booking,200,OK,Thread Group 1-808,text,true,,915,253,387,387,https://restful-booker.herokuapp.com/booking/4118,275,0,0
1789684032255,271,Get Booking,200,OK,Thread Group 1-746,text,true,,916,253,387,387,https://restful-booker.herokuapp.com/booking/4096,271,0,0
1789684031754,778,Get Booking IDs,200,OK,Thread Group 1-534,text,true,,57487,248,387,387,https://restful-booker.herokuapp.com/booking,238,0,0
1789684032289,243,CreateBooking,200,OK,Thread Group 1-988,text,true,,944,521,387,387,https://restful-booker.herokuapp.com/booking,243,0,0
1789684031784,751,Get Booking,200,OK,Thread Group 1-653,text,true,,916,253,386,386,https://restful-booker.herokuapp.com/booking/4037,751,0,0
1789684032297,242,Get Booking,200,OK,Thread Group 1-727,text,true,,914,253,386,386,https://restful-booker.herokuapp.com/booking/4081,242,0,0
1789684032301,238,DeleteBooking,200,OK,Thread Group 1-317,text,true,,914,253,386,386,https://restful-booker.herokuapp.com/booking/3787,238,0,0
1789684032267,275,CreateBooking,200,OK,Thread Group 1-864,text,true,,943,520,385,385,https://restful-booker.herokuapp.com/booking,275,0,0
1789684032303,239,CreateBooking,200,OK,Thread Group 1-920,text,true,,943,520,385,385,https://restful-booker.herokuapp.com/booking,239,0,0
1789684032305,237,CreateBooking,200,OK,Thread Group 1-958,text,true,,941,518,385,385,https://restful-booker.herokuapp.com/booking,237,0,0
1789684032303,239,CreateBooking,200,OK,Thread Group 1-960,text,true,,944,521,385,385,https://restful-booker.herokuapp.com/booking,239,0,0
1789684032312,234,UpdateBooking - PUT,200,OK,Thread Group 1-497,text,true,,914,524,385,385,https://restful-booker.herokuapp.com/booking/3912,234,0,0
1789684032316,232,CreateBooking,200,OK,Thread Group 1-891,text,true,,944,521,385,385,https://restful-booker.herokuapp.com/booking,231,0,0
1789684032276,280,Get Booking,200,OK,Thread Group 1-750,text,true,,916,253,385,385,https://restful-booker.herokuapp.com/booking/4115,280,0,0
1789684032282,276,Get Booking,200,OK,Thread Group 1-733,text,true,,915,253,385,385,https://restful-booker.herokuapp.com/booking/4105,276,0,0
1789684032289,276,DeleteBooking,200,OK,Thread Group 1-291,text,true,,914,253,385,385,https://restful-booker.herokuapp.com/booking/3788,276,0,0
1789684032331,239,Get Booking,200,OK,Thread Group 1-826,text,true,,915,253,384,384,https://restful-booker.herokuapp.com/booking/4142,239,0,0
1789684032292,280,CreateBooking,200,OK,Thread Group 1-947,text,true,,941,518,384,384,https://restful-booker.herokuapp.com/booking,280,0,0
1789684032294,278,UpdateBooking - PATCH,200,OK,Thread Group 1-424,text,true,,914,333,384,384,https://restful-booker.herokuapp.com/booking/3841,278,0,0
1789684032339,233,CreateBooking,200,OK,Thread Group 1-828,text,true,,943,520,384,384,https://restful-booker.herokuapp.com/booking,233,0,0
1789684032302,281,Get Booking,200,OK,Thread Group 1-721,text,true,,915,253,384,384,https://restful-booker.herokuapp.com/booking/4125,281,0,0
1789684032358,227,Get Booking,200,OK,Thread Group 1-757,text,true,,914,253,384,384,https://restful-booker.herokuapp.com/booking/4110,227,0,0
1789684030969,1616,Login,200,OK,Thread Group 1-884,text,true,,778,325,384,384,https://restful-booker.herokuapp.com/auth,1616,0,755
1789684032356,230,Get Booking,200,OK,Thread Group 1-780,text,true,,916,253,384,384,https://restful-booker.herokuapp.com/booking/4100,230,0,0
1789684031510,1077,Get Booking IDs,200,OK,Thread Group 1-533,text,true,,56849,248,384,384,https://restful-booker.herokuapp.com/booking,567,0,0
1789684032353,235,Get Booking,200,OK,Thread Group 1-770,text,true,,914,253,384,384,https://restful-booker.herokuapp.com/booking/4149,235,0,0
1789684032363,225,DeleteBooking,200,OK,Thread Group 1-324,text,true,,914,253,384,384,https://restful-booker.herokuapp.com/booking/3775,225,0,0
1789684032305,284,UpdateBooking - PATCH,200,OK,Thread Group 1-384,text,true,,914,333,382,382,https://restful-booker.herokuapp.com/booking/3818,284,0,0
1789684032362,227,CreateBooking,200,OK,Thread Group 1-926,text,true,,944,521,382,382,https://restful-booker.herokuapp.com/booking,227,0,0
1789684032316,276,CreateBooking,200,OK,Thread Group 1-851,text,true,,944,521,382,382,https://restful-booker.herokuapp.com/booking,276,0,0
1789684032320,280,Get Booking,200,OK,Thread Group 1-740,text,true,,915,253,382,382,https://restful-booker.herokuapp.com/booking/4128,280,0,0
1789684032341,278,CreateBooking,200,OK,Thread Group 1-954,text,true,,944,521,382,382,https://restful-booker.herokuapp.com/booking,278,0,0
1789684032336,283,CreateBooking,200,OK,Thread Group 1-913,text,true,,943,520,382,382,https://restful-booker.herokuapp.com/booking,283,0,0
1789684032385,237,CreateBooking,200,OK,Thread Group 1-904,text,true,,945,522,382,382,https://restful-booker.herokuapp.com/booking,237,0,0
1789684030975,1648,Login,200,OK,Thread Group 1-897,text,true,,770,325,382,382,https://restful-booker.herokuapp.com/auth,1648,0,760
1789684032344,283,CreateBooking,200,OK,Thread Group 1-974,text,true,,941,518,382,382,https://restful-booker.herokuapp.com/booking,283,0,0
1789684031570,1060,Get Booking IDs,200,OK,Thread Group 1-546,text,true,,56925,248,382,382,https://restful-booker.herokuapp.com/booking,292,0,0
1789684032399,234,Get Booking,200,OK,Thread Group 1-843,text,true,,915,253,381,381,https://restful-booker.herokuapp.com/booking/4136,234,0,0
1789684032407,226,DeleteBooking,200,OK,Thread Group 1-391,text,true,,914,253,381,381,https://restful-booker.herokuapp.com/booking/3820,226,0,0
1789684031848,794,Get Booking IDs,200,OK,Thread Group 1-644,text,true,,57658,248,380,380,https://restful-booker.herokuapp.com/booking,247,0,0
1789684032373,272,CreateBooking,200,OK,Thread Group 1-990,text,true,,944,521,380,380,https://restful-booker.herokuapp.com/booking,272,0,0
1789684032374,273,Get Booking,200,OK,Thread Group 1-793,text,true,,914,253,380,380,https://restful-booker.herokuapp.com/booking/4132,273,0,0
1789684032374,275,CreateBooking,200,OK,Thread Group 1-957,text,true,,943,520,380,380,https://restful-booker.herokuapp.com/booking,275,0,0
1789684031305,1348,Get Booking IDs,200,OK,Thread Group 1-510,text,true,,56412,248,380,380,https://restful-booker.herokuapp.com/booking,284,0,0
1789684032442,213,Get Booking,200,OK,Thread Group 1-741,text,true,,914,253,379,379,https://restful-booker.herokuapp.com/booking/4108,213,0,0
1789684032437,219,Get Booking,200,OK,Thread Group 1-761,text,true,,914,253,379,379,https://restful-booker.herokuapp.com/booking/4133,219,0,0
1789684032379,278,Get Booking,200,OK,Thread Group 1-767,text,true,,912,253,379,379,https://restful-booker.herokuapp.com/booking/4090,278,0,0
1789684032459,204,Get Booking,200,OK,Thread Group 1-747,text,true,,915,253,379,379,https://restful-booker.herokuapp.com/booking/4126,204,0,0
1789684032458,207,Get Booking,200,OK,Thread Group 1-923,text,true,,916,253,379,379,https://restful-booker.herokuapp.com/booking/4167,207,0,0
1789684032396,271,CreateBooking,200,OK,Thread Group 1-998,text,true,,943,520,379,379,https://restful-booker.herokuapp.com/booking,271,0,0
1789684031134,1542,Get Booking IDs,200,OK,Thread Group 1-486,text,true,,55918,248,379,379,https://restful-booker.herokuapp.com/booking,245,0,0
1789684031397,1279,Get Booking IDs,200,OK,Thread Group 1-511,text,true,,56602,248,379,379,https://restful-booker.herokuapp.com/booking,543,0,0
1789684031405,1272,Get Booking IDs,200,OK,Thread Group 1-443,text,true,,56621,248,379,379,https://restful-booker.herokuapp.com/booking,281,0,0
1789684031848,833,CreateBooking,200,OK,Thread Group 1-797,text,true,,943,520,377,377,https://restful-booker.herokuapp.com/booking,833,0,0
1789684032478,209,Get Booking,200,OK,Thread Group 1-824,text,true,,916,253,377,377,https://restful-booker.herokuapp.com/booking/4148,209,0,0
1789684032478,209,Get Booking,200,OK,Thread Group 1-674,text,true,,915,253,377,377,https://restful-booker.herokuapp.com/booking/4188,209,0,0
1789684032480,207,CreateBooking,200,OK,Thread Group 1-973,text,true,,945,522,377,377,https://restful-booker.herokuapp.com/booking,207,0,0
1789684032482,208,UpdateBooking - PUT,200,OK,Thread Group 1-371,text,true,,914,524,377,377,https://restful-booker.herokuapp.com/booking/3864,208,0,0
1789684031183,1515,Get Booking IDs,200,OK,Thread Group 1-376,text,true,,56089,248,377,377,https://restful-booker.herokuapp.com/booking,533,0,0
1789684032488,214,CreateBooking,200,OK,Thread Group 1-963,text,true,,941,518,376,376,https://restful-booker.herokuapp.com/booking,214,0,0
1789684032498,206,Get Booking,200,OK,Thread Group 1-771,text,true,,915,253,376,376,https://restful-booker.herokuapp.com/booking/4152,206,0,0
1789684032502,204,Get Booking,200,OK,Thread Group 1-823,text,true,,914,253,376,376,https://restful-booker.herokuapp.com/booking/4157,204,0,0
1789684032428,278,CreateBooking,200,OK,Thread Group 1-850,text,true,,943,520,376,376,https://restful-booker.herokuapp.com/booking,278,0,0
1789684032428,281,CreateBooking,200,OK,Thread Group 1-928,text,true,,944,521,376,376,https://restful-booker.herokuapp.com/booking,281,0,0
1789684031925,788,CreateBooking,200,OK,Thread Group 1-866,text,true,,944,521,376,376,https://restful-booker.herokuapp.com/booking,788,0,0
1789684032437,276,CreateBooking,200,OK,Thread Group 1-970,text,true,,944,521,376,376,https://restful-booker.herokuapp.com/booking,276,0,0
1789684032514,200,CreateBooking,200,OK,Thread Group 1-944,text,true,,943,520,376,376,https://restful-booker.herokuapp.com/booking,200,0,0
1789684032510,205,Get Booking,200,OK,Thread Group 1-796,text,true,,915,253,376,376,https://restful-booker.herokuapp.com/booking/4129,205,0,0
1789684032440,277,CreateBooking,200,OK,Thread Group 1-939,text,true,,944,521,376,376,https://restful-booker.herokuapp.com/booking,277,0,0
1789684031435,1284,Get Booking IDs,200,OK,Thread Group 1-473,text,true,,56697,248,376,376,https://restful-booker.herokuapp.com/booking,570,0,0
1789684032442,277,Get Booking,200,OK,Thread Group 1-647,text,true,,912,253,376,376,https://restful-booker.herokuapp.com/booking/4065,277,0,0
1789684032519,200,Get Booking,200,OK,Thread Group 1-871,text,true,,915,253,376,376,https://restful-booker.herokuapp.com/booking/4147,200,0,0
1789684032446,273,Get Booking,200,OK,Thread Group 1-854,text,true,,915,253,376,376,https://restful-booker.herokuapp.com/booking/4143,273,0,0
1789684032444,277,CreateBooking,200,OK,Thread Group 1-999,text,true,,945,522,375,375,https://restful-booker.herokuapp.com/booking,277,0,0
1789684032459,276,Get Booking,200,OK,Thread Group 1-798,text,true,,916,253,375,375,https://restful-booker.herokuapp.com/booking/4138,276,0,0
1789684032534,201,Get Booking,200,OK,Thread Group 1-790,text,true,,912,253,375,375,https://restful-booker.herokuapp.com/booking/4140,201,0,0
1789684031014,1721,Login,200,OK,Thread Group 1-981,text,true,,770,325,375,375,https://restful-booker.herokuapp.com/auth,1721,0,1521
1789684032462,274,Get Booking,200,OK,Thread Group 1-810,text,true,,915,253,375,375,https://restful-booker.herokuapp.com/booking/4146,274,0,0
1789684032539,198,Get Booking,200,OK,Thread Group 1-896,text,true,,915,253,375,375,https://restful-booker.herokuapp.com/booking/4173,198,0,0
1789684032543,197,DeleteBooking,200,OK,Thread Group 1-397,text,true,,914,253,375,375,https://restful-booker.herokuapp.com/booking/3868,197,0,0
1789684031758,985,Get Booking IDs,200,OK,Thread Group 1-527,text,true,,57506,248,374,374,https://restful-booker.herokuapp.com/booking,279,0,0
1789684031610,1140,Get Booking IDs,200,OK,Thread Group 1-553,text,true,,57077,248,373,373,https://restful-booker.herokuapp.com/booking,278,0,0
1789684032549,201,Get Booking,200,OK,Thread Group 1-804,text,true,,916,253,373,373,https://restful-booker.herokuapp.com/booking/4134,201,0,0
1789684032484,270,CreateBooking,200,OK,Thread Group 1-948,text,true,,941,518,372,372,https://restful-booker.herokuapp.com/booking,270,0,0
1789684032552,206,CreateBooking,200,OK,Thread Group 1-951,text,true,,941,518,372,372,https://restful-booker.herokuapp.com/booking,206,0,0
1789684032488,273,Get Booking,200,OK,Thread Group 1-847,text,true,,915,253,372,372,https://restful-booker.herokuapp.com/booking/4154,273,0,0
1789684032560,203,DeleteBooking,200,OK,Thread Group 1-311,text,true,,914,253,372,372,https://restful-booker.herokuapp.com/booking/3810,202,0,0
1789684032561,204,DeleteBooking,200,OK,Thread Group 1-337,text,true,,914,253,371,371,https://restful-booker.herokuapp.com/booking/3802,204,0,0
1789684032559,206,Get Booking,200,OK,Thread Group 1-848,text,true,,915,253,371,371,https://restful-booker.herokuapp.com/booking/4144,206,0,0
1789684032495,270,Get Booking,200,OK,Thread Group 1-833,text,true,,916,253,371,371,https://restful-booker.herokuapp.com/booking/4139,270,0,0
1789684032567,199,DeleteBooking,200,OK,Thread Group 1-344,text,true,,914,253,370,370,https://restful-booker.herokuapp.com/booking/3805,199,0,0
1789684031642,1126,Get Booking IDs,200,OK,Thread Group 1-537,text,true,,57115,248,369,369,https://restful-booker.herokuapp.com/booking,516,0,0
1789684032567,202,CreateBooking,200,OK,Thread Group 1-937,text,true,,944,521,369,369,https://restful-booker.herokuapp.com/booking,202,0,0
1789684031450,1319,Get Booking IDs,200,OK,Thread Group 1-577,text,true,,56735,248,369,369,https://restful-booker.herokuapp.com/booking,311,0,0
1789684032498,273,Get Booking,200,OK,Thread Group 1-744,text,true,,915,253,369,369,https://restful-booker.herokuapp.com/booking/4088,273,0,0
1789684032574,201,CreateBooking,200,OK,Thread Group 1-917,text,true,,944,521,369,369,https://restful-booker.herokuapp.com/booking,201,0,0
1789684031448,1334,Get Booking IDs,200,OK,Thread Group 1-561,text,true,,56735,248,369,369,https://restful-booker.herokuapp.com/booking,301,0,0
1789684032584,200,UpdateBooking - PUT,200,OK,Thread Group 1-437,text,true,,914,524,368,368,https://restful-booker.herokuapp.com/booking/3889,200,0,0
1789684032589,198,Get Booking,200,OK,Thread Group 1-867,text,true,,912,253,368,368,https://restful-booker.herokuapp.com/booking/4171,198,0,0
1789684032584,203,CreateBooking,200,OK,Thread Group 1-993,text,true,,944,521,368,368,https://restful-booker.herokuapp.com/booking,203,0,0
1789684032595,194,Get Booking,200,OK,Thread Group 1-933,text,true,,915,253,368,368,https://restful-booker.herokuapp.com/booking/4169,194,0,0
1789684031048,1741,Login,200,OK,Thread Group 1-972,text,true,,770,325,368,368,https://restful-booker.herokuapp.com/auth,1741,0,818
1789684032593,197,CreateBooking,200,OK,Thread Group 1-966,text,true,,944,521,368,368,https://restful-booker.herokuapp.com/booking,197,0,0
1789684031815,977,Get Booking IDs,200,OK,Thread Group 1-581,text,true,,57601,248,367,367,https://restful-booker.herokuapp.com/booking,273,0,0
1789684032589,203,CreateBooking,200,OK,Thread Group 1-938,text,true,,943,520,367,367,https://restful-booker.herokuapp.com/booking,203,0,0
1789684032600,194,CreateBooking,200,OK,Thread Group 1-982,text,true,,941,518,366,366,https://restful-booker.herokuapp.com/booking,194,0,0
1789684032607,200,CreateBooking,200,OK,Thread Group 1-987,text,true,,941,518,366,366,https://restful-booker.herokuapp.com/booking,200,0,0
1789684032614,203,CreateBooking,200,OK,Thread Group 1-950,text,true,,941,518,366,366,https://restful-booker.herokuapp.com/booking,203,0,0
1789684032630,210,Get Booking,200,OK,Thread Group 1-878,text,true,,916,253,366,366,https://restful-booker.herokuapp.com/booking/4205,210,0,0
1789684032630,213,UpdateBooking - PATCH,200,OK,Thread Group 1-477,text,true,,914,333,366,366,https://restful-booker.herokuapp.com/booking/3876,213,0,0
1789684031613,1230,Get Booking IDs,200,OK,Thread Group 1-531,text,true,,57077,248,366,366,https://restful-booker.herokuapp.com/booking,531,0,0
1789684031635,1225,Get Booking IDs,200,OK,Thread Group 1-530,text,true,,57115,248,366,366,https://restful-booker.herokuapp.com/booking,278,0,0
1789684031909,957,Get Booking IDs,200,OK,Thread Group 1-664,text,true,,57886,248,365,365,https://restful-booker.herokuapp.com/booking,281,0,0
1789684032129,737,DeleteBooking,200,OK,Thread Group 1-377,text,true,,914,253,365,365,https://restful-booker.herokuapp.com/booking/3821,737,0,0
1789684032678,201,Get Booking,200,OK,Thread Group 1-927,text,true,,915,253,364,364,https://restful-booker.herokuapp.com/booking/4207,201,0,0
1789684031432,1449,Get Booking IDs,200,OK,Thread Group 1-491,text,true,,56697,248,364,364,https://restful-booker.herokuapp.com/booking,1233,0,0
1789684032683,199,CreateBooking,200,OK,Thread Group 1-688,text,true,,944,521,364,364,https://restful-booker.herokuapp.com/booking,199,0,0
1789684032686,198,UpdateBooking - PATCH,200,OK,Thread Group 1-417,text,true,,914,333,364,364,https://restful-booker.herokuapp.com/booking/3865,198,0,0
1789684032690,198,Get Booking,200,OK,Thread Group 1-820,text,true,,914,253,364,364,https://restful-booker.herokuapp.com/booking/4176,198,0,0
1789684032694,195,Get Booking,200,OK,Thread Group 1-803,text,true,,915,253,364,364,https://restful-booker.herokuapp.com/booking/4197,195,0,0
1789684032696,194,Get Booking,200,OK,Thread Group 1-834,text,true,,912,253,364,364,https://restful-booker.herokuapp.com/booking/4174,194,0,0
1789684032694,197,Get Booking,200,OK,Thread Group 1-863,text,true,,915,253,364,364,https://restful-booker.herokuapp.com/booking/4191,197,0,0
1789684032697,195,CreateBooking,200,OK,Thread Group 1-754,text,true,,943,520,364,364,https://restful-booker.herokuapp.com/booking,194,0,0
1789684032613,286,CreateBooking,200,OK,Thread Group 1-986,text,true,,945,522,364,364,https://restful-booker.herokuapp.com/booking,286,0,0
1789684032706,199,Get Booking,200,OK,Thread Group 1-857,text,true,,915,253,364,364,https://restful-booker.herokuapp.com/booking/4196,199,0,0
1789684032628,278,Get Booking,200,OK,Thread Group 1-777,text,true,,916,253,364,364,https://restful-booker.herokuapp.com/booking/4137,278,0,0
1789684032709,198,Get Booking,200,OK,Thread Group 1-753,text,true,,914,253,364,364,https://restful-booker.herokuapp.com/booking/4107,198,0,0
1789684031448,1459,Get Booking IDs,200,OK,Thread Group 1-573,text,true,,56735,248,364,364,https://restful-booker.herokuapp.com/booking,292,0,0
1789684032711,200,Get Booking,200,OK,Thread Group 1-861,text,true,,915,253,363,363,https://restful-booker.herokuapp.com/booking/4161,200,0,0
1789684032020,892,Get Booking IDs,200,OK,Thread Group 1-667,text,true,,58304,248,363,363,https://restful-booker.herokuapp.com/booking,268,0,0
1789684032716,196,Get Booking,200,OK,Thread Group 1-768,text,true,,915,253,363,363,https://restful-booker.herokuapp.com/booking/4145,196,0,0
1789684032631,282,CreateBooking,200,OK,Thread Group 1-969,text,true,,945,522,362,362,https://restful-booker.herokuapp.com/booking,282,0,0
1789684032718,195,CreateBooking,200,OK,Thread Group 1-888,text,true,,943,520,362,362,https://restful-booker.herokuapp.com/booking,195,0,0
1789684032722,192,CreateBooking,200,OK,Thread Group 1-980,text,true,,945,522,362,362,https://restful-booker.herokuapp.com/booking,192,0,0
1789684032732,192,Get Booking,200,OK,Thread Group 1-881,text,true,,914,253,362,362,https://restful-booker.herokuapp.com/booking/4178,192,0,0
1789684032655,281,Get Booking,200,OK,Thread Group 1-898,text,true,,915,253,362,362,https://restful-booker.herokuapp.com/booking/4186,281,0,0
1789684032661,281,CreateBooking,200,OK,Thread Group 1-908,text,true,,944,521,362,362,https://restful-booker.herokuapp.com/booking,281,0,0
1789684031778,1175,Get Booking IDs,200,OK,Thread Group 1-556,text,true,,57506,248,362,362,https://restful-booker.herokuapp.com/booking,278,0,0
1789684032768,185,DeleteBooking,200,OK,Thread Group 1-404,text,true,,914,253,362,362,https://restful-booker.herokuapp.com/booking/3836,185,0,0
1789684030304,2649,Get Booking IDs,200,OK,Thread Group 1-351,text,false,"The operation lasted too long: It took 2,649 milliseconds, but should not have lasted longer than 2,000 milliseconds.",53649,248,362,362,https://restful-booker.herokuapp.com/booking,202,0,0
1789684032675,282,CreateBooking,200,OK,Thread Group 1-978,text,true,,943,520,360,360,https://restful-booker.herokuapp.com/booking,282,0,0
1789684032771,187,Get Booking,200,OK,Thread Group 1-926,text,true,,915,253,360,360,https://restful-booker.herokuapp.com/booking/4227,187,0,0
1789684032778,182,Get Booking,200,OK,Thread Group 1-828,text,true,,914,253,360,360,https://restful-booker.herokuapp.com/booking/4223,182,0,0
1789684032781,186,Get Booking,200,OK,Thread Group 1-958,text,true,,912,253,360,360,https://restful-booker.herokuapp.com/booking/4218,186,0,0
1789684032782,185,Get Booking,200,OK,Thread Group 1-873,text,true,,916,253,360,360,https://restful-booker.herokuapp.com/booking/4210,185,0,0
1789684032789,181,UpdateBooking - PUT,200,OK,Thread Group 1-484,text,true,,914,524,360,360,https://restful-booker.herokuapp.com/booking/3909,181,0,0
1789684032789,181,Get Booking,200,OK,Thread Group 1-860,text,true,,912,253,360,360,https://restful-booker.herokuapp.com/booking/4206,181,0,0
1789684032790,180,Get Booking,200,OK,Thread Group 1-931,text,true,,916,253,360,360,https://restful-booker.herokuapp.com/booking/4194,180,0,0
1789684032694,284,DeleteBooking,200,OK,Thread Group 1-357,text,true,,914,253,360,360,https://restful-booker.herokuapp.com/booking/3806,284,0,0
1789684032706,281,Get Booking,200,OK,Thread Group 1-877,text,true,,916,253,359,359,https://restful-booker.herokuapp.com/booking/4193,281,0,0
1789684032721,280,DeleteBooking,200,OK,Thread Group 1-331,text,true,,914,253,359,359,https://restful-booker.herokuapp.com/booking/3813,280,0,0
1789684032811,190,UpdateBooking - PUT,200,OK,Thread Group 1-504,text,true,,914,524,359,359,https://restful-booker.herokuapp.com/booking/3913,190,0,0
1789684032110,891,CreateBooking,200,OK,Thread Group 1-870,text,true,,943,520,359,359,https://restful-booker.herokuapp.com/booking,891,0,0
1789684032228,780,Get Booking,200,OK,Thread Group 1-837,text,true,,916,253,358,358,https://restful-booker.herokuapp.com/booking/4116,780,0,0
1789684032192,816,CreateBooking,200,OK,Thread Group 1-868,text,true,,944,521,358,358,https://restful-booker.herokuapp.com/booking,816,0,0
1789684032826,198,Get Booking,200,OK,Thread Group 1-686,text,true,,915,253,358,358,https://restful-booker.herokuapp.com/booking/4101,198,0,0
1789684032831,207,Get Booking,200,OK,Thread Group 1-893,text,true,,912,253,358,358,https://restful-booker.herokuapp.com/booking/4203,207,0,0
1789684032830,208,UpdateBooking - PATCH,200,OK,Thread Group 1-471,text,true,,914,333,358,358,https://restful-booker.herokuapp.com/booking/3901,208,0,0
1789684031198,1840,Login,200,OK,Thread Group 1-971,text,true,,770,325,358,358,https://restful-booker.herokuapp.com/auth,1840,0,861
1789684032766,274,Get Booking,200,OK,Thread Group 1-836,text,true,,914,253,358,358,https://restful-booker.herokuapp.com/booking/4177,274,0,0
1789684032769,272,CreateBooking,200,OK,Thread Group 1-984,text,true,,944,521,358,358,https://restful-booker.herokuapp.com/booking,272,0,0
1789684032150,902,CreateBooking,200,OK,Thread Group 1-813,text,true,,941,518,358,358,https://restful-booker.herokuapp.com/booking,902,0,0
1789684032776,281,Get Booking,200,OK,Thread Group 1-880,text,true,,916,253,358,358,https://restful-booker.herokuapp.com/booking/4192,281,0,0
1789684032844,217,CreateBooking,200,OK,Thread Group 1-841,text,true,,945,522,358,358,https://restful-booker.herokuapp.com/booking,217,0,0
1789684032316,750,Get Booking,200,OK,Thread Group 1-728,text,true,,914,253,358,358,https://restful-booker.herokuapp.com/booking/4117,750,0,0
1789684032810,261,Get Booking,200,OK,Thread Group 1-840,text,true,,915,253,358,358,https://restful-booker.herokuapp.com/booking/4183,261,0,0
1789684032817,255,CreateBooking,200,OK,Thread Group 1-901,text,true,,941,518,358,358,https://restful-booker.herokuapp.com/booking,255,0,0
1789684031051,2024,Login,200,OK,Thread Group 1-890,text,false,"The operation lasted too long: It took 2,024 milliseconds, but should not have lasted longer than 2,000 milliseconds.",771,327,358,358,https://restful-booker.herokuapp.com/auth,2024,0,1803
1789684031903,1173,Get Booking IDs,200,OK,Thread Group 1-641,text,true,,57867,248,358,358,https://restful-booker.herokuapp.com/booking,272,0,0
1789684032850,227,UpdateBooking - PATCH,200,OK,Thread Group 1-457,text,true,,914,333,357,357,https://restful-booker.herokuapp.com/booking/3880,227,0,0
1789684032856,223,CreateBooking,200,OK,Thread Group 1-884,text,true,,944,521,357,357,https://restful-booker.herokuapp.com/booking,223,0,0
1789684032865,215,UpdateBooking - PATCH,200,OK,Thread Group 1-431,text,true,,914,333,357,357,https://restful-booker.herokuapp.com/booking/3890,215,0,0
1789684032857,223,DeleteBooking,200,OK,Thread Group 1-424,text,true,,914,253,357,357,https://restful-booker.herokuapp.com/booking/3841,223,0,0
1789684032865,216,Get Booking,200,OK,Thread Group 1-827,text,true,,915,253,356,356,https://restful-booker.herokuapp.com/booking/4204,216,0,0
1789684032312,772,Get Booking,200,OK,Thread Group 1-748,text,true,,916,253,356,356,https://restful-booker.herokuapp.com/booking/4103,772,0,0
1789684031566,1524,Get Booking IDs,200,OK,Thread Group 1-468,text,true,,56925,248,356,356,https://restful-booker.herokuapp.com/booking,279,0,0
1789684032868,230,Get Booking,200,OK,Thread Group 1-936,text,true,,912,253,355,355,https://restful-booker.herokuapp.com/booking/4211,230,0,0
1789684031653,1446,Get Booking IDs,200,OK,Thread Group 1-526,text,true,,57191,248,355,355,https://restful-booker.herokuapp.com/booking,549,0,0
1789684032878,226,Get Booking,200,OK,Thread Group 1-982,text,true,,912,253,354,354,https://restful-booker.herokuapp.com/booking/4261,226,0,0
1789684031198,1908,Get Booking IDs,200,OK,Thread Group 1-411,text,true,,56108,248,354,354,https://restful-booker.herokuapp.com/booking,262,0,0
1789684032917,189,Get Booking,200,OK,Thread Group 1-851,text,true,,915,253,354,354,https://restful-booker.herokuapp.com/booking/4219,189,0,0
1789684032887,221,Get Booking,200,OK,Thread Group 1-988,text,true,,915,253,354,354,https://restful-booker.herokuapp.com/booking/4213,221,0,0
1789684032298,810,CreateBooking,200,OK,Thread Group 1-787,text,true,,945,522,354,354,https://restful-booker.herokuapp.com/booking,810,0,0
1789684032215,895,Get Booking IDs,200,OK,Thread Group 1-711,text,true,,58855,248,354,354,https://restful-booker.herokuapp.com/booking,258,0,0
1789684031047,2063,Login,200,OK,Thread Group 1-1000,text,false,"The operation lasted too long: It took 2,063 milliseconds, but should not have lasted longer than 2,000 milliseconds.",770,325,354,354,https://restful-booker.herokuapp.com/auth,2063,0,1875
1789684032892,219,Get Booking,200,OK,Thread Group 1-891,text,true,,915,253,354,354,https://restful-booker.herokuapp.com/booking/4220,219,0,0
1789684032935,186,UpdateBooking - PUT,200,OK,Thread Group 1-644,text,true,,914,524,354,354,https://restful-booker.herokuapp.com/booking/4013,186,0,0
1789684032923,217,Get Booking,200,OK,Thread Group 1-944,text,true,,914,253,354,354,https://restful-booker.herokuapp.com/booking/4248,217,0,0
1789684032290,857,Get Booking IDs,200,OK,Thread Group 1-627,text,true,,59121,248,354,354,https://restful-booker.herokuapp.com/booking,240,0,0
1789684032933,218,Get Booking,200,OK,Thread Group 1-950,text,true,,912,253,353,353,https://restful-booker.herokuapp.com/booking/4264,218,0,0
1789684031446,1710,Get Booking IDs,200,OK,Thread Group 1-528,text,true,,56735,248,353,353,https://restful-booker.herokuapp.com/booking,579,0,0
1789684032935,221,Get Booking,200,OK,Thread Group 1-920,text,true,,914,253,353,353,https://restful-booker.herokuapp.com/booking/4217,221,0,0
1789684032942,216,UpdateBooking - PATCH,200,OK,Thread Group 1-497,text,true,,914,333,352,352,https://restful-booker.herokuapp.com/booking/3912,216,0,0
1789684032988,174,Get Booking,200,OK,Thread Group 1-850,text,true,,914,253,352,352,https://restful-booker.herokuapp.com/booking/4239,174,0,0
1789684032945,221,UpdateBooking - PATCH,200,OK,Thread Group 1-371,text,true,,914,333,352,352,https://restful-booker.herokuapp.com/booking/3864,221,0,0
1789684032320,850,Get Booking IDs,200,OK,Thread Group 1-697,text,true,,59254,248,352,352,https://restful-booker.herokuapp.com/booking,238,0,0
1789684032041,1129,Get Booking IDs,200,OK,Thread Group 1-626,text,true,,58361,248,352,352,https://restful-booker.herokuapp.com/booking,279,0,0
1789684032375,796,CreateBooking,200,OK,Thread Group 1-916,text,true,,943,520,351,351,https://restful-booker.herokuapp.com/booking,796,0,0
1789684031048,2129,Login,200,OK,Thread Group 1-961,text,false,"The operation lasted too long: It took 2,129 milliseconds, but should not have lasted longer than 2,000 milliseconds.",770,325,351,351,https://restful-booker.herokuapp.com/auth,2129,0,1164
1789684031800,1378,Get Booking IDs,200,OK,Thread Group 1-564,text,true,,57601,248,351,351,https://restful-booker.herokuapp.com/booking,270,0,0
1789684032961,229,DeleteBooking,200,OK,Thread Group 1-417,text,true,,914,253,351,351,https://restful-booker.herokuapp.com/booking/3865,229,0,0
1789684032961,232,Get Booking,200,OK,Thread Group 1-938,text,true,,914,253,350,350,https://restful-booker.herokuapp.com/booking/4259,232,0,0
1789684032414,791,CreateBooking,200,OK,Thread Group 1-911,text,true,,944,521,350,350,https://restful-booker.herokuapp.com/booking,791,0,0
1789684032979,229,Get Booking,200,OK,Thread Group 1-993,text,true,,915,253,350,350,https://restful-booker.herokuapp.com/booking/4258,229,0,0
1789684032982,229,Get Booking,200,OK,Thread Group 1-960,text,true,,915,253,350,350,https://restful-booker.herokuapp.com/booking/4216,229,0,0
1789684031584,1630,Get Booking IDs,200,OK,Thread Group 1-583,text,true,,56963,248,350,350,https://restful-booker.herokuapp.com/booking,286,0,0
1789684032988,230,Get Booking,200,OK,Thread Group 1-951,text,true,,912,253,349,349,https://restful-booker.herokuapp.com/booking/4254,230,0,0
1789684033054,170,Get Booking,200,OK,Thread Group 1-999,text,true,,916,253,349,349,https://restful-booker.herokuapp.com/booking/4242,170,0,0
1789684032497,729,DeleteBooking,200,OK,Thread Group 1-297,text,true,,914,253,349,349,https://restful-booker.herokuapp.com/booking/3784,729,0,0
1789684032417,849,CreateBooking,200,OK,Thread Group 1-997,text,true,,944,521,348,348,https://restful-booker.herokuapp.com/booking,849,0,0
1789684032477,793,Get Booking,200,OK,Thread Group 1-918,text,true,,915,253,348,348,https://restful-booker.herokuapp.com/booking/4170,793,0,0
1789684032614,658,DeleteBooking,200,OK,Thread Group 1-364,text,true,,914,253,348,348,https://restful-booker.herokuapp.com/booking/3808,658,0,0
1789684033111,165,UpdateBooking - PUT,200,OK,Thread Group 1-537,text,true,,914,524,347,347,https://restful-booker.herokuapp.com/booking/3954,165,0,0
1789684033117,161,Get Booking,200,OK,Thread Group 1-939,text,true,,915,253,347,347,https://restful-booker.herokuapp.com/booking/4241,161,0,0
1789684032506,787,Get Booking,200,OK,Thread Group 1-811,text,true,,914,253,347,347,https://restful-booker.herokuapp.com/booking/4172,787,0,0
1789684032382,917,CreateBooking,200,OK,Thread Group 1-907,text,true,,945,522,347,347,https://restful-booker.herokuapp.com/booking,917,0,0
1789684032551,758,Get Booking,200,OK,Thread Group 1-794,text,true,,916,253,347,347,https://restful-booker.herokuapp.com/booking/4168,758,0,0
1789684032477,840,Get Booking,200,OK,Thread Group 1-816,text,true,,916,253,347,347,https://restful-booker.herokuapp.com/booking/4156,840,0,0
1789684032563,761,Get Booking,200,OK,Thread Group 1-831,text,true,,912,253,347,347,https://restful-booker.herokuapp.com/booking/4153,761,0,0
1789684033073,259,Get Booking,200,OK,Thread Group 1-973,text,true,,916,253,347,347,https://restful-booker.herokuapp.com/booking/4243,259,0,0
1789684033070,262,UpdateBooking - PUT,200,OK,Thread Group 1-511,text,true,,914,524,347,347,https://restful-booker.herokuapp.com/booking/3911,262,0,0
1789684032401,932,CreateBooking,200,OK,Thread Group 1-977,text,true,,944,521,347,347,https://restful-booker.herokuapp.com/booking,932,0,0
1789684033079,267,Get Booking,200,OK,Thread Group 1-688,text,true,,915,253,347,347,https://restful-booker.herokuapp.com/booking/4271,267,0,0
1789684033077,271,Get Booking,200,OK,Thread Group 1-904,text,true,,916,253,347,347,https://restful-booker.herokuapp.com/booking/4232,271,0,0
1789684031884,1465,Get Booking IDs,200,OK,Thread Group 1-611,text,true,,57829,248,347,347,https://restful-booker.herokuapp.com/booking,263,0,0
1789684032150,1209,Get Booking IDs,200,OK,Thread Group 1-646,text,true,,58608,248,347,347,https://restful-booker.herokuapp.com/booking,276,0,0
1789684033091,271,Get Booking,200,OK,Thread Group 1-917,text,true,,915,253,346,346,https://restful-booker.herokuapp.com/booking/4257,271,0,0
1789684033100,265,CreateBooking,200,OK,Thread Group 1-981,text,true,,945,522,346,346,https://restful-booker.herokuapp.com/booking,265,0,0
1789684031438,1931,Get Booking IDs,200,OK,Thread Group 1-448,text,true,,56735,248,346,346,https://restful-booker.herokuapp.com/booking,294,0,0
1789684032582,787,Get Booking,200,OK,Thread Group 1-776,text,true,,912,253,346,346,https://restful-booker.herokuapp.com/booking/4180,787,0,0
1789684033114,260,CreateBooking,200,OK,Thread Group 1-897,text,true,,943,520,345,345,https://restful-booker.herokuapp.com/booking,260,0,0
1789684032562,816,Get Booking,200,OK,Thread Group 1-914,text,true,,912,253,345,345,https://restful-booker.herokuapp.com/booking/4159,816,0,0
1789684033217,163,Get Booking,200,OK,Thread Group 1-970,text,true,,915,253,345,345,https://restful-booker.herokuapp.com/booking/4240,163,0,0
1789684033228,165,UpdateBooking - PUT,200,OK,Thread Group 1-351,text,true,,914,524,345,345,https://restful-booker.herokuapp.com/booking/3801,165,0,0
1789684032708,687,UpdateBooking - PUT,200,OK,Thread Group 1-517,text,true,,914,524,345,345,https://restful-booker.herokuapp.com/booking/3902,687,0,0
1789684031584,1823,Get Booking IDs,200,OK,Thread Group 1-551,text,true,,56963,248,345,345,https://restful-booker.herokuapp.com/booking,544,0,0
1789684033126,283,Get Booking,200,OK,Thread Group 1-963,text,true,,912,253,345,345,https://restful-booker.herokuapp.com/booking/4247,283,0,0
1789684031009,2412,Login,200,OK,Thread Group 1-910,text,false,"The operation lasted too long: It took 2,412 milliseconds, but should not have lasted longer than 2,000 milliseconds.",771,327,345,345,https://restful-booker.herokuapp.com/auth,2412,0,823
1789684033266,163,Get Booking,200,OK,Thread Group 1-911,text,true,,915,253,345,345,https://restful-booker.herokuapp.com/booking/4235,163,0,0
1789684033167,278,UpdateBooking - PUT,200,OK,Thread Group 1-664,text,true,,914,524,345,345,https://restful-booker.herokuapp.com/booking/3988,278,0,0
1789684032543,902,CreateBooking,200,OK,Thread Group 1-953,text,true,,943,520,345,345,https://restful-booker.herokuapp.com/booking,902,0,0
1789684033175,280,UpdateBooking - PATCH,200,OK,Thread Group 1-437,text,true,,914,333,345,345,https://restful-booker.herokuapp.com/booking/3889,280,0,0
1789684033304,172,Get Booking,200,OK,Thread Group 1-901,text,true,,912,253,345,345,https://restful-booker.herokuapp.com/booking/4280,172,0,0
1789684033204,274,UpdateBooking - PUT,200,OK,Thread Group 1-491,text,true,,914,524,345,345,https://restful-booker.herokuapp.com/booking/3903,274,0,0
1789684032810,676,DeleteBooking,200,OK,Thread Group 1-384,text,true,,914,253,345,345,https://restful-booker.herokuapp.com/booking/3818,676,0,0
1789684031881,1607,Get Booking IDs,200,OK,Thread Group 1-543,text,true,,57810,248,344,344,https://restful-booker.herokuapp.com/booking,258,0,0
1789684032382,1108,Get Booking IDs,200,OK,Thread Group 1-774,text,true,,59444,248,343,343,https://restful-booker.herokuapp.com/booking,233,0,0
1789684031573,1921,Get Booking IDs,200,OK,Thread Group 1-538,text,true,,56963,248,342,342,https://restful-booker.herokuapp.com/booking,290,0,0
1789684031364,2132,Get Booking IDs,200,OK,Thread Group 1-547,text,false,"The operation lasted too long: It took 2,132 milliseconds, but should not have lasted longer than 2,000 milliseconds.",56526,248,341,341,https://restful-booker.herokuapp.com/booking,300,0,0
1789684032638,862,CreateBooking,200,OK,Thread Group 1-801,text,true,,941,518,340,340,https://restful-booker.herokuapp.com/booking,862,0,0
1789684032692,809,Get Booking,200,OK,Thread Group 1-846,text,true,,914,253,340,340,https://restful-booker.herokuapp.com/booking/4184,808,0,0
1789684033231,270,Get Booking,200,OK,Thread Group 1-754,text,true,,914,253,340,340,https://restful-booker.herokuapp.com/booking/4273,270,0,0
1789684032537,969,CreateBooking,200,OK,Thread Group 1-946,text,true,,945,522,340,340,https://restful-booker.herokuapp.com/booking,969,0,0
1789684033358,162,CreateBooking,200,OK,Thread Group 1-1000,text,true,,944,521,340,340,https://restful-booker.herokuapp.com/booking,162,0,0
1789684033246,278,CreateBooking,200,OK,Thread Group 1-971,text,true,,944,521,340,340,https://restful-booker.herokuapp.com/booking,278,0,0
1789684032146,1390,Get Booking IDs,200,OK,Thread Group 1-680,text,true,,58570,248,340,340,https://restful-booker.herokuapp.com/booking,266,0,0
1789684031837,1699,Get Booking IDs,200,OK,Thread Group 1-607,text,true,,57639,248,340,340,https://restful-booker.herokuapp.com/booking,786,0,0
1789684032526,1010,CreateBooking,200,OK,Thread Group 1-941,text,true,,944,521,338,338,https://restful-booker.herokuapp.com/booking,1010,0,0
1789684033383,164,UpdateBooking - PATCH,200,OK,Thread Group 1-644,text,true,,914,333,338,338,https://restful-booker.herokuapp.com/booking/4013,164,0,0
1789684032804,753,Get Booking,200,OK,Thread Group 1-838,text,true,,916,253,338,338,https://restful-booker.herokuapp.com/booking/4200,753,0,0
1789684032774,786,Get Booking,200,OK,Thread Group 1-894,text,true,,914,253,338,338,https://restful-booker.herokuapp.com/booking/4162,786,0,0
1789684033284,280,Get Booking,200,OK,Thread Group 1-987,text,true,,912,253,338,338,https://restful-booker.herokuapp.com/booking/4262,280,0,0
1789684032832,734,Get Booking,200,OK,Thread Group 1-797,text,true,,914,253,338,338,https://restful-booker.herokuapp.com/booking/4135,734,0,0
1789684033411,160,DeleteBooking,200,OK,Thread Group 1-431,text,true,,914,253,338,338,https://restful-booker.herokuapp.com/booking/3890,160,0,0
1789684032778,798,Get Booking,200,OK,Thread Group 1-947,text,true,,912,253,337,337,https://restful-booker.herokuapp.com/booking/4214,798,0,0
1789684031336,2242,Get Booking IDs,200,OK,Thread Group 1-447,text,false,"The operation lasted too long: It took 2,242 milliseconds, but should not have lasted longer than 2,000 milliseconds.",56488,248,337,337,https://restful-booker.herokuapp.com/booking,281,0,0
1789684033297,283,Get Booking,200,OK,Thread Group 1-888,text,true,,914,253,336,336,https://restful-booker.herokuapp.com/booking/4276,283,0,0
1789684033314,273,Get Booking,200,OK,Thread Group 1-868,text,true,,915,253,336,336,https://restful-booker.herokuapp.com/booking/4195,273,0,0
1789684033313,274,UpdateBooking - PUT,200,OK,Thread Group 1-411,text,true,,914,524,336,336,https://restful-booker.herokuapp.com/booking/3897,274,0,0
1789684032805,784,Get Booking,200,OK,Thread Group 1-887,text,true,,912,253,336,336,https://restful-booker.herokuapp.com/booking/4182,784,0,0
1789684033312,281,UpdateBooking - PUT,200,OK,Thread Group 1-711,text,true,,914,524,336,336,https://restful-booker.herokuapp.com/booking/4068,281,0,0
1789684032357,1247,Get Booking,200,OK,Thread Group 1-821,text,true,,915,253,336,336,https://restful-booker.herokuapp.com/booking/4127,1247,0,0
1789684033336,282,DeleteBooking,200,OK,Thread Group 1-477,text,true,,914,253,336,336,https://restful-booker.herokuapp.com/booking/3876,282,0,0
1789684032822,799,Get Booking,200,OK,Thread Group 1-858,text,true,,912,253,335,335,https://restful-booker.herokuapp.com/booking/4198,799,0,0
1789684031819,1805,Get Booking IDs,200,OK,Thread Group 1-584,text,true,,57601,248,335,335,https://restful-booker.herokuapp.com/booking,250,0,0
1789684032658,975,Get Booking IDs,200,OK,Thread Group 1-693,text,true,,60128,248,335,335,https://restful-booker.herokuapp.com/booking,204,0,0
1789684032683,961,CreateBooking,200,OK,Thread Group 1-996,text,true,,944,521,334,334,https://restful-booker.herokuapp.com/booking,960,0,0
1789684032269,1378,CreateBooking,200,OK,Thread Group 1-900,text,true,,944,521,334,334,https://restful-booker.herokuapp.com/booking,1378,0,0
1789684032231,1433,CreateBooking,200,OK,Thread Group 1-814,text,true,,941,518,334,334,https://restful-booker.herokuapp.com/booking,1433,0,0
1789684032356,1308,Get Booking,200,OK,Thread Group 1-760,text,true,,912,253,334,334,https://restful-booker.herokuapp.com/booking/4130,1308,0,0
1789684032825,841,Get Booking,200,OK,Thread Group 1-913,text,true,,914,253,334,334,https://restful-booker.herokuapp.com/booking/4222,841,0,0
1789684031070,2595,Login,200,OK,Thread Group 1-943,text,false,"The operation lasted too long: It took 2,595 milliseconds, but should not have lasted longer than 2,000 milliseconds.",770,325,334,334,https://restful-booker.herokuapp.com/auth,2595,0,817
1789684033390,279,UpdateBooking - PATCH,200,OK,Thread Group 1-511,text,true,,914,333,334,334,https://restful-booker.herokuapp.com/booking/3911,279,0,0
1789684033393,278,UpdateBooking - PUT,200,OK,Thread Group 1-531,text,true,,914,524,334,334,https://restful-booker.herokuapp.com/booking/3950,278,0,0
1789684032714,959,CreateBooking,200,OK,Thread Group 1-934,text,true,,945,522,334,334,https://restful-booker.herokuapp.com/booking,959,0,0
1789684031160,2515,Login,200,OK,Thread Group 1-967,text,false,"The operation lasted too long: It took 2,515 milliseconds, but should not have lasted longer than 2,000 milliseconds.",771,327,334,334,https://restful-booker.herokuapp.com/auth,2515,0,815
1789684033518,185,UpdateBooking - PATCH,200,OK,Thread Group 1-351,text,true,,914,333,333,333,https://restful-booker.herokuapp.com/booking/3801,185,0,0
1789684033408,297,UpdateBooking - PATCH,200,OK,Thread Group 1-484,text,true,,914,333,333,333,https://restful-booker.herokuapp.com/booking/3909,297,0,0
1789684031468,2237,Get Booking IDs,200,OK,Thread Group 1-476,text,false,"The operation lasted too long: It took 2,237 milliseconds, but should not have lasted longer than 2,000 milliseconds.",56773,248,333,333,https://restful-booker.herokuapp.com/booking,559,0,0
1789684033532,176,UpdateBooking - PATCH,200,OK,Thread Group 1-537,text,true,,914,333,332,332,https://restful-booker.herokuapp.com/booking/3954,176,0,0
1789684032559,1149,DeleteBooking,200,OK,Thread Group 1-124,text,true,,914,253,332,332,https://restful-booker.herokuapp.com/booking/3649,1149,0,0
1789684032943,773,Get Booking,200,OK,Thread Group 1-954,text,true,,915,253,331,331,https://restful-booker.herokuapp.com/booking/4224,773,0,0
1789684033550,166,Get Booking,200,OK,Thread Group 1-916,text,true,,914,253,331,331,https://restful-booker.herokuapp.com/booking/4229,166,0,0
1789684032274,1442,CreateBooking,200,OK,Thread Group 1-876,text,true,,941,518,331,331,https://restful-booker.herokuapp.com/booking,1442,0,0
1789684033554,164,Get Booking,200,OK,Thread Group 1-997,text,true,,915,253,331,331,https://restful-booker.herokuapp.com/booking/4237,164,0,0
1789684032332,1387,CreateBooking,200,OK,Thread Group 1-844,text,true,,945,522,331,331,https://restful-booker.herokuapp.com/booking,1387,0,0
1789684031922,1798,Get Booking IDs,200,OK,Thread Group 1-588,text,true,,57924,248,331,331,https://restful-booker.herokuapp.com/booking,271,0,0
1789684033458,274,Get Booking,200,OK,Thread Group 1-841,text,true,,916,253,330,330,https://restful-booker.herokuapp.com/booking/4281,274,0,0
1789684033472,279,DeleteBooking,200,OK,Thread Group 1-471,text,true,,914,253,330,330,https://restful-booker.herokuapp.com/booking/3901,279,0,0
1789684032969,800,Get Booking,200,OK,Thread Group 1-957,text,true,,914,253,329,329,https://restful-booker.herokuapp.com/booking/4230,800,0,0
1789684031149,2625,Login,200,OK,Thread Group 1-968,text,false,"The operation lasted too long: It took 2,625 milliseconds, but should not have lasted longer than 2,000 milliseconds.",770,325,329,329,https://restful-booker.herokuapp.com/auth,2625,0,837
1789684032614,1164,Get Booking IDs,200,OK,Thread Group 1-684,text,true,,60052,248,329,329,https://restful-booker.herokuapp.com/booking,208,0,0
1789684033503,275,UpdateBooking - PUT,200,OK,Thread Group 1-697,text,true,,914,524,329,329,https://restful-booker.herokuapp.com/booking/4072,275,0,0
1789684032086,1694,Get Booking IDs,200,OK,Thread Group 1-571,text,true,,58380,248,329,329,https://restful-booker.herokuapp.com/booking,552,0,0
1789684032851,930,Get Booking,200,OK,Thread Group 1-921,text,true,,912,253,329,329,https://restful-booker.herokuapp.com/booking/4190,930,0,0
1789684033517,268,Get Booking,200,OK,Thread Group 1-907,text,true,,916,253,329,329,https://restful-booker.herokuapp.com/booking/4231,268,0,0
1789684033512,273,DeleteBooking,200,OK,Thread Group 1-371,text,true,,914,253,329,329,https://restful-booker.herokuapp.com/booking/3864,273,0,0
1789684033526,262,DeleteBooking,200,OK,Thread Group 1-497,text,true,,914,253,328,328,https://restful-booker.herokuapp.com/booking/3912,262,0,0
1789684033032,765,Get Booking,200,OK,Thread Group 1-864,text,true,,914,253,327,327,https://restful-booker.herokuapp.com/booking/4209,765,0,0
1789684032417,1382,CreateBooking,200,OK,Thread Group 1-883,text,true,,944,521,327,327,https://restful-booker.herokuapp.com/booking,1382,0,0
1789684032950,868,Get Booking,200,OK,Thread Group 1-998,text,true,,914,253,327,327,https://restful-booker.herokuapp.com/booking/4233,868,0,0
1789684031894,1926,Get Booking IDs,200,OK,Thread Group 1-623,text,true,,57867,248,327,327,https://restful-booker.herokuapp.com/booking,271,0,0
1789684032997,823,Get Booking,200,OK,Thread Group 1-928,text,true,,915,253,327,327,https://restful-booker.herokuapp.com/booking/4238,823,0,0
1789684031026,2802,Login,200,OK,Thread Group 1-879,text,false,"The operation lasted too long: It took 2,802 milliseconds, but should not have lasted longer than 2,000 milliseconds.",770,325,326,326,https://restful-booker.herokuapp.com/auth,2802,0,1831
1789684033668,163,Get Booking,200,OK,Thread Group 1-1000,text,true,,915,253,325,325,https://restful-booker.herokuapp.com/booking/4292,163,0,0
1789684031198,2633,Login,200,OK,Thread Group 1-979,text,false,"The operation lasted too long: It took 2,633 milliseconds, but should not have lasted longer than 2,000 milliseconds.",770,325,325,325,https://restful-booker.herokuapp.com/auth,2633,0,861
1789684032594,1245,UpdateBooking - PUT,200,OK,Thread Group 1-451,text,true,,914,524,324,324,https://restful-booker.herokuapp.com/booking/3891,1245,0,0
1789684032468,1372,Get Booking,200,OK,Thread Group 1-783,text,true,,915,253,324,324,https://restful-booker.herokuapp.com/booking/4163,1372,0,0
1789684033695,152,UpdateBooking - PATCH,200,OK,Thread Group 1-517,text,true,,914,333,324,324,https://restful-booker.herokuapp.com/booking/3902,152,0,0
1789684033765,168,CreateBooking,200,OK,Thread Group 1-910,text,true,,953,522,324,324,https://restful-booker.herokuapp.com/booking,168,0,0
1789684033154,785,Get Booking,200,OK,Thread Group 1-908,text,true,,915,253,324,324,https://restful-booker.herokuapp.com/booking/4267,785,0,0
1789684033812,164,UpdateBooking - PUT,200,OK,Thread Group 1-551,text,true,,922,524,324,324,https://restful-booker.herokuapp.com/booking/3965,164,0,0
1789684032535,1441,Get Booking,200,OK,Thread Group 1-781,text,true,,914,253,324,324,https://restful-booker.herokuapp.com/booking/4179,1441,0,0
1789684032023,1990,Get Booking IDs,200,OK,Thread Group 1-591,text,true,,58304,248,324,324,https://restful-booker.herokuapp.com/booking,505,0,0
1789684032375,1638,Get Booking IDs,200,OK,Thread Group 1-708,text,true,,59444,248,324,324,https://restful-booker.herokuapp.com/booking,618,0,0
1789684031767,2256,Get Booking IDs,200,OK,Thread Group 1-488,text,false,"The operation lasted too long: It took 2,256 milliseconds, but should not have lasted longer than 2,000 milliseconds.",57506,248,323,323,https://restful-booker.herokuapp.com/booking,253,0,0
1789684033094,945,UpdateBooking - PUT,200,OK,Thread Group 1-577,text,true,,914,524,322,322,https://restful-booker.herokuapp.com/booking/3929,945,0,0
1789684032098,1946,Get Booking IDs,200,OK,Thread Group 1-628,text,true,,58380,248,322,322,https://restful-booker.herokuapp.com/booking,283,0,0
1789684033760,284,UpdateBooking - PATCH,200,OK,Thread Group 1-711,text,true,,922,333,322,322,https://restful-booker.herokuapp.com/booking/4068,284,0,0
1789684032579,1481,Get Booking,200,OK,Thread Group 1-856,text,true,,915,253,321,321,https://restful-booker.herokuapp.com/booking/4160,1481,0,0
1789684033213,857,Get Booking,200,OK,Thread Group 1-986,text,true,,916,253,321,321,https://restful-booker.herokuapp.com/booking/4263,857,0,0
1789684033794,280,DeleteBooking,200,OK,Thread Group 1-437,text,true,,922,253,321,321,https://restful-booker.herokuapp.com/booking/3889,280,0,0
1789684033798,278,UpdateBooking - PATCH,200,OK,Thread Group 1-664,text,true,,922,333,320,320,https://restful-booker.herokuapp.com/booking/3988,278,0,0
1789684033289,787,Get Booking,200,OK,Thread Group 1-870,text,true,,914,253,320,320,https://restful-booker.herokuapp.com/booking/4175,787,0,0
1789684033927,162,Get Booking,200,OK,Thread Group 1-953,text,true,,922,253,320,320,https://restful-booker.herokuapp.com/booking/4253,162,0,0
1789684032828,1270,Get Booking IDs,200,OK,Thread Group 1-727,text,true,,60394,248,320,320,https://restful-booker.herokuapp.com/booking,450,0,0
1789684031955,2145,Get Booking IDs,200,OK,Thread Group 1-587,text,false,"The operation lasted too long: It took 2,145 milliseconds, but should not have lasted longer than 2,000 milliseconds.",58038,248,319,319,https://restful-booker.herokuapp.com/booking,263,0,0
1789684033188,917,Get Booking,200,OK,Thread Group 1-980,text,true,,916,253,318,318,https://restful-booker.herokuapp.com/booking/4277,917,0,0
1789684032739,1375,Get Booking,200,OK,Thread Group 1-806,text,true,,915,253,318,318,https://restful-booker.herokuapp.com/booking/4165,1375,0,0
1789684033853,261,UpdateBooking - PATCH,200,OK,Thread Group 1-411,text,true,,922,333,318,318,https://restful-booker.herokuapp.com/booking/3897,261,0,0
1789684033974,165,DeleteBooking,200,OK,Thread Group 1-644,text,true,,922,253,318,318,https://restful-booker.herokuapp.com/booking/4013,165,0,0
1789684033989,166,DeleteBooking,200,OK,Thread Group 1-351,text,true,,922,253,317,317,https://restful-booker.herokuapp.com/booking/3801,166,0,0
1789684033971,185,DeleteBooking,200,OK,Thread Group 1-484,text,true,,922,253,316,316,https://restful-booker.herokuapp.com/booking/3909,185,0,0
1789684032452,1707,Get Booking IDs,200,OK,Thread Group 1-707,text,true,,59672,248,315,315,https://restful-booker.herokuapp.com/booking,280,0,0
1789684033977,184,DeleteBooking,200,OK,Thread Group 1-511,text,true,,922,253,314,314,https://restful-booker.herokuapp.com/booking/3911,184,0,0
1789684033983,181,Get Booking,200,OK,Thread Group 1-941,text,true,,923,253,313,313,https://restful-booker.herokuapp.com/booking/4250,181,0,0
1789684031144,3021,Login,200,OK,Thread Group 1-965,text,false,"The operation lasted too long: It took 3,021 milliseconds, but should not have lasted longer than 2,000 milliseconds.",778,325,313,313,https://restful-booker.herokuapp.com/auth,3021,0,2856
1789684032362,1810,Get Booking IDs,200,OK,Thread Group 1-718,text,true,,59368,248,313,313,https://restful-booker.herokuapp.com/booking,227,0,0
1789684032130,2049,Get Booking IDs,200,OK,Thread Group 1-576,text,false,"The operation lasted too long: It took 2,049 milliseconds, but should not have lasted longer than 2,000 milliseconds.",58494,248,312,312,https://restful-booker.herokuapp.com/booking,280,0,0
1789684034032,160,Get Booking,200,OK,Thread Group 1-900,text,true,,923,253,311,311,https://restful-booker.herokuapp.com/booking/4208,160,0,0
1789684034023,170,UpdateBooking - PATCH,200,OK,Thread Group 1-531,text,true,,922,333,311,311,https://restful-booker.herokuapp.com/booking/3950,170,0,0
1789684034031,162,UpdateBooking - PATCH,200,OK,Thread Group 1-451,text,true,,922,333,311,311,https://restful-booker.herokuapp.com/booking/3891,162,0,0
1789684033314,884,Get Booking,200,OK,Thread Group 1-978,text,true,,914,253,311,311,https://restful-booker.herokuapp.com/booking/4268,884,0,0
1789684032604,1601,Get Booking IDs,200,OK,Thread Group 1-758,text,true,,60033,248,311,311,https://restful-booker.herokuapp.com/booking,193,0,0
1789684034032,181,UpdateBooking - PATCH,200,OK,Thread Group 1-697,text,true,,922,333,310,310,https://restful-booker.herokuapp.com/booking/4072,181,0,0
1789684034051,162,Get Booking,200,OK,Thread Group 1-883,text,true,,923,253,310,310,https://restful-booker.herokuapp.com/booking/4236,162,0,0
1789684033370,859,CreateBooking,200,OK,Thread Group 1-890,text,true,,941,518,310,310,https://restful-booker.herokuapp.com/booking,859,0,0
1789684034070,164,UpdateBooking - PUT,200,OK,Thread Group 1-684,text,true,,922,524,310,310,https://restful-booker.herokuapp.com/booking/4077,164,0,0
1789684034075,170,CreateBooking,200,OK,Thread Group 1-968,text,true,,949,518,310,310,https://restful-booker.herokuapp.com/booking,170,0,0
1789684034096,160,DeleteBooking,200,OK,Thread Group 1-537,text,true,,922,253,310,310,https://restful-booker.herokuapp.com/booking/3954,160,0,0
1789684032826,1433,Get Booking IDs,200,OK,Thread Group 1-823,text,true,,60394,248,309,309,https://restful-booker.herokuapp.com/booking,439,0,0
1789684033582,689,UpdateBooking - PUT,200,OK,Thread Group 1-611,text,true,,914,524,308,308,https://restful-booker.herokuapp.com/booking/3995,689,0,0
1789684031309,2962,Get Booking IDs,200,OK,Thread Group 1-501,text,false,"The operation lasted too long: It took 2,962 milliseconds, but should not have lasted longer than 2,000 milliseconds.",56431,248,308,308,https://restful-booker.herokuapp.com/booking,284,0,0
1789684034111,161,Get Booking,200,OK,Thread Group 1-996,text,true,,923,253,307,307,https://restful-booker.herokuapp.com/booking/4272,161,0,0
1789684032782,1497,Get Booking,200,OK,Thread Group 1-886,text,true,,916,253,307,307,https://restful-booker.herokuapp.com/booking/4181,1497,0,0
1789684031296,2998,Get Booking IDs,200,OK,Thread Group 1-523,text,false,"The operation lasted too long: It took 2,998 milliseconds, but should not have lasted longer than 2,000 milliseconds.",56393,248,307,307,https://restful-booker.herokuapp.com/booking,552,0,0
1789684032890,1420,Get Booking,200,OK,Thread Group 1-974,text,true,,912,253,306,306,https://restful-booker.herokuapp.com/booking/4225,1420,0,0
1789684032148,2166,Get Booking IDs,200,OK,Thread Group 1-610,text,false,"The operation lasted too long: It took 2,166 milliseconds, but should not have lasted longer than 2,000 milliseconds.",58589,248,306,306,https://restful-booker.herokuapp.com/booking,1675,0,0
1789684032398,1919,Get Booking IDs,200,OK,Thread Group 1-726,text,true,,59501,248,305,305,https://restful-booker.herokuapp.com/booking,232,0,0
1789684031969,2369,Get Booking IDs,200,OK,Thread Group 1-660,text,false,"The operation lasted too long: It took 2,369 milliseconds, but should not have lasted longer than 2,000 milliseconds.",58057,248,304,304,https://restful-booker.herokuapp.com/booking,257,0,0
1789684032762,1578,Get Booking IDs,200,OK,Thread Group 1-723,text,true,,60337,248,303,303,https://restful-booker.herokuapp.com/booking,183,0,0
1789684032552,1795,Get Booking,200,OK,Thread Group 1-724,text,true,,914,253,302,302,https://restful-booker.herokuapp.com/booking/4089,1795,0,0
1789684032667,1692,Get Booking IDs,200,OK,Thread Group 1-716,text,true,,60147,248,302,302,https://restful-booker.herokuapp.com/booking,201,0,0
1789684033598,772,Get Booking,200,OK,Thread Group 1-897,text,true,,914,253,301,301,https://restful-booker.herokuapp.com/booking/4287,772,0,0
1789684032378,2012,Get Booking IDs,200,OK,Thread Group 1-671,text,false,"The operation lasted too long: It took 2,012 milliseconds, but should not have lasted longer than 2,000 milliseconds.",59444,248,301,301,https://restful-booker.herokuapp.com/booking,903,0,0
1789684034228,164,UpdateBooking - PUT,200,OK,Thread Group 1-591,text,true,,922,524,301,301,https://restful-booker.herokuapp.com/booking/3982,164,0,0
1789684033000,1394,Get Booking,200,OK,Thread Group 1-990,text,true,,915,253,301,301,https://restful-booker.herokuapp.com/booking/4228,1394,0,0
1789684034244,163,DeleteBooking,200,OK,Thread Group 1-664,text,true,,922,253,301,301,https://restful-booker.herokuapp.com/booking/3988,163,0,0
1789684032068,2355,Get Booking IDs,200,OK,Thread Group 1-606,text,false,"The operation lasted too long: It took 2,355 milliseconds, but should not have lasted longer than 2,000 milliseconds.",58361,248,300,300,https://restful-booker.herokuapp.com/booking,267,0,0
1789684034274,163,Get Booking,200,OK,Thread Group 1-910,text,true,,924,253,299,299,https://restful-booker.herokuapp.com/booking/4298,163,0,0
1789684032195,2257,Get Booking IDs,200,OK,Thread Group 1-638,text,false,"The operation lasted too long: It took 2,257 milliseconds, but should not have lasted longer than 2,000 milliseconds.",58817,248,299,299,https://restful-booker.herokuapp.com/booking,561,0,0
1789684034303,165,UpdateBooking - PATCH,200,OK,Thread Group 1-551,text,true,,922,333,298,298,https://restful-booker.herokuapp.com/booking/3965,165,0,0
1789684031461,3009,Get Booking IDs,200,OK,Thread Group 1-574,text,false,"The operation lasted too long: It took 3,009 milliseconds, but should not have lasted longer than 2,000 milliseconds.",56773,248,298,298,https://restful-booker.herokuapp.com/booking,544,0,0
1789684032409,2067,Get Booking IDs,200,OK,Thread Group 1-643,text,false,"The operation lasted too long: It took 2,067 milliseconds, but should not have lasted longer than 2,000 milliseconds.",59520,248,297,297,https://restful-booker.herokuapp.com/booking,278,0,0
1789684032058,2422,Get Booking IDs,200,OK,Thread Group 1-567,text,false,"The operation lasted too long: It took 2,422 milliseconds, but should not have lasted longer than 2,000 milliseconds.",58361,248,296,296,https://restful-booker.herokuapp.com/booking,723,0,0
1789684034311,173,UpdateBooking - PATCH,200,OK,Thread Group 1-684,text,true,,922,333,295,295,https://restful-booker.herokuapp.com/booking/4077,173,0,0
1789684031535,2978,Get Booking IDs,200,OK,Thread Group 1-560,text,false,"The operation lasted too long: It took 2,978 milliseconds, but should not have lasted longer than 2,000 milliseconds.",56906,248,295,295,https://restful-booker.herokuapp.com/booking,297,0,0
1789684033092,1426,Get Booking,200,OK,Thread Group 1-966,text,true,,915,253,294,294,https://restful-booker.herokuapp.com/booking/4260,1426,0,0
1789684034358,162,DeleteBooking,200,OK,Thread Group 1-531,text,true,,922,253,294,294,https://restful-booker.herokuapp.com/booking/3950,162,0,0
1789684032317,2223,Get Booking IDs,200,OK,Thread Group 1-673,text,false,"The operation lasted too long: It took 2,223 milliseconds, but should not have lasted longer than 2,000 milliseconds.",59254,248,293,293,https://restful-booker.herokuapp.com/booking,430,0,0
1789684031990,2553,CreateBooking,200,OK,Thread Group 1-818,text,false,"The operation lasted too long: It took 2,553 milliseconds, but should not have lasted longer than 2,000 milliseconds.",943,520,292,292,https://restful-booker.herokuapp.com/booking,2553,0,0
1789684032801,1744,Get Booking IDs,200,OK,Thread Group 1-784,text,true,,60356,248,292,292,https://restful-booker.herokuapp.com/booking,683,0,0
1789684032681,1895,CreateBooking,200,OK,Thread Group 1-874,text,true,,944,521,292,292,https://restful-booker.herokuapp.com/booking,1895,0,0
1789684034419,167,UpdateBooking - PATCH,200,OK,Thread Group 1-611,text,true,,922,333,292,292,https://restful-booker.herokuapp.com/booking/3995,167,0,0
1789684033074,1516,Get Booking,200,OK,Thread Group 1-948,text,true,,912,253,292,292,https://restful-booker.herokuapp.com/booking/4246,1516,0,0
1789684034428,168,UpdateBooking - PATCH,200,OK,Thread Group 1-577,text,true,,922,333,292,292,https://restful-booker.herokuapp.com/booking/3929,168,0,0
1789684031448,3148,Get Booking IDs,200,OK,Thread Group 1-490,text,false,"The operation lasted too long: It took 3,148 milliseconds, but should not have lasted longer than 2,000 milliseconds.",56735,248,292,292,https://restful-booker.herokuapp.com/booking,289,0,0
1789684033770,851,Get Booking,200,OK,Thread Group 1-844,text,true,,924,253,291,291,https://restful-booker.herokuapp.com/booking/4221,851,0,0
1789684034471,165,Get Booking,200,OK,Thread Group 1-968,text,true,,920,253,291,291,https://restful-booker.herokuapp.com/booking/4303,165,0,0
1789684030309,4328,Login,200,OK,Thread Group 1-701,text,false,"The operation lasted too long: It took 4,328 milliseconds, but should not have lasted longer than 2,000 milliseconds.",770,325,291,291,https://restful-booker.herokuapp.com/auth,4328,0,2457
1789684033831,809,Get Booking,200,OK,Thread Group 1-801,text,true,,920,253,291,291,https://restful-booker.herokuapp.com/booking/4266,809,0,0
1789684033419,1229,UpdateBooking - PUT,200,OK,Thread Group 1-564,text,true,,914,524,291,291,https://restful-booker.herokuapp.com/booking/3981,1229,0,0
1789684033328,1323,UpdateBooking - PATCH,200,OK,Thread Group 1-504,text,true,,914,333,291,291,https://restful-booker.herokuapp.com/booking/3913,1323,0,0
1789684031474,3181,Get Booking IDs,200,OK,Thread Group 1-444,text,false,"The operation lasted too long: It took 3,181 milliseconds, but should not have lasted longer than 2,000 milliseconds.",56773,248,291,291,https://restful-booker.herokuapp.com/booking,803,0,0
1789684033154,1503,Get Booking,200,OK,Thread Group 1-969,text,true,,916,253,291,291,https://restful-booker.herokuapp.com/booking/4265,1503,0,0
1789684033208,1452,Get Booking,200,OK,Thread Group 1-937,text,true,,915,253,291,291,https://restful-booker.herokuapp.com/booking/4255,1452,0,0
1789684031234,3438,Login,200,OK,Thread Group 1-903,text,false,"The operation lasted too long: It took 3,438 milliseconds, but should not have lasted longer than 2,000 milliseconds.",778,325,291,291,https://restful-booker.herokuapp.com/auth,3438,0,2518
1789684031943,2746,Get Booking IDs,200,OK,Thread Group 1-563,text,false,"The operation lasted too long: It took 2,746 milliseconds, but should not have lasted longer than 2,000 milliseconds.",58019,248,291,291,https://restful-booker.herokuapp.com/booking,529,0,0
1789684034046,657,UpdateBooking - PUT,200,OK,Thread Group 1-571,text,true,,922,524,290,290,https://restful-booker.herokuapp.com/booking/4003,657,0,0
1789684031994,2710,Get Booking IDs,200,OK,Thread Group 1-578,text,false,"The operation lasted too long: It took 2,710 milliseconds, but should not have lasted longer than 2,000 milliseconds.",58114,248,290,290,https://restful-booker.herokuapp.com/booking,279,0,0
1789684033010,1695,Get Booking IDs,200,OK,Thread Group 1-757,text,true,,60432,248,289,289,https://restful-booker.herokuapp.com/booking,521,0,0
1789684034556,168,CreateBooking,200,OK,Thread Group 1-965,text,true,,952,521,289,289,https://restful-booker.herokuapp.com/booking,168,0,0
1789684032908,1827,Get Booking IDs,200,OK,Thread Group 1-804,text,true,,60451,248,289,289,https://restful-booker.herokuapp.com/booking,221,0,0
1789684033032,1703,Get Booking IDs,200,OK,Thread Group 1-741,text,true,,60432,248,289,289,https://restful-booker.herokuapp.com/booking,1059,0,0
1789684032375,2362,Get Booking IDs,200,OK,Thread Group 1-657,text,false,"The operation lasted too long: It took 2,362 milliseconds, but should not have lasted longer than 2,000 milliseconds.",59444,248,288,288,https://restful-booker.herokuapp.com/booking,442,0,0
1789684031981,2762,Get Booking IDs,200,OK,Thread Group 1-414,text,false,"The operation lasted too long: It took 2,762 milliseconds, but should not have lasted longer than 2,000 milliseconds.",58076,248,288,288,https://restful-booker.herokuapp.com/booking,506,0,0
1789684033888,860,Get Booking,200,OK,Thread Group 1-934,text,true,,924,253,287,287,https://restful-booker.herokuapp.com/booking/4275,860,0,0
1789684033906,855,Get Booking,200,OK,Thread Group 1-814,text,true,,920,253,287,287,https://restful-booker.herokuapp.com/booking/4202,855,0,0
1789684033529,1260,DeleteBooking,200,OK,Thread Group 1-457,text,true,,914,253,287,287,https://restful-booker.herokuapp.com/booking/3880,1260,0,0
1789684033829,966,Get Booking,200,OK,Thread Group 1-946,text,true,,924,253,286,286,https://restful-booker.herokuapp.com/booking/4252,966,0,0
1789684032670,2131,Get Booking IDs,200,OK,Thread Group 1-788,text,false,"The operation lasted too long: It took 2,131 milliseconds, but should not have lasted longer than 2,000 milliseconds.",60147,248,286,286,https://restful-booker.herokuapp.com/booking,975,0,0
1789684033620,1184,Get Booking IDs,200,OK,Thread Group 1-999,text,true,,60641,248,285,285,https://restful-booker.herokuapp.com/booking,514,0,0
1789684031823,2984,Get Booking IDs,200,OK,Thread Group 1-513,text,false,"The operation lasted too long: It took 2,984 milliseconds, but should not have lasted longer than 2,000 milliseconds.",57639,248,284,284,https://restful-booker.herokuapp.com/booking,520,0,0
1789684033921,896,Get Booking,200,OK,Thread Group 1-971,text,true,,923,253,283,283,https://restful-booker.herokuapp.com/booking/4290,896,0,0
1789684032423,2404,Get Booking IDs,200,OK,Thread Group 1-618,text,false,"The operation lasted too long: It took 2,404 milliseconds, but should not have lasted longer than 2,000 milliseconds.",59577,248,283,283,https://restful-booker.herokuapp.com/booking,424,0,0
1789684032157,2671,Get Booking IDs,200,OK,Thread Group 1-566,text,false,"The operation lasted too long: It took 2,671 milliseconds, but should not have lasted longer than 2,000 milliseconds.",58665,248,282,282,https://restful-booker.herokuapp.com/booking,2183,0,0
1789684033984,846,Get Booking,200,OK,Thread Group 1-876,text,true,,920,253,281,281,https://restful-booker.herokuapp.com/booking/4212,846,0,0
1789684034668,163,DeleteBooking,200,OK,Thread Group 1-551,text,true,,922,253,281,281,https://restful-booker.herokuapp.com/booking/3965,163,0,0
1789684032261,2578,Get Booking IDs,200,OK,Thread Group 1-658,text,false,"The operation lasted too long: It took 2,578 milliseconds, but should not have lasted longer than 2,000 milliseconds.",59007,248,280,280,https://restful-booker.herokuapp.com/booking,633,0,0
1789684031033,3809,Login,200,OK,Thread Group 1-930,text,false,"The operation lasted too long: It took 3,809 milliseconds, but should not have lasted longer than 2,000 milliseconds.",771,327,279,279,https://restful-booker.herokuapp.com/auth,3809,0,835
1789684032414,2439,Get Booking,200,OK,Thread Group 1-807,text,false,"The operation lasted too long: It took 2,439 milliseconds, but should not have lasted longer than 2,000 milliseconds.",912,253,279,279,https://restful-booker.herokuapp.com/booking/4120,2439,0,0
1789684033497,1369,Get Booking IDs,200,OK,Thread Group 1-951,text,true,,60584,248,279,279,https://restful-booker.herokuapp.com/booking,554,0,0
1789684034714,159,DeleteBooking,200,OK,Thread Group 1-684,text,true,,922,253,279,279,https://restful-booker.herokuapp.com/booking/4077,159,0,0
1789684034185,720,DeleteBooking,200,OK,Thread Group 1-411,text,true,,922,253,278,278,https://restful-booker.herokuapp.com/booking/3897,720,0,0
1789684034752,163,UpdateBooking - PUT,200,OK,Thread Group 1-671,text,true,,922,524,277,277,https://restful-booker.herokuapp.com/booking/4071,163,0,0
1789684034763,161,UpdateBooking - PATCH,200,OK,Thread Group 1-591,text,true,,922,333,277,277,https://restful-booker.herokuapp.com/booking/3982,161,0,0
1789684033564,1371,Get Booking,200,OK,Thread Group 1-884,text,true,,915,253,277,277,https://restful-booker.herokuapp.com/booking/4282,1371,0,0
1789684034786,157,Get Booking,200,OK,Thread Group 1-874,text,true,,923,253,277,277,https://restful-booker.herokuapp.com/booking/4270,157,0,0
1789684034792,166,DeleteBooking,200,OK,Thread Group 1-611,text,true,,922,253,277,277,https://restful-booker.herokuapp.com/booking/3995,166,0,0
1789684033010,1949,Get Booking IDs,200,OK,Thread Group 1-770,text,true,,60432,248,276,276,https://restful-booker.herokuapp.com/booking,230,0,0
1789684032264,2696,Get Booking IDs,200,OK,Thread Group 1-636,text,false,"The operation lasted too long: It took 2,696 milliseconds, but should not have lasted longer than 2,000 milliseconds.",59007,248,275,275,https://restful-booker.herokuapp.com/booking,242,0,0
1789684034804,162,UpdateBooking - PUT,200,OK,Thread Group 1-784,text,true,,922,524,274,274,https://restful-booker.herokuapp.com/booking/4092,162,0,0
1789684033777,1204,UpdateBooking - PATCH,200,OK,Thread Group 1-491,text,true,,922,333,274,274,https://restful-booker.herokuapp.com/booking/3903,1204,0,0
1789684032945,2053,Get Booking IDs,200,OK,Thread Group 1-796,text,false,"The operation lasted too long: It took 2,053 milliseconds, but should not have lasted longer than 2,000 milliseconds.",60432,248,274,274,https://restful-booker.herokuapp.com/booking,222,0,0
1789684033066,1936,Get Booking IDs,200,OK,Thread Group 1-824,text,true,,60451,248,273,273,https://restful-booker.herokuapp.com/booking,1294,0,0
1789684032398,2619,Get Booking,200,OK,Thread Group 1-830,text,false,"The operation lasted too long: It took 2,619 milliseconds, but should not have lasted longer than 2,000 milliseconds.",915,253,273,273,https://restful-booker.herokuapp.com/booking/4151,2619,0,0
1789684032070,2954,Get Booking IDs,200,OK,Thread Group 1-656,text,false,"The operation lasted too long: It took 2,954 milliseconds, but should not have lasted longer than 2,000 milliseconds.",58361,248,273,273,https://restful-booker.herokuapp.com/booking,280,0,0
1789684033582,1453,Get Booking,200,OK,Thread Group 1-981,text,true,,916,253,272,272,https://restful-booker.herokuapp.com/booking/4286,1453,0,0
1789684032802,2235,Get Booking IDs,200,OK,Thread Group 1-743,text,false,"The operation lasted too long: It took 2,235 milliseconds, but should not have lasted longer than 2,000 milliseconds.",60356,248,272,272,https://restful-booker.herokuapp.com/booking,185,0,0
1789684033098,1947,Get Booking,200,OK,Thread Group 1-866,text,true,,915,253,271,271,https://restful-booker.herokuapp.com/booking/4150,1947,0,0
1789684034856,192,Get Booking,200,OK,Thread Group 1-818,text,true,,922,253,271,271,https://restful-booker.herokuapp.com/booking/4158,192,0,0
1789684034872,182,Get Booking,200,OK,Thread Group 1-965,text,true,,923,253,271,271,https://restful-booker.herokuapp.com/booking/4307,182,0,0
1789684032502,2565,Get Booking IDs,200,OK,Thread Group 1-648,text,false,"The operation lasted too long: It took 2,565 milliseconds, but should not have lasted longer than 2,000 milliseconds.",59767,248,271,271,https://restful-booker.herokuapp.com/booking,1212,0,0
1789684032907,2166,Get Booking IDs,200,OK,Thread Group 1-780,text,false,"The operation lasted too long: It took 2,166 milliseconds, but should not have lasted longer than 2,000 milliseconds.",60451,248,270,270,https://restful-booker.herokuapp.com/booking,216,0,0
1789684034435,643,DeleteBooking,200,OK,Thread Group 1-711,text,true,,922,253,269,269,https://restful-booker.herokuapp.com/booking/4068,643,0,0
1789684033370,1735,Get Booking IDs,200,OK,Thread Group 1-873,text,true,,60584,248,268,268,https://restful-booker.herokuapp.com/booking,921,0,0
1789684034496,624,DeleteBooking,200,OK,Thread Group 1-697,text,true,,922,253,267,267,https://restful-booker.herokuapp.com/booking/4072,624,0,0
1789684034957,163,UpdateBooking - PUT,200,OK,Thread Group 1-757,text,true,,922,524,267,267,https://restful-booker.herokuapp.com/booking/4110,163,0,0
1789684034466,658,DeleteBooking,200,OK,Thread Group 1-451,text,true,,922,253,266,266,https://restful-booker.herokuapp.com/booking/3891,658,0,0
1789684032541,2600,Get Booking IDs,200,OK,Thread Group 1-678,text,false,"The operation lasted too long: It took 2,600 milliseconds, but should not have lasted longer than 2,000 milliseconds.",59862,248,265,265,https://restful-booker.herokuapp.com/booking,202,0,0
1789684034982,163,UpdateBooking - PUT,200,OK,Thread Group 1-951,text,true,,922,524,264,264,https://restful-booker.herokuapp.com/booking/4254,163,0,0
1789684031536,3617,Get Booking IDs,200,OK,Thread Group 1-557,text,false,"The operation lasted too long: It took 3,617 milliseconds, but should not have lasted longer than 2,000 milliseconds.",56906,248,264,264,https://restful-booker.herokuapp.com/booking,846,0,0
1789684035022,151,CreateBooking,200,OK,Thread Group 1-701,text,true,,951,520,264,264,https://restful-booker.herokuapp.com/booking,151,0,0
1789684032110,3098,Get Booking IDs,200,OK,Thread Group 1-676,text,false,"The operation lasted too long: It took 3,098 milliseconds, but should not have lasted longer than 2,000 milliseconds.",58437,248,264,264,https://restful-booker.herokuapp.com/booking,717,0,0
1789684033075,2148,Get Booking IDs,200,OK,Thread Group 1-896,text,false,"The operation lasted too long: It took 2,148 milliseconds, but should not have lasted longer than 2,000 milliseconds.",60451,248,263,263,https://restful-booker.herokuapp.com/booking,548,0,0
1789684033050,2180,Get Booking IDs,200,OK,Thread Group 1-747,text,false,"The operation lasted too long: It took 2,180 milliseconds, but should not have lasted longer than 2,000 milliseconds.",60451,248,262,262,https://restful-booker.herokuapp.com/booking,535,0,0
1789684035074,157,DeleteBooking,200,OK,Thread Group 1-504,text,true,,922,253,262,262,https://restful-booker.herokuapp.com/booking/3913,157,0,0
1789684033294,1956,Get Booking IDs,200,OK,Thread Group 1-836,text,true,,60527,248,260,260,https://restful-booker.herokuapp.com/booking,339,0,0
1789684033191,2062,Get Booking IDs,200,OK,Thread Group 1-898,text,false,"The operation lasted too long: It took 2,062 milliseconds, but should not have lasted longer than 2,000 milliseconds.",60489,248,259,259,https://restful-booker.herokuapp.com/booking,163,0,0
1789684033254,2022,Get Booking,200,OK,Thread Group 1-787,text,false,"The operation lasted too long: It took 2,022 milliseconds, but should not have lasted longer than 2,000 milliseconds.",916,253,258,258,https://restful-booker.herokuapp.com/booking/4215,2022,0,0
1789684033419,1858,Get Booking IDs,200,OK,Thread Group 1-891,text,true,,60584,248,258,258,https://restful-booker.herokuapp.com/booking,292,0,0
1789684033154,2132,Get Booking IDs,200,OK,Thread Group 1-867,text,false,"The operation lasted too long: It took 2,132 milliseconds, but should not have lasted longer than 2,000 milliseconds.",60489,248,258,258,https://restful-booker.herokuapp.com/booking,281,0,0
1789684035154,142,CreateBooking,200,OK,Thread Group 1-930,text,true,,952,521,257,257,https://restful-booker.herokuapp.com/booking,142,0,0
1789684032173,3129,Get Booking IDs,200,OK,Thread Group 1-677,text,false,"The operation lasted too long: It took 3,129 milliseconds, but should not have lasted longer than 2,000 milliseconds.",58703,248,257,257,https://restful-booker.herokuapp.com/booking,281,0,0
1789684035154,163,DeleteBooking,200,OK,Thread Group 1-591,text,true,,922,253,257,257,https://restful-booker.herokuapp.com/booking/3982,163,0,0
1789684032751,2571,Get Booking,200,OK,Thread Group 1-906,text,false,"The operation lasted too long: It took 2,571 milliseconds, but should not have lasted longer than 2,000 milliseconds.",915,253,256,256,https://restful-booker.herokuapp.com/booking/4166,2571,0,0
1789684034112,1210,DeleteBooking,200,OK,Thread Group 1-517,text,true,,922,253,256,256,https://restful-booker.herokuapp.com/booking/3902,1210,0,0
1789684031729,3603,Get Booking IDs,200,OK,Thread Group 1-634,text,false,"The operation lasted too long: It took 3,603 milliseconds, but should not have lasted longer than 2,000 milliseconds.",57430,248,255,255,https://restful-booker.herokuapp.com/booking,507,0,0
1789684032713,2620,Get Booking,200,OK,Thread Group 1-853,text,false,"The operation lasted too long: It took 2,620 milliseconds, but should not have lasted longer than 2,000 milliseconds.",916,253,254,254,https://restful-booker.herokuapp.com/booking/4201,2620,0,0
1789684032909,2432,Get Booking IDs,200,OK,Thread Group 1-791,text,false,"The operation lasted too long: It took 2,432 milliseconds, but should not have lasted longer than 2,000 milliseconds.",60451,248,254,254,https://restful-booker.herokuapp.com/booking,223,0,0
1789684033284,2079,Get Booking IDs,200,OK,Thread Group 1-881,text,false,"The operation lasted too long: It took 2,079 milliseconds, but should not have lasted longer than 2,000 milliseconds.",60527,248,254,254,https://restful-booker.herokuapp.com/booking,527,0,0
1789684034531,849,Get Booking,200,OK,Thread Group 1-890,text,true,,920,253,253,253,https://restful-booker.herokuapp.com/booking/4293,849,0,0
1789684035241,141,UpdateBooking - PATCH,200,OK,Thread Group 1-671,text,true,,922,333,253,253,https://restful-booker.herokuapp.com/booking/4071,141,0,0
1789684032122,3262,Get Booking IDs,200,OK,Thread Group 1-624,text,false,"The operation lasted too long: It took 3,262 milliseconds, but should not have lasted longer than 2,000 milliseconds.",58494,248,253,253,https://restful-booker.herokuapp.com/booking,545,0,0
1789684032709,2679,Get Booking IDs,200,OK,Thread Group 1-720,text,false,"The operation lasted too long: It took 2,679 milliseconds, but should not have lasted longer than 2,000 milliseconds.",60261,248,253,253,https://restful-booker.herokuapp.com/booking,823,0,0
1789684033071,2318,Get Booking IDs,200,OK,Thread Group 1-843,text,false,"The operation lasted too long: It took 2,318 milliseconds, but should not have lasted longer than 2,000 milliseconds.",60451,248,253,253,https://restful-booker.herokuapp.com/booking,541,0,0
1789684035248,141,UpdateBooking - PATCH,200,OK,Thread Group 1-571,text,true,,922,333,253,253,https://restful-booker.herokuapp.com/booking/4003,141,0,0
1789684032692,2708,Get Booking IDs,200,OK,Thread Group 1-778,text,false,"The operation lasted too long: It took 2,708 milliseconds, but should not have lasted longer than 2,000 milliseconds.",60242,248,251,251,https://restful-booker.herokuapp.com/booking,799,0,0
1789684033034,2374,Get Booking IDs,200,OK,Thread Group 1-923,text,false,"The operation lasted too long: It took 2,374 milliseconds, but should not have lasted longer than 2,000 milliseconds.",60432,248,250,250,https://restful-booker.herokuapp.com/booking,1399,0,0
1789684032712,2741,Get Booking IDs,200,OK,Thread Group 1-773,text,false,"The operation lasted too long: It took 2,741 milliseconds, but should not have lasted longer than 2,000 milliseconds.",60280,248,249,249,https://restful-booker.herokuapp.com/booking,666,0,0
1789684031016,4448,Get Booking IDs,200,OK,Thread Group 1-433,text,false,"The operation lasted too long: It took 4,448 milliseconds, but should not have lasted longer than 2,000 milliseconds.",55595,248,248,248,https://restful-booker.herokuapp.com/booking,240,0,0
1789684033046,2430,Get Booking IDs,200,OK,Thread Group 1-871,text,false,"The operation lasted too long: It took 2,430 milliseconds, but should not have lasted longer than 2,000 milliseconds.",60451,248,247,247,https://restful-booker.herokuapp.com/booking,779,0,0
1789684035325,152,UpdateBooking - PATCH,200,OK,Thread Group 1-784,text,true,,922,333,247,247,https://restful-booker.herokuapp.com/booking/4092,152,0,0
1789684035362,145,UpdateBooking - PUT,200,OK,Thread Group 1-824,text,true,,922,524,247,247,https://restful-booker.herokuapp.com/booking/4148,145,0,0
1789684031293,4216,Get Booking IDs,200,OK,Thread Group 1-570,text,false,"The operation lasted too long: It took 4,216 milliseconds, but should not have lasted longer than 2,000 milliseconds.",56393,248,247,247,https://restful-booker.herokuapp.com/booking,1144,0,0
1789684032769,2746,Get Booking IDs,200,OK,Thread Group 1-800,text,false,"The operation lasted too long: It took 2,746 milliseconds, but should not have lasted longer than 2,000 milliseconds.",60337,248,246,246,https://restful-booker.herokuapp.com/booking,614,0,0
1789684032885,2630,Get Booking IDs,200,OK,Thread Group 1-847,text,false,"The operation lasted too long: It took 2,630 milliseconds, but should not have lasted longer than 2,000 milliseconds.",60432,248,246,246,https://restful-booker.herokuapp.com/booking,370,0,0
1789684032977,2538,Get Booking IDs,200,OK,Thread Group 1-771,text,false,"The operation lasted too long: It took 2,538 milliseconds, but should not have lasted longer than 2,000 milliseconds.",60432,248,246,246,https://restful-booker.herokuapp.com/booking,223,0,0
1789684032106,3411,Get Booking IDs,200,OK,Thread Group 1-617,text,false,"The operation lasted too long: It took 3,411 milliseconds, but should not have lasted longer than 2,000 milliseconds.",58399,248,244,244,https://restful-booker.herokuapp.com/booking,903,0,0
1789684035391,153,DeleteBooking,200,OK,Thread Group 1-491,text,true,,922,253,244,244,https://restful-booker.herokuapp.com/booking/3903,153,0,0
1789684033753,1793,Get Booking IDs,200,OK,Thread Group 1-901,text,true,,60630,248,243,243,https://restful-booker.herokuapp.com/booking,160,0,0
1789684032818,2734,Get Booking IDs,200,OK,Thread Group 1-721,text,false,"The operation lasted too long: It took 2,734 milliseconds, but should not have lasted longer than 2,000 milliseconds.",60394,248,242,242,https://restful-booker.herokuapp.com/booking,259,0,0
1789684035420,149,Get Booking,200,OK,Thread Group 1-701,text,true,,922,253,241,241,https://restful-booker.herokuapp.com/booking/4313,149,0,0
1789684033119,2462,Get Booking IDs,200,OK,Thread Group 1-861,text,false,"The operation lasted too long: It took 2,462 milliseconds, but should not have lasted longer than 2,000 milliseconds.",60489,248,241,241,https://restful-booker.herokuapp.com/booking,1023,0,0
1789684035444,159,UpdateBooking - PATCH,200,OK,Thread Group 1-757,text,true,,922,333,240,240,https://restful-booker.herokuapp.com/booking/4110,159,0,0
1789684033589,2014,Get Booking,200,OK,Thread Group 1-813,text,false,"The operation lasted too long: It took 2,014 milliseconds, but should not have lasted longer than 2,000 milliseconds.",912,253,240,240,https://restful-booker.herokuapp.com/booking/4185,2014,0,0
1789684035465,160,UpdateBooking - PUT,200,OK,Thread Group 1-557,text,true,,922,524,240,240,https://restful-booker.herokuapp.com/booking/3949,160,0,0
1789684035510,139,DeleteBooking,200,OK,Thread Group 1-671,text,true,,922,253,240,240,https://restful-booker.herokuapp.com/booking/4071,139,0,0
1789684031825,3835,Get Booking IDs,200,OK,Thread Group 1-604,text,false,"The operation lasted too long: It took 3,835 milliseconds, but should not have lasted longer than 2,000 milliseconds.",57639,248,239,239,https://restful-booker.herokuapp.com/booking,773,0,0
1789684033066,2605,Get Booking IDs,200,OK,Thread Group 1-931,text,false,"The operation lasted too long: It took 2,605 milliseconds, but should not have lasted longer than 2,000 milliseconds.",60451,248,239,239,https://restful-booker.herokuapp.com/booking,1304,0,0
1789684032960,2720,Get Booking IDs,200,OK,Thread Group 1-826,text,false,"The operation lasted too long: It took 2,720 milliseconds, but should not have lasted longer than 2,000 milliseconds.",60432,248,239,239,https://restful-booker.herokuapp.com/booking,505,0,0
1789684033794,1898,Get Booking IDs,200,OK,Thread Group 1-963,text,true,,60668,248,238,238,https://restful-booker.herokuapp.com/booking,284,0,0
1789684033426,2272,Get Booking IDs,200,OK,Thread Group 1-950,text,false,"The operation lasted too long: It took 2,272 milliseconds, but should not have lasted longer than 2,000 milliseconds.",60584,248,237,237,https://restful-booker.herokuapp.com/booking,1500,0,0
1789684032033,3665,Get Booking IDs,200,OK,Thread Group 1-594,text,false,"The operation lasted too long: It took 3,665 milliseconds, but should not have lasted longer than 2,000 milliseconds.",58342,248,237,237,https://restful-booker.herokuapp.com/booking,273,0,0
1789684032536,3162,CreateBooking,200,OK,Thread Group 1-976,text,false,"The operation lasted too long: It took 3,162 milliseconds, but should not have lasted longer than 2,000 milliseconds.",941,518,237,237,https://restful-booker.herokuapp.com/booking,3162,0,0
1789684033259,2439,Get Booking IDs,200,OK,Thread Group 1-927,text,false,"The operation lasted too long: It took 2,439 milliseconds, but should not have lasted longer than 2,000 milliseconds.",60527,248,237,237,https://restful-booker.herokuapp.com/booking,1136,0,0
1789684032718,2982,Get Booking IDs,200,OK,Thread Group 1-736,text,false,"The operation lasted too long: It took 2,982 milliseconds, but should not have lasted longer than 2,000 milliseconds.",60299,248,234,234,https://restful-booker.herokuapp.com/booking,496,0,0
1789684035564,139,UpdateBooking - PUT,200,OK,Thread Group 1-677,text,true,,922,524,233,233,https://restful-booker.herokuapp.com/booking/4024,139,0,0
1789684035560,152,UpdateBooking - PATCH,200,OK,Thread Group 1-951,text,true,,922,333,233,233,https://restful-booker.herokuapp.com/booking/4254,152,0,0
1789684033292,2435,Get Booking IDs,200,OK,Thread Group 1-926,text,false,"The operation lasted too long: It took 2,435 milliseconds, but should not have lasted longer than 2,000 milliseconds.",60527,248,233,233,https://restful-booker.herokuapp.com/booking,805,0,0
1789684035604,135,Get Booking,200,OK,Thread Group 1-930,text,true,,923,253,232,232,https://restful-booker.herokuapp.com/booking/4314,135,0,0
1789684033029,2722,Get Booking IDs,200,OK,Thread Group 1-837,text,false,"The operation lasted too long: It took 2,722 milliseconds, but should not have lasted longer than 2,000 milliseconds.",60432,248,232,232,https://restful-booker.herokuapp.com/booking,523,0,0
1789684035645,136,UpdateBooking - PUT,200,OK,Thread Group 1-624,text,true,,922,524,232,232,https://restful-booker.herokuapp.com/booking/4020,136,0,0
1789684032260,3530,Get Booking IDs,200,OK,Thread Group 1-631,text,false,"The operation lasted too long: It took 3,530 milliseconds, but should not have lasted longer than 2,000 milliseconds.",59007,248,232,232,https://restful-booker.herokuapp.com/booking,631,0,0
1789684033333,2457,Get Booking IDs,200,OK,Thread Group 1-988,text,false,"The operation lasted too long: It took 2,457 milliseconds, but should not have lasted longer than 2,000 milliseconds.",60527,248,232,232,https://restful-booker.herokuapp.com/booking,1339,0,0
1789684032946,2847,Get Booking IDs,200,OK,Thread Group 1-761,text,false,"The operation lasted too long: It took 2,847 milliseconds, but should not have lasted longer than 2,000 milliseconds.",60432,248,231,231,https://restful-booker.herokuapp.com/booking,1399,0,0
1789684035639,156,UpdateBooking - PATCH,200,OK,Thread Group 1-824,text,true,,922,333,230,230,https://restful-booker.herokuapp.com/booking/4148,156,0,0
1789684035002,810,DeleteBooking,200,OK,Thread Group 1-577,text,true,,922,253,230,230,https://restful-booker.herokuapp.com/booking/3929,810,0,0
1789684035654,162,UpdateBooking - PUT,200,OK,Thread Group 1-791,text,true,,922,524,229,229,https://restful-booker.herokuapp.com/booking/4141,162,0,0
1789684033269,2550,Get Booking IDs,200,OK,Thread Group 1-878,text,false,"The operation lasted too long: It took 2,550 milliseconds, but should not have lasted longer than 2,000 milliseconds.",60527,248,229,229,https://restful-booker.herokuapp.com/booking,1602,0,0
1789684034019,1801,Get Booking IDs,200,OK,Thread Group 1-954,text,true,,60725,248,228,228,https://restful-booker.herokuapp.com/booking,163,0,0
1789684033276,2559,Get Booking IDs,200,OK,Thread Group 1-840,text,false,"The operation lasted too long: It took 2,559 milliseconds, but should not have lasted longer than 2,000 milliseconds.",60527,248,227,227,https://restful-booker.herokuapp.com/booking,803,0,0
1789684032992,2845,Get Booking IDs,200,OK,Thread Group 1-653,text,false,"The operation lasted too long: It took 2,845 milliseconds, but should not have lasted longer than 2,000 milliseconds.",60432,248,226,226,https://restful-booker.herokuapp.com/booking,1047,0,0
1789684035676,163,UpdateBooking - PUT,200,OK,Thread Group 1-771,text,true,,922,524,225,225,https://restful-booker.herokuapp.com/booking/4152,163,0,0
1789684035673,171,UpdateBooking - PUT,200,OK,Thread Group 1-891,text,true,,922,524,225,225,https://restful-booker.herokuapp.com/booking/4220,171,0,0
1789684032523,3322,CreateBooking,200,OK,Thread Group 1-956,text,false,"The operation lasted too long: It took 3,322 milliseconds, but should not have lasted longer than 2,000 milliseconds.",944,521,225,225,https://restful-booker.herokuapp.com/booking,3322,0,0
1789684033633,2223,Get Booking,200,OK,Thread Group 1-977,text,false,"The operation lasted too long: It took 2,223 milliseconds, but should not have lasted longer than 2,000 milliseconds.",915,253,225,225,https://restful-booker.herokuapp.com/booking/4234,2223,0,0
1789684032764,3093,Get Booking IDs,200,OK,Thread Group 1-756,text,false,"The operation lasted too long: It took 3,093 milliseconds, but should not have lasted longer than 2,000 milliseconds.",60337,248,225,225,https://restful-booker.herokuapp.com/booking,407,0,0
1789684033328,2534,Get Booking IDs,200,OK,Thread Group 1-944,text,false,"The operation lasted too long: It took 2,534 milliseconds, but should not have lasted longer than 2,000 milliseconds.",60527,248,224,224,https://restful-booker.herokuapp.com/booking,1049,0,0
1789684033221,2648,Get Booking IDs,200,OK,Thread Group 1-833,text,false,"The operation lasted too long: It took 2,648 milliseconds, but should not have lasted longer than 2,000 milliseconds.",60489,248,224,224,https://restful-booker.herokuapp.com/booking,326,0,0
1789684035722,153,DeleteBooking,200,OK,Thread Group 1-571,text,true,,922,253,223,223,https://restful-booker.herokuapp.com/booking/4003,153,0,0
1789684033916,1960,UpdateBooking - PUT,200,OK,Thread Group 1-584,text,true,,922,524,223,223,https://restful-booker.herokuapp.com/booking/3998,1960,0,0
1789684033657,2222,Get Booking IDs,200,OK,Thread Group 1-973,text,false,"The operation lasted too long: It took 2,222 milliseconds, but should not have lasted longer than 2,000 milliseconds.",60641,248,222,222,https://restful-booker.herokuapp.com/booking,976,0,0
1789684035744,157,DeleteBooking,200,OK,Thread Group 1-784,text,true,,918,253,221,221,https://restful-booker.herokuapp.com/booking/4092,157,0,0
1789684031544,4359,Get Booking IDs,200,OK,Thread Group 1-516,text,false,"The operation lasted too long: It took 4,359 milliseconds, but should not have lasted longer than 2,000 milliseconds.",56906,248,220,220,https://restful-booker.herokuapp.com/booking,296,0,0
1789684032579,3327,Get Booking IDs,200,OK,Thread Group 1-661,text,false,"The operation lasted too long: It took 3,327 milliseconds, but should not have lasted longer than 2,000 milliseconds.",59957,248,219,219,https://restful-booker.herokuapp.com/booking,605,0,0
1789684032787,3120,Get Booking IDs,200,OK,Thread Group 1-766,text,false,"The operation lasted too long: It took 3,120 milliseconds, but should not have lasted longer than 2,000 milliseconds.",60356,248,218,218,https://restful-booker.herokuapp.com/booking,2326,0,0
1789684034979,943,UpdateBooking - PUT,200,OK,Thread Group 1-804,text,true,,922,524,217,217,https://restful-booker.herokuapp.com/booking/4134,943,0,0
1789684033464,2466,Get Booking IDs,200,OK,Thread Group 1-993,text,false,"The operation lasted too long: It took 2,466 milliseconds, but should not have lasted longer than 2,000 milliseconds.",60584,248,217,217,https://restful-booker.herokuapp.com/booking,725,0,0
1789684035000,935,CreateBooking,200,OK,Thread Group 1-903,text,true,,953,522,216,216,https://restful-booker.herokuapp.com/booking,935,0,0
1789684033419,2519,Get Booking IDs,200,OK,Thread Group 1-920,text,false,"The operation lasted too long: It took 2,519 milliseconds, but should not have lasted longer than 2,000 milliseconds.",60584,248,216,216,https://restful-booker.herokuapp.com/booking,1089,0,0
1789684035800,145,DeleteBooking,200,OK,Thread Group 1-757,text,true,,918,253,215,215,https://restful-booker.herokuapp.com/booking/4110,145,0,0
1789684033206,2746,Get Booking IDs,200,OK,Thread Group 1-686,text,false,"The operation lasted too long: It took 2,746 milliseconds, but should not have lasted longer than 2,000 milliseconds.",60489,248,214,214,https://restful-booker.herokuapp.com/booking,275,0,0
1789684033736,2231,Get Booking IDs,200,OK,Thread Group 1-914,text,false,"The operation lasted too long: It took 2,231 milliseconds, but should not have lasted longer than 2,000 milliseconds.",60630,248,213,213,https://restful-booker.herokuapp.com/booking,332,0,0
1789684035074,899,UpdateBooking - PUT,200,OK,Thread Group 1-444,text,true,,922,524,212,212,https://restful-booker.herokuapp.com/booking/3907,899,0,0
1789684035832,142,UpdateBooking - PUT,200,OK,Thread Group 1-617,text,true,,918,524,212,212,https://restful-booker.herokuapp.com/booking/3993,142,0,0
1789684033132,2847,Get Booking IDs,200,OK,Thread Group 1-767,text,false,"The operation lasted too long: It took 2,847 milliseconds, but should not have lasted longer than 2,000 milliseconds.",60470,248,212,212,https://restful-booker.herokuapp.com/booking,167,0,0
1789684035841,140,UpdateBooking - PATCH,200,OK,Thread Group 1-557,text,true,,918,333,211,211,https://restful-booker.herokuapp.com/booking/3949,140,0,0
1789684033119,2867,Get Booking IDs,200,OK,Thread Group 1-857,text,false,"The operation lasted too long: It took 2,867 milliseconds, but should not have lasted longer than 2,000 milliseconds.",60489,248,211,211,https://restful-booker.herokuapp.com/booking,829,0,0
1789684032785,3214,Get Booking IDs,200,OK,Thread Group 1-786,text,false,"The operation lasted too long: It took 3,214 milliseconds, but should not have lasted longer than 2,000 milliseconds.",60356,248,211,211,https://restful-booker.herokuapp.com/booking,780,0,0
1789684034299,1713,Get Booking IDs,200,OK,Thread Group 1-921,text,true,,60744,248,210,210,https://restful-booker.herokuapp.com/booking,168,0,0
1789684031776,4237,Get Booking IDs,200,OK,Thread Group 1-544,text,false,"The operation lasted too long: It took 4,237 milliseconds, but should not have lasted longer than 2,000 milliseconds.",57506,248,209,209,https://restful-booker.herokuapp.com/booking,505,0,0
1789684035877,143,UpdateBooking - PUT,200,OK,Thread Group 1-631,text,true,,918,524,209,209,https://restful-booker.herokuapp.com/booking/4008,143,0,0
1789684032733,3287,Get Booking IDs,200,OK,Thread Group 1-764,text,false,"The operation lasted too long: It took 3,287 milliseconds, but should not have lasted longer than 2,000 milliseconds.",60337,248,209,209,https://restful-booker.herokuapp.com/booking,1119,0,0
1789684035174,855,UpdateBooking - PUT,200,OK,Thread Group 1-657,text,true,,922,524,209,209,https://restful-booker.herokuapp.com/booking/4027,854,0,0
1789684035897,142,UpdateBooking - PUT,200,OK,Thread Group 1-871,text,true,,918,524,209,209,https://restful-booker.herokuapp.com/booking/4147,142,0,0
1789684033657,2384,CreateBooking,200,OK,Thread Group 1-961,text,false,"The operation lasted too long: It took 2,384 milliseconds, but should not have lasted longer than 2,000 milliseconds.",943,520,209,209,https://restful-booker.herokuapp.com/booking,2384,0,0
1789684032490,3558,Get Booking IDs,200,OK,Thread Group 1-737,text,false,"The operation lasted too long: It took 3,558 milliseconds, but should not have lasted longer than 2,000 milliseconds.",59748,248,209,209,https://restful-booker.herokuapp.com/booking,399,0,0
1789684033937,2114,Get Booking IDs,200,OK,Thread Group 1-754,text,false,"The operation lasted too long: It took 2,114 milliseconds, but should not have lasted longer than 2,000 milliseconds.",60687,248,209,209,https://restful-booker.herokuapp.com/booking,704,0,0
1789684035912,141,UpdateBooking - PUT,200,OK,Thread Group 1-604,text,true,,918,524,208,208,https://restful-booker.herokuapp.com/booking/3987,141,0,0
1789684035894,164,UpdateBooking - PATCH,200,OK,Thread Group 1-677,text,true,,918,333,208,208,https://restful-booker.herokuapp.com/booking/4024,164,0,0
1789684032203,3865,Get Booking IDs,200,OK,Thread Group 1-613,text,false,"The operation lasted too long: It took 3,865 milliseconds, but should not have lasted longer than 2,000 milliseconds.",58836,248,208,208,https://restful-booker.herokuapp.com/booking,284,0,0
1789684035936,133,UpdateBooking - PUT,200,OK,Thread Group 1-837,text,true,,918,524,207,207,https://restful-booker.herokuapp.com/booking/4116,133,0,0
1789684032628,3460,Get Booking IDs,200,OK,Thread Group 1-704,text,false,"The operation lasted too long: It took 3,460 milliseconds, but should not have lasted longer than 2,000 milliseconds.",60090,248,207,207,https://restful-booker.herokuapp.com/booking,964,0,0
1789684033284,2833,Get Booking,200,OK,Thread Group 1-984,text,false,"The operation lasted too long: It took 2,833 milliseconds, but should not have lasted longer than 2,000 milliseconds.",915,253,207,207,https://restful-booker.herokuapp.com/booking/4278,2833,0,0
1789684035973,147,Get Booking,200,OK,Thread Group 1-903,text,true,,920,253,207,207,https://restful-booker.herokuapp.com/booking/4312,147,0,0
1789684033379,2741,Get Booking IDs,200,OK,Thread Group 1-860,text,false,"The operation lasted too long: It took 2,741 milliseconds, but should not have lasted longer than 2,000 milliseconds.",60584,248,207,207,https://restful-booker.herokuapp.com/booking,1638,0,0
1789684033415,2728,Get Booking IDs,200,OK,Thread Group 1-938,text,false,"The operation lasted too long: It took 2,728 milliseconds, but should not have lasted longer than 2,000 milliseconds.",60584,248,206,206,https://restful-booker.herokuapp.com/booking,1671,0,0
1789684031678,4471,Get Booking IDs,200,OK,Thread Group 1-503,text,false,"The operation lasted too long: It took 4,471 milliseconds, but should not have lasted longer than 2,000 milliseconds.",57248,248,205,205,https://restful-booker.herokuapp.com/booking,520,0,0
1789684032011,4155,Get Booking IDs,200,OK,Thread Group 1-498,text,false,"The operation lasted too long: It took 4,155 milliseconds, but should not have lasted longer than 2,000 milliseconds.",58190,248,204,204,https://restful-booker.herokuapp.com/booking,274,0,0
1789684033831,2345,CreateBooking,200,OK,Thread Group 1-943,text,false,"The operation lasted too long: It took 2,345 milliseconds, but should not have lasted longer than 2,000 milliseconds.",952,521,203,203,https://restful-booker.herokuapp.com/booking,2345,0,0
1789684031986,4194,Get Booking IDs,200,OK,Thread Group 1-568,text,false,"The operation lasted too long: It took 4,194 milliseconds, but should not have lasted longer than 2,000 milliseconds.",58076,248,203,203,https://restful-booker.herokuapp.com/booking,540,0,0
1789684036047,136,UpdateBooking - PUT,200,OK,Thread Group 1-931,text,true,,918,524,202,202,https://restful-booker.herokuapp.com/booking/4194,136,0,0
1789684033620,2567,Get Booking IDs,200,OK,Thread Group 1-982,text,false,"The operation lasted too long: It took 2,567 milliseconds, but should not have lasted longer than 2,000 milliseconds.",60641,248,202,202,https://restful-booker.herokuapp.com/booking,1659,0,0
1789684035023,1165,UpdateBooking - PATCH,200,OK,Thread Group 1-564,text,true,,922,333,201,201,https://restful-booker.herokuapp.com/booking/3981,1165,0,0
1789684036055,135,UpdateBooking - PATCH,200,OK,Thread Group 1-771,text,true,,918,333,201,201,https://restful-booker.herokuapp.com/booking/4152,135,0,0
1789684032942,3254,Get Booking IDs,200,OK,Thread Group 1-740,text,false,"The operation lasted too long: It took 3,254 milliseconds, but should not have lasted longer than 2,000 milliseconds.",60432,248,201,201,https://restful-booker.herokuapp.com/booking,677,0,0
1789684032856,3342,Get Booking IDs,200,OK,Thread Group 1-738,text,false,"The operation lasted too long: It took 3,342 milliseconds, but should not have lasted longer than 2,000 milliseconds.",60432,248,200,200,https://restful-booker.herokuapp.com/booking,490,0,0
1789684036046,155,Get Booking,200,OK,Thread Group 1-976,text,true,,916,253,199,199,https://restful-booker.herokuapp.com/booking/4251,155,0,0
1789684032103,4108,Get Booking IDs,200,OK,Thread Group 1-666,text,false,"The operation lasted too long: It took 4,108 milliseconds, but should not have lasted longer than 2,000 milliseconds.",58380,248,199,199,https://restful-booker.herokuapp.com/booking,281,0,0
1789684036059,163,UpdateBooking - PATCH,200,OK,Thread Group 1-624,text,true,,918,333,198,198,https://restful-booker.herokuapp.com/booking/4020,163,0,0
1789684036082,143,DeleteBooking,200,OK,Thread Group 1-951,text,true,,918,253,198,198,https://restful-booker.herokuapp.com/booking/4254,143,0,0
1789684033337,2898,Get Booking IDs,200,OK,Thread Group 1-728,text,false,"The operation lasted too long: It took 2,898 milliseconds, but should not have lasted longer than 2,000 milliseconds.",60527,248,197,197,https://restful-booker.herokuapp.com/booking,284,0,0
1789684036119,136,UpdateBooking - PATCH,200,OK,Thread Group 1-791,text,true,,918,333,196,196,https://restful-booker.herokuapp.com/booking/4141,136,0,0
1789684032486,3769,Get Booking IDs,200,OK,Thread Group 1-668,text,false,"The operation lasted too long: It took 3,769 milliseconds, but should not have lasted longer than 2,000 milliseconds.",59748,248,196,196,https://restful-booker.herokuapp.com/booking,543,0,0
1789684034404,1859,Get Booking IDs,200,OK,Thread Group 1-941,text,true,,60763,248,195,195,https://restful-booker.herokuapp.com/booking,162,0,0
1789684034929,1336,Get Booking IDs,200,OK,Thread Group 1-966,text,true,,60839,248,194,194,https://restful-booker.herokuapp.com/booking,783,0,0
1789684033165,3100,Get Booking IDs,200,OK,Thread Group 1-820,text,false,"The operation lasted too long: It took 3,100 milliseconds, but should not have lasted longer than 2,000 milliseconds.",60489,248,194,194,https://restful-booker.herokuapp.com/booking,277,0,0
1789684036107,161,Get Booking,200,OK,Thread Group 1-956,text,true,,919,253,192,192,https://restful-booker.herokuapp.com/booking/4249,161,0,0
1789684032286,3982,Get Booking IDs,200,OK,Thread Group 1-706,text,false,"The operation lasted too long: It took 3,982 milliseconds, but should not have lasted longer than 2,000 milliseconds.",59102,248,192,192,https://restful-booker.herokuapp.com/booking,437,0,0
1789684036136,135,UpdateBooking - PATCH,200,OK,Thread Group 1-891,text,true,,918,333,191,191,https://restful-booker.herokuapp.com/booking/4220,135,0,0
1789684032676,3614,Get Booking IDs,200,OK,Thread Group 1-654,text,false,"The operation lasted too long: It took 3,614 milliseconds, but should not have lasted longer than 2,000 milliseconds.",60185,248,191,191,https://restful-booker.herokuapp.com/booking,426,0,0
1789684033096,3197,Get Booking IDs,200,OK,Thread Group 1-777,text,false,"The operation lasted too long: It took 3,197 milliseconds, but should not have lasted longer than 2,000 milliseconds.",60451,248,190,190,https://restful-booker.herokuapp.com/booking,815,0,0
1789684036156,137,UpdateBooking - PATCH,200,OK,Thread Group 1-804,text,true,,918,333,190,190,https://restful-booker.herokuapp.com/booking/4134,137,0,0
1789684031748,4547,Get Booking IDs,200,OK,Thread Group 1-633,text,false,"The operation lasted too long: It took 4,547 milliseconds, but should not have lasted longer than 2,000 milliseconds.",57487,248,190,190,https://restful-booker.herokuapp.com/booking,1565,0,0
1789684033126,3169,Get Booking IDs,200,OK,Thread Group 1-768,text,false,"The operation lasted too long: It took 3,169 milliseconds, but should not have lasted longer than 2,000 milliseconds.",60489,248,190,190,https://restful-booker.herokuapp.com/booking,269,0,0
1789684036136,162,UpdateBooking - PUT,200,OK,Thread Group 1-704,text,true,,918,524,188,188,https://restful-booker.herokuapp.com/booking/4093,162,0,0
1789684035175,1133,Get Booking IDs,200,OK,Thread Group 1-866,text,true,,60915,248,188,188,https://restful-booker.herokuapp.com/booking,474,0,0
1789684036189,132,UpdateBooking - PUT,200,OK,Thread Group 1-944,text,true,,918,524,187,187,https://restful-booker.herokuapp.com/booking/4248,132,0,0
1789684036193,136,DeleteBooking,200,OK,Thread Group 1-564,text,true,,918,253,187,187,https://restful-booker.herokuapp.com/booking/3981,136,0,0
1789684036191,159,UpdateBooking - PUT,200,OK,Thread Group 1-544,text,true,,918,524,186,186,https://restful-booker.herokuapp.com/booking/3967,159,0,0
1789684033383,2967,Get Booking IDs,200,OK,Thread Group 1-936,text,false,"The operation lasted too long: It took 2,967 milliseconds, but should not have lasted longer than 2,000 milliseconds.",60584,248,186,186,https://restful-booker.herokuapp.com/booking,555,0,0
1789684032175,4178,Get Booking IDs,200,OK,Thread Group 1-670,text,false,"The operation lasted too long: It took 4,178 milliseconds, but should not have lasted longer than 2,000 milliseconds.",58722,248,185,185,https://restful-booker.herokuapp.com/booking,559,0,0
1789684035133,1226,Get Booking IDs,200,OK,Thread Group 1-934,text,true,,60896,248,184,184,https://restful-booker.herokuapp.com/booking,472,0,0
1789684034370,1997,Get Booking IDs,200,OK,Thread Group 1-883,text,true,,60763,248,183,183,https://restful-booker.herokuapp.com/booking,319,0,0
1789684032956,3416,Get Booking IDs,200,OK,Thread Group 1-793,text,false,"The operation lasted too long: It took 3,416 milliseconds, but should not have lasted longer than 2,000 milliseconds.",60432,248,182,182,https://restful-booker.herokuapp.com/booking,902,0,0
1789684033563,2816,Get Booking IDs,200,OK,Thread Group 1-748,text,false,"The operation lasted too long: It took 2,816 milliseconds, but should not have lasted longer than 2,000 milliseconds.",60603,248,181,181,https://restful-booker.herokuapp.com/booking,254,0,0
1789684036249,133,DeleteBooking,200,OK,Thread Group 1-824,text,true,,918,253,180,180,https://restful-booker.herokuapp.com/booking/4148,133,0,0
1789684036254,133,UpdateBooking - PATCH,200,OK,Thread Group 1-837,text,true,,918,333,179,179,https://restful-booker.herokuapp.com/booking/4116,133,0,0
1789684036251,136,UpdateBooking - PUT,200,OK,Thread Group 1-857,text,true,,918,524,179,179,https://restful-booker.herokuapp.com/booking/4196,136,0,0
1789684032699,3697,Get Booking IDs,200,OK,Thread Group 1-700,text,false,"The operation lasted too long: It took 3,697 milliseconds, but should not have lasted longer than 2,000 milliseconds.",60261,248,179,179,https://restful-booker.herokuapp.com/booking,422,0,0
1789684034456,1952,Get Booking IDs,200,OK,Thread Group 1-980,text,true,,60782,248,178,178,https://restful-booker.herokuapp.com/booking,162,0,0
1789684036280,137,UpdateBooking - PATCH,200,OK,Thread Group 1-657,text,true,,918,333,177,177,https://restful-booker.herokuapp.com/booking/4027,137,0,0
1789684034209,2216,Get Booking IDs,200,OK,Thread Group 1-997,text,false,"The operation lasted too long: It took 2,216 milliseconds, but should not have lasted longer than 2,000 milliseconds.",60763,248,177,177,https://restful-booker.herokuapp.com/booking,161,0,0
1789684033756,2677,Get Booking IDs,200,OK,Thread Group 1-917,text,false,"The operation lasted too long: It took 2,677 milliseconds, but should not have lasted longer than 2,000 milliseconds.",60630,248,176,176,https://restful-booker.herokuapp.com/booking,463,0,0
1789684034965,1469,Get Booking IDs,200,OK,Thread Group 1-937,text,true,,60858,248,176,176,https://restful-booker.herokuapp.com/booking,308,0,0
1789684036305,137,UpdateBooking - PATCH,200,OK,Thread Group 1-871,text,true,,918,333,175,175,https://restful-booker.herokuapp.com/booking/4147,137,0,0
1789684036293,149,UpdateBooking - PATCH,200,OK,Thread Group 1-444,text,true,,918,333,175,175,https://restful-booker.herokuapp.com/booking/3907,149,0,0
1789684034432,2016,Get Booking IDs,200,OK,Thread Group 1-897,text,false,"The operation lasted too long: It took 2,016 milliseconds, but should not have lasted longer than 2,000 milliseconds.",60763,248,175,175,https://restful-booker.herokuapp.com/booking,166,0,0
1789684033692,2759,Get Booking IDs,200,OK,Thread Group 1-831,text,false,"The operation lasted too long: It took 2,759 milliseconds, but should not have lasted longer than 2,000 milliseconds.",60641,248,175,175,https://restful-booker.herokuapp.com/booking,150,0,0
1789684033684,2767,Get Booking IDs,200,OK,Thread Group 1-904,text,false,"The operation lasted too long: It took 2,767 milliseconds, but should not have lasted longer than 2,000 milliseconds.",60641,248,175,175,https://restful-booker.herokuapp.com/booking,800,0,0
1789684034552,1904,Get Booking IDs,200,OK,Thread Group 1-978,text,true,,60763,248,175,175,https://restful-booker.herokuapp.com/booking,327,0,0
1789684033836,2624,Get Booking IDs,200,OK,Thread Group 1-841,text,false,"The operation lasted too long: It took 2,624 milliseconds, but should not have lasted longer than 2,000 milliseconds.",60687,248,174,174,https://restful-booker.herokuapp.com/booking,270,0,0
1789684036328,133,UpdateBooking - PUT,200,OK,Thread Group 1-737,text,true,,918,524,173,173,https://restful-booker.herokuapp.com/booking/4056,133,0,0
1789684036340,139,UpdateBooking - PATCH,200,OK,Thread Group 1-617,text,true,,918,333,173,173,https://restful-booker.herokuapp.com/booking/3993,139,0,0
1789684036327,157,UpdateBooking - PUT,200,OK,Thread Group 1-764,text,true,,918,524,173,173,https://restful-booker.herokuapp.com/booking/4102,157,0,0
1789684036364,132,UpdateBooking - PATCH,200,OK,Thread Group 1-604,text,true,,918,333,173,173,https://restful-booker.herokuapp.com/booking/3987,132,0,0
1789684033156,3345,Get Booking IDs,200,OK,Thread Group 1-803,text,false,"The operation lasted too long: It took 3,345 milliseconds, but should not have lasted longer than 2,000 milliseconds.",60489,248,173,173,https://restful-booker.herokuapp.com/booking,612,0,0
1789684036374,137,DeleteBooking,200,OK,Thread Group 1-557,text,true,,918,253,172,172,https://restful-booker.herokuapp.com/booking/3949,137,0,0
1789684033355,3157,Get Booking IDs,200,OK,Thread Group 1-828,text,false,"The operation lasted too long: It took 3,157 milliseconds, but should not have lasted longer than 2,000 milliseconds.",60527,248,172,172,https://restful-booker.herokuapp.com/booking,2485,0,0
1789684033225,3289,Get Booking IDs,200,OK,Thread Group 1-848,text,false,"The operation lasted too long: It took 3,289 milliseconds, but should not have lasted longer than 2,000 milliseconds.",60489,248,170,170,https://restful-booker.herokuapp.com/booking,540,0,0
1789684033951,2572,Get Booking IDs,200,OK,Thread Group 1-888,text,false,"The operation lasted too long: It took 2,572 milliseconds, but should not have lasted longer than 2,000 milliseconds.",60687,248,169,169,https://restful-booker.herokuapp.com/booking,695,0,0
1789684032543,3983,Get Booking IDs,200,OK,Thread Group 1-751,text,false,"The operation lasted too long: It took 3,983 milliseconds, but should not have lasted longer than 2,000 milliseconds.",59881,248,168,168,https://restful-booker.herokuapp.com/booking,2176,0,0
1789684032807,3722,Get Booking IDs,200,OK,Thread Group 1-730,text,false,"The operation lasted too long: It took 3,722 milliseconds, but should not have lasted longer than 2,000 milliseconds.",60375,248,168,168,https://restful-booker.herokuapp.com/booking,741,0,0
1789684036398,134,UpdateBooking - PATCH,200,OK,Thread Group 1-631,text,true,,918,333,167,167,https://restful-booker.herokuapp.com/booking/4008,134,0,0
1789684031521,5019,Get Booking IDs,200,OK,Thread Group 1-540,text,false,"The operation lasted too long: It took 5,019 milliseconds, but should not have lasted longer than 2,000 milliseconds.",56868,248,167,167,https://restful-booker.herokuapp.com/booking,1933,0,0
1789684032942,3611,Get Booking IDs,200,OK,Thread Group 1-746,text,false,"The operation lasted too long: It took 3,611 milliseconds, but should not have lasted longer than 2,000 milliseconds.",60432,248,166,166,https://restful-booker.herokuapp.com/booking,1189,0,0
1789684033000,3554,Get Booking IDs,200,OK,Thread Group 1-674,text,false,"The operation lasted too long: It took 3,554 milliseconds, but should not have lasted longer than 2,000 milliseconds.",60451,248,165,165,https://restful-booker.herokuapp.com/booking,499,0,0
1789684032366,4193,Get Booking IDs,200,OK,Thread Group 1-548,text,false,"The operation lasted too long: It took 4,193 milliseconds, but should not have lasted longer than 2,000 milliseconds.",59387,248,164,164,https://restful-booker.herokuapp.com/booking,278,0,0
1789684036433,133,Get Booking,200,OK,Thread Group 1-943,text,true,,919,253,163,163,https://restful-booker.herokuapp.com/booking/4300,133,0,0
1789684033071,3508,Get Booking IDs,200,OK,Thread Group 1-790,text,false,"The operation lasted too long: It took 3,508 milliseconds, but should not have lasted longer than 2,000 milliseconds.",60451,248,163,163,https://restful-booker.herokuapp.com/booking,258,0,0
1789684033138,3445,Get Booking IDs,200,OK,Thread Group 1-933,text,false,"The operation lasted too long: It took 3,445 milliseconds, but should not have lasted longer than 2,000 milliseconds.",60489,248,162,162,https://restful-booker.herokuapp.com/booking,573,0,0
1789684032103,4486,Get Booking IDs,200,OK,Thread Group 1-521,text,false,"The operation lasted too long: It took 4,486 milliseconds, but should not have lasted longer than 2,000 milliseconds.",58380,248,161,161,https://restful-booker.herokuapp.com/booking,546,0,0
1789684035148,1462,Get Booking IDs,200,OK,Thread Group 1-801,text,true,,60896,248,160,160,https://restful-booker.herokuapp.com/booking,629,0,0
1789684036487,132,DeleteBooking,200,OK,Thread Group 1-891,text,true,,918,253,159,159,https://restful-booker.herokuapp.com/booking/4220,132,0,0
1789684036485,135,DeleteBooking,200,OK,Thread Group 1-771,text,true,,918,253,158,158,https://restful-booker.herokuapp.com/booking/4152,135,0,0
1789684036458,180,DeleteBooking,200,OK,Thread Group 1-677,text,true,,918,253,157,157,https://restful-booker.herokuapp.com/booking/4024,180,0,0
1789684036478,173,UpdateBooking - PATCH,200,OK,Thread Group 1-704,text,true,,918,333,156,156,https://restful-booker.herokuapp.com/booking/4093,173,0,0
1789684036480,172,DeleteBooking,200,OK,Thread Group 1-624,text,true,,918,253,156,156,https://restful-booker.herokuapp.com/booking/4020,172,0,0
1789684036519,137,Get Booking,200,OK,Thread Group 1-961,text,true,,918,253,155,155,https://restful-booker.herokuapp.com/booking/4297,137,0,0
1789684035270,1387,Get Booking IDs,200,OK,Thread Group 1-981,text,true,,60953,248,155,155,https://restful-booker.herokuapp.com/booking,464,0,0
1789684032932,3730,Get Booking IDs,200,OK,Thread Group 1-717,text,false,"The operation lasted too long: It took 3,730 milliseconds, but should not have lasted longer than 2,000 milliseconds.",60432,248,154,154,https://restful-booker.herokuapp.com/booking,573,0,0
1789684036544,132,DeleteBooking,200,OK,Thread Group 1-791,text,true,,918,253,154,154,https://restful-booker.herokuapp.com/booking/4141,132,0,0
1789684033066,3611,Get Booking IDs,200,OK,Thread Group 1-798,text,false,"The operation lasted too long: It took 3,611 milliseconds, but should not have lasted longer than 2,000 milliseconds.",60451,248,153,153,https://restful-booker.herokuapp.com/booking,669,0,0
1789684036547,132,DeleteBooking,200,OK,Thread Group 1-837,text,true,,918,253,152,152,https://restful-booker.herokuapp.com/booking/4116,132,0,0
1789684033366,3314,Get Booking IDs,200,OK,Thread Group 1-960,text,false,"The operation lasted too long: It took 3,314 milliseconds, but should not have lasted longer than 2,000 milliseconds.",60565,248,152,152,https://restful-booker.herokuapp.com/booking,2728,0,0
1789684036552,131,UpdateBooking - PATCH,200,OK,Thread Group 1-931,text,true,,918,333,150,150,https://restful-booker.herokuapp.com/booking/4194,131,0,0
1789684032271,4417,Get Booking IDs,200,OK,Thread Group 1-536,text,false,"The operation lasted too long: It took 4,417 milliseconds, but should not have lasted longer than 2,000 milliseconds.",59045,248,150,150,https://restful-booker.herokuapp.com/booking,970,0,0
1789684033902,2798,Get Booking IDs,200,OK,Thread Group 1-868,text,false,"The operation lasted too long: It took 2,798 milliseconds, but should not have lasted longer than 2,000 milliseconds.",60687,248,149,149,https://restful-booker.herokuapp.com/booking,863,0,0
1789684032109,4606,Get Booking IDs,200,OK,Thread Group 1-640,text,false,"The operation lasted too long: It took 4,606 milliseconds, but should not have lasted longer than 2,000 milliseconds.",58399,248,148,148,https://restful-booker.herokuapp.com/booking,1033,0,0
1789684035002,1719,Get Booking IDs,200,OK,Thread Group 1-969,text,true,,60877,248,147,147,https://restful-booker.herokuapp.com/booking,735,0,0
1789684035165,1586,Get Booking IDs,200,OK,Thread Group 1-971,text,true,,60915,248,146,146,https://restful-booker.herokuapp.com/booking,481,0,0
1789684036624,132,DeleteBooking,200,OK,Thread Group 1-604,text,true,,918,253,146,146,https://restful-booker.herokuapp.com/booking/3987,132,0,0
1789684036648,136,UpdateBooking - PATCH,200,OK,Thread Group 1-737,text,true,,918,333,145,145,https://restful-booker.herokuapp.com/booking/4056,136,0,0
1789684036653,138,UpdateBooking - PUT,200,OK,Thread Group 1-917,text,true,,918,524,145,145,https://restful-booker.herokuapp.com/booking/4257,138,0,0
1789684032444,4347,Get Booking IDs,200,OK,Thread Group 1-713,text,false,"The operation lasted too long: It took 4,347 milliseconds, but should not have lasted longer than 2,000 milliseconds.",59653,248,145,145,https://restful-booker.herokuapp.com/booking,1698,0,0
1789684036665,132,DeleteBooking,200,OK,Thread Group 1-804,text,true,,918,253,144,144,https://restful-booker.herokuapp.com/booking/4134,132,0,0
1789684033983,2819,Get Booking IDs,200,OK,Thread Group 1-838,text,false,"The operation lasted too long: It took 2,819 milliseconds, but should not have lasted longer than 2,000 milliseconds.",60706,248,143,143,https://restful-booker.herokuapp.com/booking,1280,0,0
1789684034265,2538,Get Booking IDs,200,OK,Thread Group 1-928,text,false,"The operation lasted too long: It took 2,538 milliseconds, but should not have lasted longer than 2,000 milliseconds.",60744,248,142,142,https://restful-booker.herokuapp.com/booking,905,0,0
1789684036683,131,DeleteBooking,200,OK,Thread Group 1-871,text,true,,918,253,141,141,https://restful-booker.herokuapp.com/booking/4147,131,0,0
1789684034441,2374,Get Booking IDs,200,OK,Thread Group 1-986,text,false,"The operation lasted too long: It took 2,374 milliseconds, but should not have lasted longer than 2,000 milliseconds.",60763,248,140,140,https://restful-booker.herokuapp.com/booking,673,0,0
1789684036685,137,UpdateBooking - PUT,200,OK,Thread Group 1-777,text,true,,918,524,139,139,https://restful-booker.herokuapp.com/booking/4137,137,0,0
1789684034031,2800,Get Booking IDs,200,OK,Thread Group 1-907,text,false,"The operation lasted too long: It took 2,800 milliseconds, but should not have lasted longer than 2,000 milliseconds.",60725,248,139,139,https://restful-booker.herokuapp.com/booking,340,0,0
1789684032169,4663,Get Booking IDs,200,OK,Thread Group 1-687,text,false,"The operation lasted too long: It took 4,663 milliseconds, but should not have lasted longer than 2,000 milliseconds.",58684,248,139,139,https://restful-booker.herokuapp.com/booking,556,0,0
1789684036695,140,UpdateBooking - PATCH,200,OK,Thread Group 1-544,text,true,,918,333,137,137,https://restful-booker.herokuapp.com/booking/3967,140,0,0
1789684036707,133,UpdateBooking - PATCH,200,OK,Thread Group 1-944,text,true,,918,333,137,137,https://restful-booker.herokuapp.com/booking/4248,133,0,0
1789684036715,143,DeleteBooking,200,OK,Thread Group 1-657,text,true,,918,253,137,137,https://restful-booker.herokuapp.com/booking/4027,143,0,0
1789684036712,146,UpdateBooking - PUT,200,OK,Thread Group 1-831,text,true,,918,524,137,137,https://restful-booker.herokuapp.com/booking/4153,146,0,0
1789684035620,1240,Get Booking IDs,200,OK,Thread Group 1-890,text,true,,60991,248,136,136,https://restful-booker.herokuapp.com/booking,446,0,0
1789684036720,142,DeleteBooking,200,OK,Thread Group 1-444,text,true,,918,253,135,135,https://restful-booker.herokuapp.com/booking/3907,142,0,0
1789684035014,1865,Get Booking IDs,200,OK,Thread Group 1-807,text,true,,60877,248,134,134,https://restful-booker.herokuapp.com/booking,638,0,0
1789684036747,134,DeleteBooking,200,OK,Thread Group 1-617,text,true,,918,253,133,133,https://restful-booker.herokuapp.com/booking/3993,134,0,0
1789684036753,132,UpdateBooking - PUT,200,OK,Thread Group 1-897,text,true,,918,524,132,132,https://restful-booker.herokuapp.com/booking/4287,132,0,0
1789684035155,1750,Get Booking IDs,200,OK,Thread Group 1-884,text,true,,60915,248,132,132,https://restful-booker.herokuapp.com/booking,348,0,0
1789684033167,3741,Get Booking IDs,200,OK,Thread Group 1-863,text,false,"The operation lasted too long: It took 3,741 milliseconds, but should not have lasted longer than 2,000 milliseconds.",60489,248,132,132,https://restful-booker.herokuapp.com/booking,1057,0,0
1789684032231,4679,Get Booking IDs,200,OK,Thread Group 1-590,text,false,"The operation lasted too long: It took 4,679 milliseconds, but should not have lasted longer than 2,000 milliseconds.",58950,248,131,131,https://restful-booker.herokuapp.com/booking,2125,0,0
1789684032911,4009,Get Booking IDs,200,OK,Thread Group 1-750,text,false,"The operation lasted too long: It took 4,009 milliseconds, but should not have lasted longer than 2,000 milliseconds.",60451,248,130,130,https://restful-booker.herokuapp.com/booking,734,0,0
1789684036784,139,UpdateBooking - PUT,200,OK,Thread Group 1-904,text,true,,918,524,129,129,https://restful-booker.herokuapp.com/booking/4232,139,0,0
1789684034438,2503,Get Booking IDs,200,OK,Thread Group 1-900,text,false,"The operation lasted too long: It took 2,503 milliseconds, but should not have lasted longer than 2,000 milliseconds.",60763,248,129,129,https://restful-booker.herokuapp.com/booking,643,0,0
1789684033875,3067,Get Booking IDs,200,OK,Thread Group 1-887,text,false,"The operation lasted too long: It took 3,067 milliseconds, but should not have lasted longer than 2,000 milliseconds.",60687,248,129,129,https://restful-booker.herokuapp.com/booking,652,0,0
1789684033704,3238,Get Booking IDs,200,OK,Thread Group 1-918,text,false,"The operation lasted too long: It took 3,238 milliseconds, but should not have lasted longer than 2,000 milliseconds.",60622,248,129,129,https://restful-booker.herokuapp.com/booking,166,0,0
1789684036812,134,UpdateBooking - PATCH,200,OK,Thread Group 1-857,text,true,,918,333,126,126,https://restful-booker.herokuapp.com/booking/4196,134,0,0
1789684035188,1781,Get Booking IDs,200,OK,Thread Group 1-874,text,true,,60934,248,126,126,https://restful-booker.herokuapp.com/booking,358,0,0
1789684036852,135,UpdateBooking - PUT,200,OK,Thread Group 1-971,text,true,,918,524,125,125,https://restful-booker.herokuapp.com/booking/4290,135,0,0
1789684032041,4951,Get Booking IDs,200,OK,Thread Group 1-603,text,false,"The operation lasted too long: It took 4,951 milliseconds, but should not have lasted longer than 2,000 milliseconds.",58361,248,125,125,https://restful-booker.herokuapp.com/booking,549,0,0
1789684032868,4131,Get Booking IDs,200,OK,Thread Group 1-714,text,false,"The operation lasted too long: It took 4,131 milliseconds, but should not have lasted longer than 2,000 milliseconds.",60432,248,124,124,https://restful-booker.herokuapp.com/booking,216,0,0
1789684033377,3624,Get Booking IDs,200,OK,Thread Group 1-877,text,false,"The operation lasted too long: It took 3,624 milliseconds, but should not have lasted longer than 2,000 milliseconds.",60584,248,123,123,https://restful-booker.herokuapp.com/booking,827,0,0
1789684036889,133,UpdateBooking - PUT,200,OK,Thread Group 1-751,text,true,,918,524,123,123,https://restful-booker.herokuapp.com/booking/4113,133,0,0
1789684034047,2977,Get Booking IDs,200,OK,Thread Group 1-916,text,false,"The operation lasted too long: It took 2,977 milliseconds, but should not have lasted longer than 2,000 milliseconds.",60725,248,123,123,https://restful-booker.herokuapp.com/booking,162,0,0
1789684034254,2774,Get Booking IDs,200,OK,Thread Group 1-1000,text,false,"The operation lasted too long: It took 2,774 milliseconds, but should not have lasted longer than 2,000 milliseconds.",60763,248,122,122,https://restful-booker.herokuapp.com/booking,761,0,0
1789684035767,1268,Get Booking IDs,200,OK,Thread Group 1-853,text,true,,60987,248,122,122,https://restful-booker.herokuapp.com/booking,663,0,0
1789684036153,896,UpdateBooking - PATCH,200,OK,Thread Group 1-584,text,true,,918,333,121,121,https://restful-booker.herokuapp.com/booking/3998,896,0,0
1789684036912,138,UpdateBooking - PUT,200,OK,Thread Group 1-717,text,true,,918,524,121,121,https://restful-booker.herokuapp.com/booking/4104,138,0,0
1789684036915,135,DeleteBooking,200,OK,Thread Group 1-631,text,true,,918,253,121,121,https://restful-booker.herokuapp.com/booking/4008,135,0,0
1789684032993,4080,Get Booking IDs,200,OK,Thread Group 1-810,text,false,"The operation lasted too long: It took 4,080 milliseconds, but should not have lasted longer than 2,000 milliseconds.",60432,248,120,120,https://restful-booker.herokuapp.com/booking,669,0,0
1789684036945,133,UpdateBooking - PATCH,200,OK,Thread Group 1-764,text,true,,918,333,119,119,https://restful-booker.herokuapp.com/booking/4102,133,0,0
1789684036949,137,DeleteBooking,200,OK,Thread Group 1-704,text,true,,918,253,119,119,https://restful-booker.herokuapp.com/booking/4093,137,0,0
1789684033813,3277,Get Booking IDs,200,OK,Thread Group 1-911,text,false,"The operation lasted too long: It took 3,277 milliseconds, but should not have lasted longer than 2,000 milliseconds.",60668,248,118,118,https://restful-booker.herokuapp.com/booking,649,0,0
1789684034188,2907,Get Booking IDs,200,OK,Thread Group 1-998,text,false,"The operation lasted too long: It took 2,907 milliseconds, but should not have lasted longer than 2,000 milliseconds.",60763,248,118,118,https://restful-booker.herokuapp.com/booking,162,0,0
1789684032624,4479,Get Booking IDs,200,OK,Thread Group 1-734,text,false,"The operation lasted too long: It took 4,479 milliseconds, but should not have lasted longer than 2,000 milliseconds.",60090,248,117,117,https://restful-booker.herokuapp.com/booking,2016,0,0
1789684035434,1673,Get Booking IDs,200,OK,Thread Group 1-830,text,true,,60953,248,116,116,https://restful-booker.herokuapp.com/booking,283,0,0
1789684033834,3284,Get Booking IDs,200,OK,Thread Group 1-858,text,false,"The operation lasted too long: It took 3,284 milliseconds, but should not have lasted longer than 2,000 milliseconds.",60687,248,115,115,https://restful-booker.herokuapp.com/booking,974,0,0
1789684036189,933,Get Booking IDs,200,OK,Thread Group 1-977,text,true,,60987,248,114,114,https://restful-booker.herokuapp.com/booking,263,0,0
1789684034353,2786,Get Booking IDs,200,OK,Thread Group 1-856,text,false,"The operation lasted too long: It took 2,786 milliseconds, but should not have lasted longer than 2,000 milliseconds.",60763,248,114,114,https://restful-booker.herokuapp.com/booking,532,0,0
1789684033315,3825,Get Booking IDs,200,OK,Thread Group 1-753,text,false,"The operation lasted too long: It took 3,825 milliseconds, but should not have lasted longer than 2,000 milliseconds.",60527,248,113,113,https://restful-booker.herokuapp.com/booking,1996,0,0
1789684037021,132,DeleteBooking,200,OK,Thread Group 1-931,text,true,,918,253,112,112,https://restful-booker.herokuapp.com/booking/4194,132,0,0
1789684034069,3097,Get Booking IDs,200,OK,Thread Group 1-864,text,false,"The operation lasted too long: It took 3,097 milliseconds, but should not have lasted longer than 2,000 milliseconds.",60725,248,111,111,https://restful-booker.herokuapp.com/booking,1731,0,0
1789684032299,4869,Get Booking IDs,200,OK,Thread Group 1-710,text,false,"The operation lasted too long: It took 4,869 milliseconds, but should not have lasted longer than 2,000 milliseconds.",59159,248,111,111,https://restful-booker.herokuapp.com/booking,2474,0,0
1789684032952,4225,Get Booking IDs,200,OK,Thread Group 1-647,text,false,"The operation lasted too long: It took 4,225 milliseconds, but should not have lasted longer than 2,000 milliseconds.",60432,248,110,110,https://restful-booker.herokuapp.com/booking,531,0,0
1789684033658,3537,Get Booking IDs,200,OK,Thread Group 1-816,text,false,"The operation lasted too long: It took 3,537 milliseconds, but should not have lasted longer than 2,000 milliseconds.",60641,248,109,109,https://restful-booker.herokuapp.com/booking,2616,0,0
1789684034153,3043,Get Booking IDs,200,OK,Thread Group 1-781,text,false,"The operation lasted too long: It took 3,043 milliseconds, but should not have lasted longer than 2,000 milliseconds.",60763,248,108,108,https://restful-booker.herokuapp.com/booking,530,0,0
1789684033689,3511,Get Booking IDs,200,OK,Thread Group 1-987,text,false,"The operation lasted too long: It took 3,511 milliseconds, but should not have lasted longer than 2,000 milliseconds.",60641,248,107,107,https://restful-booker.herokuapp.com/booking,2852,0,0
1789684032988,4231,Get Booking IDs,200,OK,Thread Group 1-854,text,false,"The operation lasted too long: It took 4,231 milliseconds, but should not have lasted longer than 2,000 milliseconds.",60432,248,106,106,https://restful-booker.herokuapp.com/booking,2577,0,0
1789684037096,130,DeleteBooking,200,OK,Thread Group 1-944,text,true,,918,253,105,105,https://restful-booker.herokuapp.com/booking/4248,130,0,0
1789684031781,5447,Get Booking IDs,200,OK,Thread Group 1-524,text,false,"The operation lasted too long: It took 5,447 milliseconds, but should not have lasted longer than 2,000 milliseconds.",57506,248,104,104,https://restful-booker.herokuapp.com/booking,250,0,0
1789684033731,3499,Get Booking IDs,200,OK,Thread Group 1-970,text,false,"The operation lasted too long: It took 3,499 milliseconds, but should not have lasted longer than 2,000 milliseconds.",60630,248,104,104,https://restful-booker.herokuapp.com/booking,338,0,0
1789684034515,2715,Get Booking IDs,200,OK,Thread Group 1-990,text,false,"The operation lasted too long: It took 2,715 milliseconds, but should not have lasted longer than 2,000 milliseconds.",60763,248,104,104,https://restful-booker.herokuapp.com/booking,1718,0,0
1789684033349,3887,Get Booking IDs,200,OK,Thread Group 1-958,text,false,"The operation lasted too long: It took 3,887 milliseconds, but should not have lasted longer than 2,000 milliseconds.",60527,248,103,103,https://restful-booker.herokuapp.com/booking,1489,0,0
1789684037111,131,UpdateBooking - PATCH,200,OK,Thread Group 1-777,text,true,,918,333,102,102,https://restful-booker.herokuapp.com/booking/4137,131,0,0
1789684031725,5525,Get Booking IDs,200,OK,Thread Group 1-608,text,false,"The operation lasted too long: It took 5,525 milliseconds, but should not have lasted longer than 2,000 milliseconds.",57438,248,102,102,https://restful-booker.herokuapp.com/booking,247,0,0
1789684033598,3652,Get Booking IDs,200,OK,Thread Group 1-776,text,false,"The operation lasted too long: It took 3,652 milliseconds, but should not have lasted longer than 2,000 milliseconds.",60641,248,102,102,https://restful-booker.herokuapp.com/booking,700,0,0
1789684032876,4380,Get Booking IDs,200,OK,Thread Group 1-464,text,false,"The operation lasted too long: It took 4,380 milliseconds, but should not have lasted longer than 2,000 milliseconds.",60432,248,100,100,https://restful-booker.herokuapp.com/booking,2647,0,0
1789684032525,4733,Get Booking IDs,200,OK,Thread Group 1-694,text,false,"The operation lasted too long: It took 4,733 milliseconds, but should not have lasted longer than 2,000 milliseconds.",59824,248,100,100,https://restful-booker.herokuapp.com/booking,2681,0,0
1789684032194,5073,Get Booking IDs,200,OK,Thread Group 1-596,text,false,"The operation lasted too long: It took 5,073 milliseconds, but should not have lasted longer than 2,000 milliseconds.",58817,248,99,99,https://restful-booker.herokuapp.com/booking,552,0,0
1789684037135,137,UpdateBooking - PATCH,200,OK,Thread Group 1-904,text,true,,918,333,98,98,https://restful-booker.herokuapp.com/booking/4232,137,0,0
1789684037143,133,DeleteBooking,200,OK,Thread Group 1-737,text,true,,918,253,98,98,https://restful-booker.herokuapp.com/booking/4056,133,0,0
1789684033270,4012,Get Booking IDs,200,OK,Thread Group 1-880,text,false,"The operation lasted too long: It took 4,012 milliseconds, but should not have lasted longer than 2,000 milliseconds.",60527,248,97,97,https://restful-booker.herokuapp.com/booking,825,0,0
1789684034409,2877,Get Booking IDs,200,OK,Thread Group 1-953,text,false,"The operation lasted too long: It took 2,877 milliseconds, but should not have lasted longer than 2,000 milliseconds.",60763,248,96,96,https://restful-booker.herokuapp.com/booking,556,0,0
1789684032164,5123,CreateBooking,200,OK,Thread Group 1-817,text,false,"The operation lasted too long: It took 5,123 milliseconds, but should not have lasted longer than 2,000 milliseconds.",945,522,95,95,https://restful-booker.herokuapp.com/booking,5123,0,0
1789684037162,138,UpdateBooking - PATCH,200,OK,Thread Group 1-917,text,true,,918,333,95,95,https://restful-booker.herokuapp.com/booking/4257,138,0,0
1789684037169,131,UpdateBooking - PUT,200,OK,Thread Group 1-884,text,true,,918,524,95,95,https://restful-booker.herokuapp.com/booking/4282,131,0,0
1789684037205,133,UpdateBooking - PATCH,200,OK,Thread Group 1-897,text,true,,918,333,95,95,https://restful-booker.herokuapp.com/booking/4287,133,0,0
1789684037223,135,DeleteBooking,200,OK,Thread Group 1-857,text,true,,918,253,95,95,https://restful-booker.herokuapp.com/booking/4196,135,0,0
1789684037220,142,UpdateBooking - PUT,200,OK,Thread Group 1-1000,text,true,,918,524,94,94,https://restful-booker.herokuapp.com/booking/4292,142,0,0
1789684037223,144,UpdateBooking - PATCH,200,OK,Thread Group 1-717,text,true,,918,333,94,94,https://restful-booker.herokuapp.com/booking/4104,144,0,0
1789684031748,5625,Get Booking IDs,200,OK,Thread Group 1-597,text,false,"The operation lasted too long: It took 5,625 milliseconds, but should not have lasted longer than 2,000 milliseconds.",57487,248,94,94,https://restful-booker.herokuapp.com/booking,240,0,0
1789684032778,4595,Get Booking IDs,200,OK,Thread Group 1-733,text,false,"The operation lasted too long: It took 4,595 milliseconds, but should not have lasted longer than 2,000 milliseconds.",60356,248,94,94,https://restful-booker.herokuapp.com/booking,1211,0,0
1789684035192,2184,Get Booking IDs,200,OK,Thread Group 1-965,text,false,"The operation lasted too long: It took 2,184 milliseconds, but should not have lasted longer than 2,000 milliseconds.",60934,248,93,93,https://restful-booker.herokuapp.com/booking,1036,0,0
1789684031922,5458,Get Booking IDs,200,OK,Thread Group 1-586,text,false,"The operation lasted too long: It took 5,458 milliseconds, but should not have lasted longer than 2,000 milliseconds.",57924,248,92,92,https://restful-booker.herokuapp.com/booking,1906,0,0
1789684037245,136,UpdateBooking - PUT,200,OK,Thread Group 1-877,text,true,,918,524,92,92,https://restful-booker.herokuapp.com/booking/4193,136,0,0
1789684037256,133,UpdateBooking - PATCH,200,OK,Thread Group 1-971,text,true,,918,333,91,91,https://restful-booker.herokuapp.com/booking/4290,133,0,0
1789684033233,4157,Get Booking IDs,200,OK,Thread Group 1-827,text,false,"The operation lasted too long: It took 4,157 milliseconds, but should not have lasted longer than 2,000 milliseconds.",60508,248,91,91,https://restful-booker.herokuapp.com/booking,488,0,0
1789684034789,2619,Get Booking IDs,200,OK,Thread Group 1-968,text,false,"The operation lasted too long: It took 2,619 milliseconds, but should not have lasted longer than 2,000 milliseconds.",60820,248,90,90,https://restful-booker.herokuapp.com/booking,1118,0,0
1789684037280,133,UpdateBooking - PUT,200,OK,Thread Group 1-911,text,true,,918,524,89,89,https://restful-booker.herokuapp.com/booking/4235,133,0,0
1789684032610,4804,Get Booking IDs,200,OK,Thread Group 1-763,text,false,"The operation lasted too long: It took 4,804 milliseconds, but should not have lasted longer than 2,000 milliseconds.",60052,248,89,89,https://restful-booker.herokuapp.com/booking,2417,0,0
1789684037291,136,DeleteBooking,200,OK,Thread Group 1-764,text,true,,918,253,88,88,https://restful-booker.herokuapp.com/booking/4102,136,0,0
1789684037304,131,DeleteBooking,200,OK,Thread Group 1-544,text,true,,918,253,87,87,https://restful-booker.herokuapp.com/booking/3967,131,0,0
1789684033622,3818,Get Booking IDs,200,OK,Thread Group 1-688,text,false,"The operation lasted too long: It took 3,818 milliseconds, but should not have lasted longer than 2,000 milliseconds.",60641,248,86,86,https://restful-booker.herokuapp.com/booking,3297,0,0
1789684033817,3631,Get Booking IDs,200,OK,Thread Group 1-846,text,false,"The operation lasted too long: It took 3,631 milliseconds, but should not have lasted longer than 2,000 milliseconds.",60668,248,85,85,https://restful-booker.herokuapp.com/booking,1893,0,0
1789684033925,3558,Get Booking IDs,200,OK,Thread Group 1-913,text,false,"The operation lasted too long: It took 3,558 milliseconds, but should not have lasted longer than 2,000 milliseconds.",60687,248,84,84,https://restful-booker.herokuapp.com/booking,974,0,0
1789684032550,4943,Get Booking IDs,200,OK,Thread Group 1-731,text,false,"The operation lasted too long: It took 4,943 milliseconds, but should not have lasted longer than 2,000 milliseconds.",59881,248,83,83,https://restful-booker.herokuapp.com/booking,389,0,0
1789684035645,1886,Get Booking IDs,200,OK,Thread Group 1-787,text,true,,60991,248,83,83,https://restful-booker.herokuapp.com/booking,299,0,0
1789684037359,191,UpdateBooking - PATCH,200,OK,Thread Group 1-831,text,true,,918,333,82,82,https://restful-booker.herokuapp.com/booking/4153,191,0,0
1789684033231,4326,Get Booking IDs,200,OK,Thread Group 1-834,text,false,"The operation lasted too long: It took 4,326 milliseconds, but should not have lasted longer than 2,000 milliseconds.",60508,248,82,82,https://restful-booker.herokuapp.com/booking,1595,0,0
1789684037387,179,DeleteBooking,200,OK,Thread Group 1-777,text,true,,918,253,81,81,https://restful-booker.herokuapp.com/booking/4137,179,0,0
1789684037443,158,UpdateBooking - PUT,200,OK,Thread Group 1-970,text,true,,918,524,80,80,https://restful-booker.herokuapp.com/booking/4240,158,0,0
1789684037480,132,UpdateBooking - PUT,200,OK,Thread Group 1-977,text,true,,918,524,80,80,https://restful-booker.herokuapp.com/booking/4234,132,0,0
1789684037460,156,UpdateBooking - PATCH,200,OK,Thread Group 1-751,text,true,,918,333,80,80,https://restful-booker.herokuapp.com/booking/4113,156,0,0
1789684037466,152,UpdateBooking - PUT,200,OK,Thread Group 1-864,text,true,,918,524,80,80,https://restful-booker.herokuapp.com/booking/4209,152,0,0
1789684037492,134,UpdateBooking - PATCH,200,OK,Thread Group 1-884,text,true,,918,333,80,80,https://restful-booker.herokuapp.com/booking/4282,134,0,0
1789684034969,2706,Get Booking IDs,200,OK,Thread Group 1-814,text,false,"The operation lasted too long: It took 2,706 milliseconds, but should not have lasted longer than 2,000 milliseconds.",60858,248,80,80,https://restful-booker.herokuapp.com/booking,774,0,0
1789684037559,135,UpdateBooking - PATCH,200,OK,Thread Group 1-911,text,true,,918,333,79,79,https://restful-booker.herokuapp.com/booking/4235,135,0,0
1789684037565,133,UpdateBooking - PUT,200,OK,Thread Group 1-597,text,true,,918,524,79,79,https://restful-booker.herokuapp.com/booking/3983,133,0,0
1789684036210,1499,Get Booking IDs,200,OK,Thread Group 1-903,text,true,,60987,248,79,79,https://restful-booker.herokuapp.com/booking,558,0,0
1789684037575,136,DeleteBooking,200,OK,Thread Group 1-917,text,true,,918,253,78,78,https://restful-booker.herokuapp.com/booking/4257,136,0,0
1789684033337,4378,Get Booking IDs,200,OK,Thread Group 1-893,text,false,"The operation lasted too long: It took 4,378 milliseconds, but should not have lasted longer than 2,000 milliseconds.",60527,248,77,77,https://restful-booker.herokuapp.com/booking,2974,0,0
1789684035134,2587,Get Booking IDs,200,OK,Thread Group 1-946,text,false,"The operation lasted too long: It took 2,587 milliseconds, but should not have lasted longer than 2,000 milliseconds.",60896,248,76,76,https://restful-booker.herokuapp.com/booking,546,0,0
1789684037591,135,UpdateBooking - PUT,200,OK,Thread Group 1-524,text,true,,918,524,75,75,https://restful-booker.herokuapp.com/booking/3957,135,0,0
1789684036649,1081,Get Booking IDs,200,OK,Thread Group 1-956,text,true,,61063,248,75,75,https://restful-booker.herokuapp.com/booking,410,0,0
1789684037595,136,DeleteBooking,200,OK,Thread Group 1-717,text,true,,918,253,74,74,https://restful-booker.herokuapp.com/booking/4104,136,0,0
1789684037608,134,Get Booking,200,OK,Thread Group 1-817,text,true,,920,253,73,73,https://restful-booker.herokuapp.com/booking/4189,134,0,0
1789684037622,131,DeleteBooking,200,OK,Thread Group 1-897,text,true,,918,253,73,73,https://restful-booker.herokuapp.com/booking/4287,131,0,0
1789684032517,5241,Get Booking IDs,200,OK,Thread Group 1-663,text,false,"The operation lasted too long: It took 5,241 milliseconds, but should not have lasted longer than 2,000 milliseconds.",59786,248,72,72,https://restful-booker.herokuapp.com/booking,1359,0,0
1789684034243,3598,Get Booking IDs,200,OK,Thread Group 1-957,text,false,"The operation lasted too long: It took 3,598 milliseconds, but should not have lasted longer than 2,000 milliseconds.",60763,248,71,71,https://restful-booker.herokuapp.com/booking,994,0,0
1789684037712,132,DeleteBooking,200,OK,Thread Group 1-904,text,true,,918,253,71,71,https://restful-booker.herokuapp.com/booking/4232,132,0,0
1789684037665,183,UpdateBooking - PATCH,200,OK,Thread Group 1-1000,text,true,,918,333,70,70,https://restful-booker.herokuapp.com/booking/4292,183,0,0
1789684037680,186,UpdateBooking - PATCH,200,OK,Thread Group 1-877,text,true,,918,333,70,70,https://restful-booker.herokuapp.com/booking/4193,186,0,0
1789684034302,3572,Get Booking IDs,200,OK,Thread Group 1-908,text,false,"The operation lasted too long: It took 3,572 milliseconds, but should not have lasted longer than 2,000 milliseconds.",60744,248,70,70,https://restful-booker.herokuapp.com/booking,490,0,0
1789684032584,5303,Get Booking IDs,200,OK,Thread Group 1-808,text,false,"The operation lasted too long: It took 5,303 milliseconds, but should not have lasted longer than 2,000 milliseconds.",59976,248,69,69,https://restful-booker.herokuapp.com/booking,3267,0,0
1789684037783,134,DeleteBooking,200,OK,Thread Group 1-971,text,true,,910,253,68,68,https://restful-booker.herokuapp.com/booking/4290,134,0,0
1789684037795,133,UpdateBooking - PATCH,200,OK,Thread Group 1-977,text,true,,910,333,67,67,https://restful-booker.herokuapp.com/booking/4234,133,0,0
1789684037804,139,UpdateBooking - PATCH,200,OK,Thread Group 1-970,text,true,,910,333,67,67,https://restful-booker.herokuapp.com/booking/4240,139,0,0
1789684037817,132,UpdateBooking - PATCH,200,OK,Thread Group 1-864,text,true,,910,333,67,67,https://restful-booker.herokuapp.com/booking/4209,132,0,0
1789684037834,131,DeleteBooking,200,OK,Thread Group 1-751,text,true,,910,253,67,67,https://restful-booker.herokuapp.com/booking/4113,131,0,0
1789684034379,3619,Get Booking IDs,200,OK,Thread Group 1-806,text,false,"The operation lasted too long: It took 3,619 milliseconds, but should not have lasted longer than 2,000 milliseconds.",60763,248,66,66,https://restful-booker.herokuapp.com/booking,1802,0,0
1789684034064,3936,Get Booking IDs,200,OK,Thread Group 1-760,text,false,"The operation lasted too long: It took 3,936 milliseconds, but should not have lasted longer than 2,000 milliseconds.",60725,248,65,65,https://restful-booker.herokuapp.com/booking,986,0,0
1789684031862,6141,Get Booking IDs,200,OK,Thread Group 1-621,text,false,"The operation lasted too long: It took 6,141 milliseconds, but should not have lasted longer than 2,000 milliseconds.",57753,248,64,64,https://restful-booker.herokuapp.com/booking,527,0,0
1789684035638,2370,Get Booking IDs,200,OK,Thread Group 1-906,text,false,"The operation lasted too long: It took 2,370 milliseconds, but should not have lasted longer than 2,000 milliseconds.",60991,248,63,63,https://restful-booker.herokuapp.com/booking,751,0,0
1789684036431,1588,Get Booking IDs,200,OK,Thread Group 1-984,text,true,,61025,248,62,62,https://restful-booker.herokuapp.com/booking,318,0,0
1789684034560,3467,Get Booking IDs,200,OK,Thread Group 1-886,text,false,"The operation lasted too long: It took 3,467 milliseconds, but should not have lasted longer than 2,000 milliseconds.",60782,248,62,62,https://restful-booker.herokuapp.com/booking,1934,0,0
1789684033798,4230,Get Booking IDs,200,OK,Thread Group 1-939,text,false,"The operation lasted too long: It took 4,230 milliseconds, but should not have lasted longer than 2,000 milliseconds.",60668,248,61,61,https://restful-booker.herokuapp.com/booking,329,0,0
1789684034565,3466,Get Booking IDs,200,OK,Thread Group 1-996,text,false,"The operation lasted too long: It took 3,466 milliseconds, but should not have lasted longer than 2,000 milliseconds.",60782,248,61,61,https://restful-booker.herokuapp.com/booking,1584,0,0
1789684037901,132,UpdateBooking - PUT,200,OK,Thread Group 1-731,text,true,,910,524,60,60,https://restful-booker.herokuapp.com/booking/4047,132,0,0
1789684033765,4272,Get Booking IDs,200,OK,Thread Group 1-947,text,false,"The operation lasted too long: It took 4,272 milliseconds, but should not have lasted longer than 2,000 milliseconds.",60649,248,60,60,https://restful-booker.herokuapp.com/booking,166,0,0
1789684037921,134,DeleteBooking,200,OK,Thread Group 1-831,text,true,,910,253,59,59,https://restful-booker.herokuapp.com/booking/4153,134,0,0
1789684037929,138,DeleteBooking,200,OK,Thread Group 1-911,text,true,,910,253,58,58,https://restful-booker.herokuapp.com/booking/4235,138,0,0
1789684037979,132,DeleteBooking,200,OK,Thread Group 1-884,text,true,,910,253,57,57,https://restful-booker.herokuapp.com/booking/4282,132,0,0
1789684036944,1201,Get Booking IDs,200,OK,Thread Group 1-961,text,true,,61101,248,56,56,https://restful-booker.herokuapp.com/booking,269,0,0
1789684031894,6253,Get Booking IDs,200,OK,Thread Group 1-630,text,false,"The operation lasted too long: It took 6,253 milliseconds, but should not have lasted longer than 2,000 milliseconds.",57867,248,55,55,https://restful-booker.herokuapp.com/booking,548,0,0
1789684036701,1448,Get Booking IDs,200,OK,Thread Group 1-943,text,true,,61063,248,54,54,https://restful-booker.herokuapp.com/booking,265,0,0
1789684032330,5821,Get Booking IDs,200,OK,Thread Group 1-696,text,false,"The operation lasted too long: It took 5,821 milliseconds, but should not have lasted longer than 2,000 milliseconds.",59254,248,53,53,https://restful-booker.herokuapp.com/booking,768,0,0
1789684038023,135,UpdateBooking - PATCH,200,OK,Thread Group 1-597,text,true,,910,333,52,52,https://restful-booker.herokuapp.com/booking/3983,135,0,0
1789684038023,136,DeleteBooking,200,OK,Thread Group 1-1000,text,true,,910,253,52,52,https://restful-booker.herokuapp.com/booking/4292,136,0,0
1789684032826,5340,Get Booking,200,OK,Thread Group 1-924,text,false,"The operation lasted too long: It took 5,340 milliseconds, but should not have lasted longer than 2,000 milliseconds.",914,253,51,51,https://restful-booker.herokuapp.com/booking/4199,5340,0,0
1789684033671,4525,Get Booking IDs,200,OK,Thread Group 1-821,text,false,"The operation lasted too long: It took 4,525 milliseconds, but should not have lasted longer than 2,000 milliseconds.",60641,248,51,51,https://restful-booker.herokuapp.com/booking,2462,0,0
1789684038065,137,UpdateBooking - PATCH,200,OK,Thread Group 1-524,text,true,,910,333,50,50,https://restful-booker.herokuapp.com/booking/3957,137,0,0
1789684037697,524,UpdateBooking - PUT,200,OK,Thread Group 1-464,text,true,,918,524,50,50,https://restful-booker.herokuapp.com/booking/4106,524,0,0
1789684038093,132,DeleteBooking,200,OK,Thread Group 1-977,text,true,,910,253,50,50,https://restful-booker.herokuapp.com/booking/4234,132,0,0
1789684032466,5789,Get Booking IDs,200,OK,Thread Group 1-690,text,false,"The operation lasted too long: It took 5,789 milliseconds, but should not have lasted longer than 2,000 milliseconds.",59672,248,49,49,https://restful-booker.herokuapp.com/booking,1315,0,0
1789684036178,2087,Get Booking IDs,200,OK,Thread Group 1-930,text,false,"The operation lasted too long: It took 2,087 milliseconds, but should not have lasted longer than 2,000 milliseconds.",60987,248,48,48,https://restful-booker.herokuapp.com/booking,320,0,0
1789684034072,4201,Get Booking IDs,200,OK,Thread Group 1-783,text,false,"The operation lasted too long: It took 4,201 milliseconds, but should not have lasted longer than 2,000 milliseconds.",60725,248,47,47,https://restful-booker.herokuapp.com/booking,324,0,0
1789684034826,3458,Get Booking IDs,200,OK,Thread Group 1-844,text,false,"The operation lasted too long: It took 3,458 milliseconds, but should not have lasted longer than 2,000 milliseconds.",60820,248,46,46,https://restful-booker.herokuapp.com/booking,2072,0,0
1789684038173,134,UpdateBooking - PUT,200,OK,Thread Group 1-957,text,true,,910,524,46,46,https://restful-booker.herokuapp.com/booking/4230,134,0,0
1789684035937,2385,Get Booking IDs,200,OK,Thread Group 1-701,text,false,"The operation lasted too long: It took 2,385 milliseconds, but should not have lasted longer than 2,000 milliseconds.",60987,248,46,46,https://restful-booker.herokuapp.com/booking,321,0,0
1789684035337,3048,Get Booking IDs,200,OK,Thread Group 1-818,text,false,"The operation lasted too long: It took 3,048 milliseconds, but should not have lasted longer than 2,000 milliseconds.",60934,248,45,45,https://restful-booker.herokuapp.com/booking,1230,0,0
1789684032228,6162,Get Booking IDs,200,OK,Thread Group 1-650,text,false,"The operation lasted too long: It took 6,162 milliseconds, but should not have lasted longer than 2,000 milliseconds.",58912,248,44,44,https://restful-booker.herokuapp.com/booking,282,0,0
1789684038266,132,DeleteBooking,200,OK,Thread Group 1-970,text,true,,910,253,43,43,https://restful-booker.herokuapp.com/booking/4240,132,0,0
1789684035673,2743,Get Booking IDs,200,OK,Thread Group 1-813,text,false,"The operation lasted too long: It took 2,743 milliseconds, but should not have lasted longer than 2,000 milliseconds.",60991,248,42,42,https://restful-booker.herokuapp.com/booking,644,0,0
1789684038317,131,UpdateBooking - PATCH,200,OK,Thread Group 1-731,text,true,,910,333,41,41,https://restful-booker.herokuapp.com/booking/4047,131,0,0
1789684038323,132,DeleteBooking,200,OK,Thread Group 1-864,text,true,,910,253,41,41,https://restful-booker.herokuapp.com/booking/4209,132,0,0
1789684033587,4876,Get Booking IDs,200,OK,Thread Group 1-811,text,false,"The operation lasted too long: It took 4,876 milliseconds, but should not have lasted longer than 2,000 milliseconds.",60622,248,40,40,https://restful-booker.herokuapp.com/booking,922,0,0
1789684038367,131,DeleteBooking,200,OK,Thread Group 1-597,text,true,,910,253,40,40,https://restful-booker.herokuapp.com/booking/3983,131,0,0
1789684038376,135,DeleteBooking,200,OK,Thread Group 1-877,text,true,,910,253,39,39,https://restful-booker.herokuapp.com/booking/4193,135,0,0
1789684038382,131,UpdateBooking - PUT,200,OK,Thread Group 1-984,text,true,,910,524,38,38,https://restful-booker.herokuapp.com/booking/4278,131,0,0
1789684031080,7448,Login,200,OK,Thread Group 1-991,text,false,"The operation lasted too long: It took 7,448 milliseconds, but should not have lasted longer than 2,000 milliseconds.",770,325,38,38,https://restful-booker.herokuapp.com/auth,7447,0,828
1789684035091,3463,Get Booking IDs,200,OK,Thread Group 1-876,text,false,"The operation lasted too long: It took 3,463 milliseconds, but should not have lasted longer than 2,000 milliseconds.",60896,248,38,38,https://restful-booker.herokuapp.com/booking,1235,0,0
1789684038422,132,UpdateBooking - PATCH,200,OK,Thread Group 1-464,text,true,,910,333,38,38,https://restful-booker.herokuapp.com/booking/4106,132,0,0
1789684038423,133,UpdateBooking - PUT,200,OK,Thread Group 1-939,text,true,,910,524,37,37,https://restful-booker.herokuapp.com/booking/4241,133,0,0
1789684032322,6307,Get Booking IDs,200,OK,Thread Group 1-601,text,false,"The operation lasted too long: It took 6,307 milliseconds, but should not have lasted longer than 2,000 milliseconds.",59254,248,37,37,https://restful-booker.herokuapp.com/booking,4317,0,0
1789684038494,135,DeleteBooking,200,OK,Thread Group 1-524,text,true,,910,253,37,37,https://restful-booker.herokuapp.com/booking/3957,135,0,0
1789684038523,131,UpdateBooking - PUT,200,OK,Thread Group 1-844,text,true,,910,524,35,35,https://restful-booker.herokuapp.com/booking/4221,131,0,0
1789684034756,3908,Get Booking IDs,200,OK,Thread Group 1-974,text,false,"The operation lasted too long: It took 3,908 milliseconds, but should not have lasted longer than 2,000 milliseconds.",60820,248,35,35,https://restful-booker.herokuapp.com/booking,1187,0,0
1789684032362,6306,Get Booking IDs,200,OK,Thread Group 1-598,text,false,"The operation lasted too long: It took 6,306 milliseconds, but should not have lasted longer than 2,000 milliseconds.",59368,248,34,34,https://restful-booker.herokuapp.com/booking,272,0,0
1789684033791,4905,Get Booking IDs,200,OK,Thread Group 1-894,text,false,"The operation lasted too long: It took 4,905 milliseconds, but should not have lasted longer than 2,000 milliseconds.",60668,248,33,33,https://restful-booker.herokuapp.com/booking,167,0,0
1789684038567,133,UpdateBooking - PUT,200,OK,Thread Group 1-811,text,true,,910,524,32,32,https://restful-booker.herokuapp.com/booking/4172,133,0,0
1789684034560,4175,Get Booking IDs,200,OK,Thread Group 1-724,text,false,"The operation lasted too long: It took 4,175 milliseconds, but should not have lasted longer than 2,000 milliseconds.",60782,248,32,32,https://restful-booker.herokuapp.com/booking,2029,0,0
1789684034766,3996,Get Booking IDs,200,OK,Thread Group 1-948,text,false,"The operation lasted too long: It took 3,996 milliseconds, but should not have lasted longer than 2,000 milliseconds.",60820,248,32,32,https://restful-booker.herokuapp.com/booking,341,0,0
1789684033416,5364,Get Booking IDs,200,OK,Thread Group 1-851,text,false,"The operation lasted too long: It took 5,364 milliseconds, but should not have lasted longer than 2,000 milliseconds.",60584,248,31,31,https://restful-booker.herokuapp.com/booking,1031,0,0
1789684038678,132,UpdateBooking - PATCH,200,OK,Thread Group 1-984,text,true,,910,333,31,31,https://restful-booker.herokuapp.com/booking/4278,132,0,0
1789684034417,4402,Get Booking IDs,200,OK,Thread Group 1-870,text,false,"The operation lasted too long: It took 4,402 milliseconds, but should not have lasted longer than 2,000 milliseconds.",60763,248,31,31,https://restful-booker.herokuapp.com/booking,2501,0,0
1789684038694,132,UpdateBooking - PATCH,200,OK,Thread Group 1-957,text,true,,910,333,30,30,https://restful-booker.herokuapp.com/booking/4230,132,0,0
1789684038775,131,DeleteBooking,200,OK,Thread Group 1-731,text,true,,914,253,30,30,https://restful-booker.herokuapp.com/booking/4047,131,0,0
1789684038795,135,CreateBooking,200,OK,Thread Group 1-991,text,true,,941,518,29,29,https://restful-booker.herokuapp.com/booking,135,0,0
1789684034791,4172,Get Booking IDs,200,OK,Thread Group 1-910,text,false,"The operation lasted too long: It took 4,172 milliseconds, but should not have lasted longer than 2,000 milliseconds.",60820,248,29,29,https://restful-booker.herokuapp.com/booking,1686,0,0
1789684038856,131,UpdateBooking - PATCH,200,OK,Thread Group 1-844,text,true,,914,333,28,28,https://restful-booker.herokuapp.com/booking/4221,131,0,0
1789684032262,6811,Get Booking IDs,200,OK,Thread Group 1-683,text,false,"The operation lasted too long: It took 6,811 milliseconds, but should not have lasted longer than 2,000 milliseconds.",59007,248,28,28,https://restful-booker.herokuapp.com/booking,270,0,0
1789684038955,131,DeleteBooking,200,OK,Thread Group 1-464,text,true,,914,253,27,27,https://restful-booker.herokuapp.com/booking/4106,131,0,0
1789684038957,132,UpdateBooking - PATCH,200,OK,Thread Group 1-939,text,true,,914,333,26,26,https://restful-booker.herokuapp.com/booking/4241,132,0,0
1789684038985,132,DeleteBooking,200,OK,Thread Group 1-957,text,true,,914,253,26,26,https://restful-booker.herokuapp.com/booking/4230,132,0,0
1789684039098,133,UpdateBooking - PUT,200,OK,Thread Group 1-724,text,true,,914,524,25,25,https://restful-booker.herokuapp.com/booking/4089,133,0,0
1789684039098,134,UpdateBooking - PATCH,200,OK,Thread Group 1-811,text,true,,914,333,25,25,https://restful-booker.herokuapp.com/booking/4172,134,0,0
1789684039140,134,Get Booking,200,OK,Thread Group 1-991,text,true,,912,253,25,25,https://restful-booker.herokuapp.com/booking/4337,134,0,0
1789684039158,130,UpdateBooking - PUT,200,OK,Thread Group 1-851,text,true,,914,524,25,25,https://restful-booker.herokuapp.com/booking/4219,130,0,0
1789684039164,132,DeleteBooking,200,OK,Thread Group 1-984,text,true,,914,253,25,25,https://restful-booker.herokuapp.com/booking/4278,132,0,0
1789684039246,129,DeleteBooking,200,OK,Thread Group 1-844,text,true,,914,253,24,24,https://restful-booker.herokuapp.com/booking/4221,129,0,0
1789684032521,6960,Get Booking IDs,200,OK,Thread Group 1-691,text,false,"The operation lasted too long: It took 6,960 milliseconds, but should not have lasted longer than 2,000 milliseconds.",59786,248,23,23,https://restful-booker.herokuapp.com/booking,5367,0,0
1789684032140,7347,Get Booking IDs,200,OK,Thread Group 1-698,text,false,"The operation lasted too long: It took 7,347 milliseconds, but should not have lasted longer than 2,000 milliseconds.",58570,248,23,23,https://restful-booker.herokuapp.com/booking,1019,0,0
1789684033473,6035,Get Booking IDs,200,OK,Thread Group 1-794,text,false,"The operation lasted too long: It took 6,035 milliseconds, but should not have lasted longer than 2,000 milliseconds.",60584,248,22,22,https://restful-booker.herokuapp.com/booking,2438,0,0
1789684037371,2203,DeleteBooking,200,OK,Thread Group 1-584,text,false,"The operation lasted too long: It took 2,203 milliseconds, but should not have lasted longer than 2,000 milliseconds.",918,253,21,21,https://restful-booker.herokuapp.com/booking/3998,2203,0,0
1789684039456,133,UpdateBooking - PATCH,200,OK,Thread Group 1-724,text,true,,914,333,20,20,https://restful-booker.herokuapp.com/booking/4089,133,0,0
1789684033575,6021,Get Booking IDs,200,OK,Thread Group 1-850,text,false,"The operation lasted too long: It took 6,021 milliseconds, but should not have lasted longer than 2,000 milliseconds.",60603,248,20,20,https://restful-booker.herokuapp.com/booking,2111,0,0
1789684039532,133,DeleteBooking,200,OK,Thread Group 1-939,text,true,,914,253,19,19,https://restful-booker.herokuapp.com/booking/4241,133,0,0
1789684037975,1732,Get Booking IDs,200,OK,Thread Group 1-817,text,true,,61131,248,18,18,https://restful-booker.herokuapp.com/booking,267,0,0
1789684039575,133,DeleteBooking,200,OK,Thread Group 1-811,text,true,,914,253,18,18,https://restful-booker.herokuapp.com/booking/4172,133,0,0
1789684039628,130,UpdateBooking - PATCH,200,OK,Thread Group 1-851,text,true,,914,333,17,17,https://restful-booker.herokuapp.com/booking/4219,130,0,0
1789684039650,135,UpdateBooking - PUT,200,OK,Thread Group 1-691,text,true,,914,524,17,17,https://restful-booker.herokuapp.com/booking/4074,135,0,0
1789684036469,3434,Get Booking IDs,200,OK,Thread Group 1-976,text,false,"The operation lasted too long: It took 3,434 milliseconds, but should not have lasted longer than 2,000 milliseconds.",61025,248,17,17,https://restful-booker.herokuapp.com/booking,2278,0,0
1789684039982,133,DeleteBooking,200,OK,Thread Group 1-724,text,true,,914,253,16,16,https://restful-booker.herokuapp.com/booking/4089,133,0,0
1789684040097,130,DeleteBooking,200,OK,Thread Group 1-851,text,true,,914,253,15,15,https://restful-booker.herokuapp.com/booking/4219,130,0,0
1789684032695,7534,Get Booking IDs,200,OK,Thread Group 1-620,text,false,"The operation lasted too long: It took 7,534 milliseconds, but should not have lasted longer than 2,000 milliseconds.",60242,248,14,14,https://restful-booker.herokuapp.com/booking,1250,0,0
1789684038685,1555,Get Booking IDs,200,OK,Thread Group 1-924,text,true,,61188,248,13,13,https://restful-booker.herokuapp.com/booking,391,0,0
1789684040147,135,UpdateBooking - PUT,200,OK,Thread Group 1-817,text,true,,914,524,13,13,https://restful-booker.herokuapp.com/booking/4189,135,0,0
1789684032348,7964,Get Booking IDs,200,OK,Thread Group 1-616,text,false,"The operation lasted too long: It took 7,964 milliseconds, but should not have lasted longer than 2,000 milliseconds.",59349,248,13,13,https://restful-booker.herokuapp.com/booking,282,0,0
1789684040220,140,UpdateBooking - PATCH,200,OK,Thread Group 1-691,text,true,,914,333,12,12,https://restful-booker.herokuapp.com/booking/4074,140,0,0
1789684032778,7597,Get Booking IDs,200,OK,Thread Group 1-744,text,false,"The operation lasted too long: It took 7,597 milliseconds, but should not have lasted longer than 2,000 milliseconds.",60356,248,12,12,https://restful-booker.herokuapp.com/booking,5740,0,0
1789684040521,132,UpdateBooking - PUT,200,OK,Thread Group 1-924,text,true,,914,524,12,12,https://restful-booker.herokuapp.com/booking/4199,132,0,0
1789684040603,134,DeleteBooking,200,OK,Thread Group 1-691,text,true,,914,253,12,12,https://restful-booker.herokuapp.com/booking/4074,134,0,0
1789684040659,134,UpdateBooking - PATCH,200,OK,Thread Group 1-817,text,true,,914,333,11,11,https://restful-booker.herokuapp.com/booking/4189,134,0,0
1789684040680,131,UpdateBooking - PUT,200,OK,Thread Group 1-744,text,true,,914,524,11,11,https://restful-booker.herokuapp.com/booking/4088,131,0,0
1789684039649,1341,Get Booking IDs,200,OK,Thread Group 1-991,text,true,,61325,248,11,11,https://restful-booker.herokuapp.com/booking,270,0,0
1789684040910,131,UpdateBooking - PATCH,200,OK,Thread Group 1-924,text,true,,922,333,11,11,https://restful-booker.herokuapp.com/booking/4199,131,0,0
1789684041114,131,UpdateBooking - PATCH,200,OK,Thread Group 1-744,text,true,,922,333,11,11,https://restful-booker.herokuapp.com/booking/4088,131,0,0
1789684041161,135,DeleteBooking,200,OK,Thread Group 1-817,text,true,,922,253,11,11,https://restful-booker.herokuapp.com/booking/4189,135,0,0
1789684032288,9014,Get Booking IDs,200,OK,Thread Group 1-681,text,false,"The operation lasted too long: It took 9,014 milliseconds, but should not have lasted longer than 2,000 milliseconds.",59102,248,10,10,https://restful-booker.herokuapp.com/booking,5134,0,0
1789684033938,7410,Get Booking IDs,200,OK,Thread Group 1-797,text,false,"The operation lasted too long: It took 7,410 milliseconds, but should not have lasted longer than 2,000 milliseconds.",60687,248,9,9,https://restful-booker.herokuapp.com/booking,369,0,0
1789684041321,135,UpdateBooking - PUT,200,OK,Thread Group 1-991,text,true,,922,524,9,9,https://restful-booker.herokuapp.com/booking/4337,135,0,0
1789684041376,131,DeleteBooking,200,OK,Thread Group 1-924,text,true,,922,253,9,9,https://restful-booker.herokuapp.com/booking/4199,131,0,0
1789684032231,9357,Get Booking IDs,200,OK,Thread Group 1-637,text,false,"The operation lasted too long: It took 9,357 milliseconds, but should not have lasted longer than 2,000 milliseconds.",58950,248,8,8,https://restful-booker.herokuapp.com/booking,4870,0,0
1789684041661,133,UpdateBooking - PUT,200,OK,Thread Group 1-797,text,true,,922,524,8,8,https://restful-booker.herokuapp.com/booking/4135,133,0,0
1789684041677,132,DeleteBooking,200,OK,Thread Group 1-744,text,true,,922,253,8,8,https://restful-booker.herokuapp.com/booking/4088,132,0,0
1789684041809,135,UpdateBooking - PATCH,200,OK,Thread Group 1-991,text,true,,918,333,7,7,https://restful-booker.herokuapp.com/booking/4337,135,0,0
1789684041903,132,UpdateBooking - PUT,200,OK,Thread Group 1-637,text,true,,918,524,7,7,https://restful-booker.herokuapp.com/booking/4051,132,0,0
1789684041996,138,UpdateBooking - PATCH,200,OK,Thread Group 1-797,text,true,,918,333,7,7,https://restful-booker.herokuapp.com/booking/4135,138,0,0
1789684042279,134,DeleteBooking,200,OK,Thread Group 1-797,text,true,,918,253,7,7,https://restful-booker.herokuapp.com/booking/4135,134,0,0
1789684042289,135,DeleteBooking,200,OK,Thread Group 1-991,text,true,,918,253,6,6,https://restful-booker.herokuapp.com/booking/4337,135,0,0
1789684032132,10321,Get Booking IDs,200,OK,Thread Group 1-651,text,false,"The operation lasted too long: It took 10,321 milliseconds, but should not have lasted longer than 2,000 milliseconds.",58532,248,5,5,https://restful-booker.herokuapp.com/booking,284,0,0
1789684032060,10457,Get Booking IDs,200,OK,Thread Group 1-600,text,false,"The operation lasted too long: It took 10,457 milliseconds, but should not have lasted longer than 2,000 milliseconds.",58361,248,5,5,https://restful-booker.herokuapp.com/booking,264,0,0
1789684042438,130,UpdateBooking - PATCH,200,OK,Thread Group 1-637,text,true,,918,333,4,4,https://restful-booker.herokuapp.com/booking/4051,130,0,0
1789684032314,10485,Get Booking IDs,200,OK,Thread Group 1-614,text,false,"The operation lasted too long: It took 10,485 milliseconds, but should not have lasted longer than 2,000 milliseconds.",59216,248,4,4,https://restful-booker.herokuapp.com/booking,282,0,0
1789684042764,132,UpdateBooking - PUT,200,OK,Thread Group 1-651,text,true,,914,524,3,3,https://restful-booker.herokuapp.com/booking/4028,132,0,0
1789684042783,131,DeleteBooking,200,OK,Thread Group 1-637,text,true,,914,253,3,3,https://restful-booker.herokuapp.com/booking/4051,131,0,0
1789684042964,132,UpdateBooking - PATCH,200,OK,Thread Group 1-651,text,true,,914,333,2,2,https://restful-booker.herokuapp.com/booking/4028,132,0,0
1789684032228,10966,Get Booking IDs,200,OK,Thread Group 1-703,text,false,"The operation lasted too long: It took 10,966 milliseconds, but should not have lasted longer than 2,000 milliseconds.",58912,248,2,2,https://restful-booker.herokuapp.com/booking,9763,0,0
1789684043356,138,DeleteBooking,200,OK,Thread Group 1-651,text,true,,914,253,1,1,https://restful-booker.herokuapp.com/booking/4028,138,0,0
